{
  "deleted": false,
  "DATA": {
    "flags": 2,
    "grid": [-1,26]
  },
  "NAME": null,
  "RGNN": "Sheogorad",
  "WHGT": null,
  "NAM5": null,
  "AMBI": null,
  "FRMR": {
    "0-430210": {
      "deleted": false,
      "persistent": false,
      "initially_disabled": false,
      "blocked": false,
      "NAME": "Ex_T_menhir_L_01",
      "XSCL": 2,
      "DATA": [-6921.8662109375,215457.28125,-2356.13427734375,0,0,5.5168137550354]
    },
    "0-430211": {
      "deleted": false,
      "persistent": false,
      "initially_disabled": false,
      "blocked": false,
      "NAME": "Ex_T_menhir_L_01",
      "XSCL": 2,
      "DATA": [-5638.7314453125,214431.078125,-1824.0286865234375,0,0,2.2168149948120117]
    },
    "0-430212": {
      "deleted": false,
      "persistent": false,
      "initially_disabled": false,
      "blocked": false,
      "NAME": "Ex_T_menhir_L_01",
      "XSCL": 2,
      "DATA": [-3279.88134765625,214366.921875,-2378.8720703125,0,0,0.8168141841888428]
    },
    "0-430213": {
      "deleted": false,
      "persistent": false,
      "initially_disabled": false,
      "blocked": false,
      "NAME": "Ex_T_menhir_L_01",
      "XSCL": 2,
      "DATA": [-3828.760986328125,213709.203125,-1814.3294677734375,0,0,3.016813039779663]
    },
    "0-430214": {
      "deleted": false,
      "persistent": false,
      "initially_disabled": false,
      "blocked": false,
      "NAME": "Ex_T_menhir_L_01",
      "XSCL": 2,
      "DATA": [-2164.29931640625,214705.484375,-1488.5765380859375,0,0,4.016814708709717]
    },
    "0-430215": {
      "deleted": false,
      "persistent": false,
      "initially_disabled": false,
      "blocked": false,
      "NAME": "Ex_T_menhir_L_01",
      "XSCL": 2,
      "DATA": [-1398.691162109375,213640.703125,-1840.4871826171875,0,0,1.2336266040802002]
    },
    "0-430216": {
      "deleted": false,
      "persistent": false,
      "initially_disabled": false,
      "blocked": false,
      "NAME": "Ex_T_menhir_L_01",
      "XSCL": 2,
      "DATA": [-904.4893188476562,215293.265625,-1645.8421630859375,0,0,4.216813564300537]
    },
    "0-430217": {
      "deleted": false,
      "persistent": false,
      "initially_disabled": false,
      "blocked": false,
      "NAME": "Ex_T_menhir_L_01",
      "XSCL": 2,
      "DATA": [-2146.46728515625,215720.828125,-1662.3392333984375,0,0,5.616813659667969]
    },
    "0-430218": {
      "deleted": false,
      "persistent": false,
      "initially_disabled": false,
      "blocked": false,
      "NAME": "Ex_T_menhir_L_01",
      "XSCL": 2,
      "DATA": [-5529.30517578125,213516.921875,-1994.8477783203125,0,0,1.0999984741210938]
    },
    "0-430219": {
      "deleted": false,
      "persistent": false,
      "initially_disabled": false,
      "blocked": false,
      "NAME": "Ex_T_menhir_L_01",
      "XSCL": 2,
      "DATA": [-7399.9736328125,214544.5,-2361.985107421875,0,0,3.3168137073516846]
    }
  }
}