{
  "deleted": false,
  "DATA": {
    "flags": 2,
    "grid": [-10,-4]
  },
  "NAME": null,
  "RGNN": "Bitter Coast Region",
  "WHGT": null,
  "NAM5": null,
  "AMBI": null,
  "FRMR": {
    "0-465603": {
      "deleted": false,
      "persistent": false,
      "initially_disabled": false,
      "blocked": false,
      "NAME": "terrain_rock_bc_15",
      "XSCL": 2,
      "DATA": [-74003.0546875,-29731.5,-1890.0648193359375,0,0,1.5663700103759766]
    },
    "0-465604": {
      "deleted": false,
      "persistent": false,
      "initially_disabled": false,
      "blocked": false,
      "NAME": "terrain_rock_bc_17",
      "XSCL": 2,
      "DATA": [-74041.4375,-28184.484375,-2343.72509765625,0,0,1.5663690567016602]
    },
    "0-465605": {
      "deleted": false,
      "persistent": false,
      "initially_disabled": false,
      "blocked": false,
      "NAME": "terrain_rock_bc_15",
      "XSCL": 2,
      "DATA": [-74341.453125,-28359.9609375,-2117.49853515625,0,0,2.266371250152588]
    },
    "0-465606": {
      "deleted": false,
      "persistent": false,
      "initially_disabled": false,
      "blocked": false,
      "NAME": "terrain_rock_bc_17",
      "XSCL": 2,
      "DATA": [-74040.9453125,-29345.306640625,-2062.944580078125,0,0,0.36636942625045776]
    }
  }
}