{
  "deleted": false,
  "DATA": {
    "flags": 2,
    "grid": [-10,-3]
  },
  "NAME": null,
  "RGNN": "Bitter Coast Region",
  "WHGT": null,
  "NAM5": null,
  "AMBI": null,
  "FRMR": {
    "0-465601": {
      "deleted": false,
      "persistent": false,
      "initially_disabled": false,
      "blocked": false,
      "NAME": "terrain_rock_bc_14",
      "XSCL": 2,
      "DATA": [-73941.2890625,-17079.794921875,-497.4620666503906,0,0,3.599997043609619]
    },
    "0-465602": {
      "deleted": false,
      "persistent": false,
      "initially_disabled": false,
      "blocked": false,
      "NAME": "terrain_rock_bc_16",
      "XSCL": 2,
      "DATA": [-73766.09375,-16709.146484375,-645.956787109375,6.183185577392578,0,4.299997329711914]
    }
  }
}