{
  "deleted": false,
  "DATA": {
    "flags": 2,
    "grid": [-10,3]
  },
  "NAME": null,
  "RGNN": "Bitter Coast Region",
  "WHGT": null,
  "NAM5": null,
  "AMBI": null,
  "FRMR": {
    "0-465379": {
      "deleted": false,
      "persistent": false,
      "initially_disabled": false,
      "blocked": false,
      "NAME": "terrain_rock_bc_16",
      "XSCL": 2,
      "DATA": [-74082.9921875,30166.642578125,-862.5392456054688,0,0,3.049556255340576]
    },
    "0-465380": {
      "deleted": false,
      "persistent": false,
      "initially_disabled": false,
      "blocked": false,
      "NAME": "terrain_rock_bc_15",
      "XSCL": 2,
      "DATA": [-74532.875,30488.337890625,-746.5217895507812,0,0,2.3495564460754395]
    },
    "0-465381": {
      "deleted": false,
      "persistent": false,
      "initially_disabled": false,
      "blocked": false,
      "NAME": "terrain_rock_bc_17",
      "XSCL": 2,
      "DATA": [-74503.5625,31001.6015625,-859.5499877929688,0,0,2.1495556831359863]
    },
    "0-465382": {
      "deleted": false,
      "persistent": false,
      "initially_disabled": false,
      "blocked": false,
      "NAME": "terrain_rock_bc_14",
      "XSCL": 2,
      "DATA": [-74586.3984375,30114.357421875,-796.1066284179688,0,0,4.649557113647461]
    },
    "0-465383": {
      "deleted": false,
      "persistent": false,
      "initially_disabled": false,
      "blocked": false,
      "NAME": "terrain_rock_bc_15",
      "XSCL": 2,
      "DATA": [-73852.296875,31700.52734375,-930.568359375,0,0,3.049557685852051]
    },
    "0-465384": {
      "deleted": false,
      "persistent": false,
      "initially_disabled": false,
      "blocked": false,
      "NAME": "terrain_rock_bc_14",
      "XSCL": 2,
      "DATA": [-73972.09375,24756.419921875,-445.27691650390625,0,0,3.166369915008545]
    },
    "0-465385": {
      "deleted": false,
      "persistent": false,
      "initially_disabled": false,
      "blocked": false,
      "NAME": "terrain_rock_bc_16",
      "XSCL": 2,
      "DATA": [-73968.8515625,25166.40625,-371.5799560546875,6.183185577392578,0,3.8663697242736816]
    },
    "0-465386": {
      "deleted": false,
      "persistent": false,
      "initially_disabled": false,
      "blocked": false,
      "NAME": "terrain_rock_bc_18",
      "XSCL": 2,
      "DATA": [-76075.8125,25219.05859375,-623.4418334960938,0,0,4.349555969238281]
    },
    "0-465387": {
      "deleted": false,
      "persistent": false,
      "initially_disabled": false,
      "blocked": false,
      "NAME": "terrain_rock_bc_16",
      "XSCL": 2,
      "DATA": [-76019.390625,26025.86328125,-866.5135498046875,0,0,3.9495575428009033]
    },
    "0-465388": {
      "deleted": false,
      "persistent": false,
      "initially_disabled": false,
      "blocked": false,
      "NAME": "terrain_rock_bc_15",
      "XSCL": 2,
      "DATA": [-75494.875,26089.3984375,-750.7565307617188,0,0,4.949556350708008]
    },
    "0-465389": {
      "deleted": false,
      "persistent": false,
      "initially_disabled": false,
      "blocked": false,
      "NAME": "terrain_rock_bc_17",
      "XSCL": 2,
      "DATA": [-75255.40625,25634.47265625,-863.7850952148438,0,0,4.749555587768555]
    },
    "0-465390": {
      "deleted": false,
      "persistent": false,
      "initially_disabled": false,
      "blocked": false,
      "NAME": "terrain_rock_bc_14",
      "XSCL": 2,
      "DATA": [-75641.796875,26437.447265625,-800.3414916992188,0,0,0.9663715362548828]
    },
    "0-465391": {
      "deleted": false,
      "persistent": false,
      "initially_disabled": false,
      "blocked": false,
      "NAME": "terrain_rock_bc_15",
      "XSCL": 2,
      "DATA": [-75453.171875,24699.853515625,-934.8035888671875,0,0,5.649557590484619]
    },
    "0-465392": {
      "deleted": false,
      "persistent": false,
      "initially_disabled": false,
      "blocked": false,
      "NAME": "terrain_rock_bc_18",
      "XSCL": 2,
      "DATA": [-77026.984375,24681.755859375,-437.0618896484375,0,0,2.1663742065429688]
    },
    "0-465393": {
      "deleted": false,
      "persistent": false,
      "initially_disabled": false,
      "blocked": false,
      "NAME": "Flora_kelp_04",
      "DATA": [-75803.3125,28341.40625,-748.7146606445312,0,0.20000000298023224,4.666370391845703]
    },
    "0-465394": {
      "deleted": false,
      "persistent": false,
      "initially_disabled": false,
      "blocked": false,
      "NAME": "Flora_kelp_02",
      "XSCL": 1.540000081062317,
      "DATA": [-76012.1015625,28128.46484375,-667.8826293945312,0,0,3.2663683891296387]
    },
    "0-465395": {
      "deleted": false,
      "persistent": false,
      "initially_disabled": false,
      "blocked": false,
      "NAME": "terrain_rock_bc_14",
      "XSCL": 2,
      "DATA": [-77396.0390625,28647.57421875,-798.1749267578125,0,0,4.766372203826904]
    },
    "0-465396": {
      "deleted": false,
      "persistent": false,
      "initially_disabled": false,
      "blocked": false,
      "NAME": "blue coast ref 1024",
      "DATA": [-76156.359375,28230.359375,-599.6522216796875,0,0,3.6663684844970703]
    },
    "0-465397": {
      "deleted": false,
      "persistent": false,
      "initially_disabled": false,
      "blocked": false,
      "NAME": "kollop_03_pearl",
      "XSCL": 0.7200000286102295,
      "DATA": [-76150.0859375,28268.306640625,-747.5546875,0.19999894499778748,5.683185577392578,0.16637000441551208]
    },
    "0-465398": {
      "deleted": false,
      "persistent": false,
      "initially_disabled": false,
      "blocked": false,
      "NAME": "Flora_kelp_03",
      "XSCL": 1.2000000476837158,
      "DATA": [-75959.1875,28539.07421875,-750.7073364257812,0,6.08318567276001,3.6663684844970703]
    },
    "0-465399": {
      "deleted": false,
      "persistent": false,
      "initially_disabled": false,
      "blocked": false,
      "NAME": "Flora_kelp_03",
      "XSCL": 1.2000000476837158,
      "DATA": [-76152.59375,28440.69921875,-709.145263671875,0,6.08318567276001,4.066370964050293]
    },
    "0-465400": {
      "deleted": false,
      "persistent": false,
      "initially_disabled": false,
      "blocked": false,
      "NAME": "Flora_kelp_02",
      "XSCL": 1.540000081062317,
      "DATA": [-76034.953125,28274.32421875,-662.302734375,0,0,3.2663683891296387]
    },
    "0-465401": {
      "deleted": false,
      "persistent": false,
      "initially_disabled": false,
      "blocked": false,
      "NAME": "kollop_03_pearl",
      "XSCL": 0.800000011920929,
      "DATA": [-75898.3046875,28509.703125,-808.1505737304688,0,0,1.0663681030273438]
    },
    "0-465402": {
      "deleted": false,
      "persistent": false,
      "initially_disabled": false,
      "blocked": false,
      "NAME": "Flora_kelp_02",
      "XSCL": 1.540000081062317,
      "DATA": [-76265.625,28077.546875,-604.4959716796875,0,0,3.2663683891296387]
    },
    "0-465403": {
      "deleted": false,
      "persistent": false,
      "initially_disabled": false,
      "blocked": false,
      "NAME": "Flora_kelp_02",
      "XSCL": 1.540000081062317,
      "DATA": [-76315.0390625,28227.6328125,-614.3797607421875,0,0,3.2663683891296387]
    },
    "0-465404": {
      "deleted": false,
      "persistent": false,
      "initially_disabled": false,
      "blocked": false,
      "NAME": "Flora_kelp_01",
      "XSCL": 1.4300000667572021,
      "DATA": [-76166.1875,27992.94140625,-629.5565185546875,0,0,4.866370677947998]
    },
    "0-465405": {
      "deleted": false,
      "persistent": false,
      "initially_disabled": false,
      "blocked": false,
      "NAME": "terrain_rock_bc_15",
      "XSCL": 2,
      "DATA": [-77418.3515625,29025.5234375,-1011.5541381835938,0.10000000149011612,0.20000000298023224,1.8663722276687622]
    },
    "0-465406": {
      "deleted": false,
      "persistent": false,
      "initially_disabled": false,
      "blocked": false,
      "NAME": "terrain_rock_bc_17",
      "XSCL": 2,