{
  "deleted": false,
  "DATA": {
    "flags": 2,
    "grid": [-10,-1]
  },
  "NAME": null,
  "RGNN": "Bitter Coast Region",
  "WHGT": null,
  "NAM5": null,
  "AMBI": null,
  "FRMR": {
    "0-465580": {
      "deleted": false,
      "persistent": false,
      "initially_disabled": false,
      "blocked": false,
      "NAME": "terrain_rock_bc_15",
      "XSCL": 2,
      "DATA": [-76541.203125,-3914.39208984375,-966.6119384765625,0.10000000149011612,0.20000000298023224,1.583185076713562]
    },
    "0-465581": {
      "deleted": false,
      "persistent": false,
      "initially_disabled": false,
      "blocked": false,
      "NAME": "terrain_rock_bc_14",
      "XSCL": 2,
      "DATA": [-76414.1640625,-4271.0595703125,-899.3292236328125,0,0,4.483185291290283]
    },
    "0-465582": {
      "deleted": false,
      "persistent": false,
      "initially_disabled": false,
      "blocked": false,
      "NAME": "terrain_rock_bc_16",
      "XSCL": 2,
      "DATA": [-74779.9375,-7504.123046875,-972.1300659179688,0,0,2.283186197280884]
    },
    "0-465583": {
      "deleted": false,
      "persistent": false,
      "initially_disabled": false,
      "blocked": false,
      "NAME": "terrain_rock_bc_17",
      "XSCL": 2,
      "DATA": [-75452.875,-7302.99853515625,-1067.7864990234375,0,0,0.08318519592285156]
    },
    "0-465584": {
      "deleted": false,
      "persistent": false,
      "initially_disabled": false,
      "blocked": false,
      "NAME": "terrain_rock_bc_15",
      "XSCL": 2,
      "DATA": [-75222.0390625,-7812.736328125,-1002.665771484375,0,0,1.2831878662109375]
    },
    "0-465585": {
      "deleted": false,
      "persistent": false,
      "initially_disabled": false,
      "blocked": false,
      "NAME": "terrain_rock_bc_18",
      "XSCL": 2,
      "DATA": [-74774.03125,-6944.04296875,-1030.7908935546875,0,0,1.2831878662109375]
    },
    "0-465586": {
      "deleted": false,
      "persistent": false,
      "initially_disabled": false,
      "blocked": false,
      "NAME": "terrain_rock_bc_14",
      "XSCL": 2,
      "DATA": [-73945.5625,-8139.1865234375,-1011.283203125,0,0,3.5831856727600098]
    },
    "0-465587": {
      "deleted": false,
      "persistent": false,
      "initially_disabled": false,
      "blocked": false,
      "NAME": "terrain_rock_bc_17",
      "XSCL": 2,
      "DATA": [-76197.921875,-3497.966552734375,-999.0294189453125,0,0,0.9831832647323608]
    },
    "0-465588": {
      "deleted": false,
      "persistent": false,
      "initially_disabled": false,
      "blocked": false,
      "NAME": "terrain_rock_bc_16",
      "XSCL": 2,
      "DATA": [-75891.9453125,-3916.10986328125,-832.5147705078125,0,0,4.283184051513672]
    },
    "0-465589": {
      "deleted": false,
      "persistent": false,
      "initially_disabled": false,
      "blocked": false,
      "NAME": "Flora_kelp_04",
      "DATA": [-75097.1171875,-3811.80810546875,-881.8141479492188,0,0,2.7831814289093018]
    },
    "0-465590": {
      "deleted": false,
      "persistent": false,
      "initially_disabled": false,
      "blocked": false,
      "NAME": "blue coast ref 1024",
      "DATA": [-75107.2890625,-4325.2578125,-789.9982299804688,0,0,3.3831825256347656]
    },
    "0-465591": {
      "deleted": false,
      "persistent": false,
      "initially_disabled": false,
      "blocked": false,
      "NAME": "kollop_03_pearl",
      "XSCL": 0.7200000286102295,
      "DATA": [-75112.8359375,-4289.08251953125,-1008.6837158203125,6.083184719085693,5.983185291290283,6.166369915008545]
    },
    "0-465592": {
      "deleted": false,
      "persistent": false,
      "initially_disabled": false,
      "blocked": false,
      "NAME": "Flora_kelp_03",
      "XSCL": 1.2000000476837158,
      "DATA": [-75004.25,-3973.761474609375,-902.5939331054688,0,6.08318567276001,3.3831825256347656]
    },
    "0-465593": {
      "deleted": false,
      "persistent": false,
      "initially_disabled": false,
      "blocked": false,
      "NAME": "Flora_kelp_03",
      "XSCL": 1.2000000476837158,
      "DATA": [-75162.4453125,-4122.265625,-894.786865234375,0,6.08318567276001,3.783184289932251]
    },
    "0-465594": {
      "deleted": false,
      "persistent": false,
      "initially_disabled": false,
      "blocked": false,
      "NAME": "Flora_kelp_02",
      "XSCL": 1.540000081062317,
      "DATA": [-75002.9921875,-4249.123046875,-918.8466186523438,0,0,2.983181953430176]
    },
    "0-465595": {
      "deleted": false,
      "persistent": false,
      "initially_disabled": false,
      "blocked": false,
      "NAME": "kollop_03_pearl",
      "XSCL": 0.800000011920929,
      "DATA": [-74937.5625,-3984.951904296875,-1004.7462768554688,6.183185577392578,6.08318567276001,0.7831825613975525]
    },
    "0-465596": {
      "deleted": false,
      "persistent": false,
      "initially_disabled": false,
      "blocked": false,
      "NAME": "Flora_kelp_04",
      "DATA": [-74799.359375,-4120.0048828125,-1026.09765625,0,0.20000000298023224,4.383183002471924]
    },
    "0-465597": {
      "deleted": false,
      "persistent": false,
      "initially_disabled": false,
      "blocked": false,
      "NAME": "Flora_kelp_02",
      "XSCL": 1.540000081062317,
      "DATA": [-75169.5,-4502.513671875,-898.053955078125,0,0,2.983181953430176]
    },
    "0-465598": {
      "deleted": false,
      "persistent": false,
      "initially_disabled": false,
      "blocked": false,
      "NAME": "Flora_kelp_02",
      "XSCL": 1.540000081062317,
      "DATA": [-75258.890625,-4372.2197265625,-860.322509765625,0,0,2.983181953430176]
    },
    "0-465599": {
      "deleted": false,
      "persistent": false,
      "initially_disabled": false,
      "blocked": false,
      "NAME": "Flora_kelp_02",
      "XSCL": 1.540000081062317,
      "DATA": [-74940.3046875,-4382.7939453125,-969.9829711914062,0,0,2.983181953430176]
    },
    "0-465600": {
      "deleted": false,
      "persistent": false,
      "initially_disabled": false,
      "blocked": false,
      "NAME": "Flora_kelp_01",
      "XSCL": 1.4300000667572021,
      "DATA": [-75050.3671875,-4555.9560546875,-964.5660400390625,0,0,4.583183288574219]
    }
  }
}