{
  "deleted": false,
  "DATA": {
    "flags": 2,
    "grid": [-10,19]
  },
  "NAME": null,
  "RGNN": "West Gash Region",
  "WHGT": null,
  "NAM5": null,
  "AMBI": null,
  "FRMR": {
    "0-415360": {
      "deleted": false,
      "persistent": false,
      "initially_disabled": false,
      "blocked": false,
      "NAME": "terrain_rock_wg_10",
      "XSCL": 2,
      "DATA": [-80030.9375,157836.515625,-449.71173095703125,0,0,1.0168133974075317]
    },
    "0-415361": {
      "deleted": false,
      "persistent": false,
      "initially_disabled": false,
      "blocked": false,
      "NAME": "terrain_rock_wg_10",
      "XSCL": 2,
      "DATA": [-81673.6953125,156424.296875,-238.13360595703125,0,0,4.199999809265137]
    },
    "0-415362": {
      "deleted": false,
      "persistent": false,
      "initially_disabled": false,
      "blocked": false,
      "NAME": "terrain_rock_wg_10",
      "XSCL": 2,
      "DATA": [-76432.5,156299.140625,-1116.896240234375,0,0,5.199999809265137]
    }
  }
}