{
  "deleted": false,
  "DATA": {
    "flags": 2,
    "grid": [-11,19]
  },
  "NAME": null,
  "RGNN": "West Gash Region",
  "WHGT": null,
  "NAM5": null,
  "AMBI": null,
  "FRMR": {
    "0-413178": {
      "deleted": false,
      "persistent": false,
      "initially_disabled": false,
      "blocked": false,
      "NAME": "terrain_rock_wg_10",
      "XSCL": 2,
      "DATA": [-89438.78125,157225.265625,-1145.8448486328125,0,0,4.999998569488525]
    },
    "0-413179": {
      "deleted": false,
      "persistent": false,
      "initially_disabled": false,
      "blocked": false,
      "NAME": "terrain_rock_wg_10",
      "XSCL": 2,
      "DATA": [-87584.578125,157213.671875,-883.6998291015625,0,0,0.31681305170059204]
    }
  }
}