{
  "deleted": false,
  "DATA": {
    "flags": 2,
    "grid": [-11,5]
  },
  "NAME": null,
  "RGNN": "Bitter Coast Region",
  "WHGT": null,
  "NAM5": null,
  "AMBI": null,
  "FRMR": {
    "0-465607": {
      "deleted": false,
      "persistent": false,
      "initially_disabled": false,
      "blocked": false,
      "NAME": "terrain_rock_bc_14",
      "XSCL": 2,
      "DATA": [-85699.6171875,43307.69921875,-1192.6278076171875,0,0,2.966370105743408]
    },
    "0-465608": {
      "deleted": false,
      "persistent": false,
      "initially_disabled": false,
      "blocked": false,
      "NAME": "terrain_rock_bc_16",
      "XSCL": 2,
      "DATA": [-85777.890625,43710.171875,-1118.9310302734375,6.183185577392578,0,3.666369676589966]
    },
    "0-465609": {
      "deleted": false,
      "persistent": false,
      "initially_disabled": false,
      "blocked": false,
      "NAME": "terrain_rock_bc_17",
      "XSCL": 2,
      "DATA": [-84544.7421875,44343.66796875,-1167.3846435546875,0,0,5.849560260772705]
    },
    "0-465610": {
      "deleted": false,
      "persistent": false,
      "initially_disabled": false,
      "blocked": false,
      "NAME": "terrain_rock_bc_15",
      "XSCL": 2,
      "DATA": [-84112.296875,44300.05078125,-1133.13671875,0,0,1.6663737297058105]
    },
    "0-465611": {
      "deleted": false,
      "persistent": false,
      "initially_disabled": false,
      "blocked": false,
      "NAME": "terrain_rock_bc_17",
      "XSCL": 2,
      "DATA": [-84696.0078125,44855.8046875,-1015.247314453125,0,0,4.449555397033691]
    },
    "0-465612": {
      "deleted": false,
      "persistent": false,
      "initially_disabled": false,
      "blocked": false,
      "NAME": "terrain_rock_bc_15",
      "XSCL": 2,
      "DATA": [-84331.671875,45130.9140625,-784.3092041015625,0,0,5.149557590484619]
    },
    "0-465613": {
      "deleted": false,
      "persistent": false,
      "initially_disabled": false,
      "blocked": false,
      "NAME": "terrain_rock_bc_18",
      "XSCL": 2,
      "DATA": [-84873.6015625,45287.765625,-1051.65380859375,0,0,3.8495559692382812]
    },
    "0-465614": {
      "deleted": false,
      "persistent": false,
      "initially_disabled": false,
      "blocked": false,
      "NAME": "terrain_rock_bc_16",
      "XSCL": 2,
      "DATA": [-85211.8125,46138.81640625,-1471.1322021484375,0,0,5.1495561599731445]
    },
    "0-465615": {
      "deleted": false,
      "persistent": false,
      "initially_disabled": false,
      "blocked": false,
      "NAME": "terrain_rock_bc_15",
      "XSCL": 2,
      "DATA": [-84734.0078125,46582.328125,-1431.03662109375,0,0,4.449556350708008]
    },
    "0-465616": {
      "deleted": false,
      "persistent": false,
      "initially_disabled": false,
      "blocked": false,
      "NAME": "terrain_rock_bc_17",
      "XSCL": 2,
      "DATA": [-84278.75,46080.3359375,-1354.30810546875,0,0,4.249555587768555]
    },
    "0-465617": {
      "deleted": false,
      "persistent": false,
      "initially_disabled": false,
      "blocked": false,
      "NAME": "terrain_rock_bc_18",
      "XSCL": 2,
      "DATA": [-85376.703125,44394.8984375,-928.6412353515625,0,0,1.6663737297058105]
    },
    "0-465618": {
      "deleted": false,
      "persistent": false,
      "initially_disabled": false,
      "blocked": false,
      "NAME": "Flora_kelp_03",
      "XSCL": 1.5000001192092896,
      "DATA": [-84899.109375,43542.03125,-1231.689453125,0,0,4.532741546630859]
    },
    "0-465619": {
      "deleted": false,
      "persistent": false,
      "initially_disabled": false,
      "blocked": false,
      "NAME": "in_cave_plant00",
      "DATA": [-84983.9609375,43500.9296875,-1317.9742431640625,0,0,2.1327433586120605]
    },
    "0-465620": {
      "deleted": false,
      "persistent": false,
      "initially_disabled": false,
      "blocked": false,
      "NAME": "Ex_barnacles_02",
      "XSCL": 1.5200001001358032,
      "DATA": [-84927.28125,43665.26171875,-1284.2286376953125,6.183185577392578,0.09999942034482956,2.515927791595459]
    },
    "0-465621": {
      "deleted": false,
      "persistent": false,
      "initially_disabled": false,
      "blocked": false,
      "NAME": "in_cave_plant00",
      "XSCL": 1.4300000667572021,
      "DATA": [-85034.9140625,43637.90625,-1298.024169921875,0,0,1.9327455759048462]
    },
    "0-465622": {
      "deleted": false,
      "persistent": false,
      "initially_disabled": false,
      "blocked": false,
      "NAME": "blue coast ref 1024",
      "DATA": [-85106.7734375,43623.94140625,-969.5949096679688,0,0,5.832743167877197]
    },
    "0-465623": {
      "deleted": false,
      "persistent": false,
      "initially_disabled": false,
      "blocked": false,
      "NAME": "Flora_kelp_02",
      "XSCL": 1.8200000524520874,
      "DATA": [-85112.765625,43415.046875,-1122.7366943359375,0,0,4.532741546630859]
    },
    "0-465624": {
      "deleted": false,
      "persistent": false,
      "initially_disabled": false,
      "blocked": false,
      "NAME": "in_cave_plant00",
      "XSCL": 1.6200001239776611,
      "DATA": [-85176.1640625,43514.6171875,-1303.1041259765625,0,0,2.933011531829834]
    },
    "0-465625": {
      "deleted": false,
      "persistent": false,
      "initially_disabled": false,
      "blocked": false,
      "NAME": "Flora_kelp_01",
      "XSCL": 1.8200000524520874,
      "DATA": [-85342.8984375,43403.33984375,-1116.9600830078125,0,0,2.7327418327331543]
    },
    "0-465626": {
      "deleted": false,
      "persistent": false,
      "initially_disabled": false,
      "blocked": false,
      "NAME": "Flora_kelp_02",
      "XSCL": 2,
      "DATA": [-84988.4140625,43749.25,-1142.206298828125,0,0,1.3327471017837524]
    },
    "0-465627": {
      "deleted": false,
      "persistent": false,
      "initially_disabled": false,
      "blocked": false,
      "NAME": "Ex_barnacles_02",
      "XSCL": 1.5200001001358032,
      "DATA": [-85101.953125,43663.3671875,-1258.082275390625,0.000000476837158203125,0.100000761449337,1.9327436685562134]
    },
    "0-465628": {
      "deleted": false,
      "persistent": false,
      "initially_disabled": false,
      "blocked": false,
      "NAME": "Flora_kelp_01",
      "XSCL": 1.940000057220459,
      "DATA": [-85261.140625,43640.46484375,-1072.6029052734375,0,0,1.9327446222305298]
    },
    "0-465629": {
      "deleted": false,
      "persistent": false,
      "initially_disabled": false,
      "blocked": false,
      "NAME": "terrain_rock_bc_16",
      "XSCL": 2,
      "DATA": [-82537.6015625,41352.80859375,-1670.8944091796875,0,0,3.5663721561431885]
    },
    "0-465630": {
      "deleted": false,
      "persistent": false,
      "initially_disabled": false,
      "blocked": false,
      "NAME": "terrain_rock_bc_17",
      "XSCL": 2,
      "DATA": [-82571.546875,41989.39453125,-1826.9033203125,0,0,1.3663710355758667]
    },
    "0-465631": {
      "deleted": false,
      "persistent": false,
      "initially_disabled": false,
      "blocked": false,
      "NAME": "terrain_rock_bc_15",
      "XSCL": 2,
      "DATA": [-82958.96875,41689.23828125,-1805.3211669921875,0,0,2.566373348236084]
    },
    "0-465632": {
      "deleted": false,
      "persistent": false,
      "initially_disabled": false,
      "blocked": false,
      "NAME": "terrain_rock_bc_18",
      "XSCL": 2,
      "DATA": [-81998.8671875,41505.9921875,-1530.4259033203125,0,0,2.566373348236084]
    },
    "0-465633": {
      "deleted": false,
      "persistent": false,
      "initially_disabled": false,
      "blocked": false,
      "NAME": "h2o_all_lev-2",
      "DATA": [-82304.3828125,45480.51171875,-382.0954284667969,0,0,3.5999996662139893]
    }
  }
}