{
  "deleted": false,
  "DATA": {
    "flags": 2,
    "grid": [-12,18]
  },
  "NAME": null,
  "RGNN": "West Gash Region",
  "WHGT": null,
  "NAM5": null,
  "AMBI": null,
  "FRMR": {
    "0-413438": {
      "deleted": false,
      "persistent": false,
      "initially_disabled": false,
      "blocked": false,
      "NAME": "terrain_rock_wg_10",
      "XSCL": 2,
      "DATA": [-92087.5390625,151700.640625,-767.1979370117188,0,0,3.816812753677368]
    },
    "0-413439": {
      "deleted": false,
      "persistent": false,
      "initially_disabled": false,
      "blocked": false,
      "NAME": "terrain_rock_wg_10",
      "XSCL": 2,
      "DATA": [-90355.2109375,151039.390625,-1029.343017578125,0,0,2.2168126106262207]
    },
    "0-415688": {
      "deleted": false,
      "persistent": false,
      "initially_disabled": false,
      "blocked": false,
      "NAME": "terrain_rock_wg_10",
      "XSCL": 2,
      "DATA": [-90643.21875,152671.46875,-870.4332275390625,0,0,5.299998760223389]
    }
  }
}