{
  "deleted": false,
  "DATA": {
    "flags": 2,
    "grid": [-12,17]
  },
  "NAME": null,
  "RGNN": "West Gash Region",
  "WHGT": null,
  "NAM5": null,
  "AMBI": null,
  "FRMR": {
    "0-413441": {
      "deleted": false,
      "persistent": false,
      "initially_disabled": false,
      "blocked": false,
      "NAME": "terrain_rock_wg_10",
      "XSCL": 2,
      "DATA": [-97587.4921875,140903.171875,-899.225341796875,0,0,0.9168128371238708]
    },
    "0-413442": {
      "deleted": false,
      "persistent": false,
      "initially_disabled": false,
      "blocked": false,
      "NAME": "in_cave_plant00",
      "XSCL": 1.6100001335144043,
      "DATA": [-93442.8515625,139339.40625,-1129.644287109375,0,0,4.8831868171691895]
    },
    "0-413443": {
      "deleted": false,
      "persistent": false,
      "initially_disabled": false,
      "blocked": false,
      "NAME": "in_cave_plant00",
      "XSCL": 1.7400001287460327,
      "DATA": [-93388.25,139416.25,-1153.882568359375,0,0,5.683455467224121]
    },
    "0-413444": {
      "deleted": false,
      "persistent": false,
      "initially_disabled": false,
      "blocked": false,
      "NAME": "Ex_barnacles_02",
      "XSCL": 2,
      "DATA": [-93429.09375,139401.34375,-1117.2626953125,0.4000000059604645,0.30000001192092896,1.1831859350204468]
    },
    "0-413445": {
      "deleted": false,
      "persistent": false,
      "initially_disabled": false,
      "blocked": false,
      "NAME": "Flora_kelp_02",
      "XSCL": 1.8200000524520874,
      "DATA": [-93325.6484375,139383.65625,-924.4320678710938,0,0,1]
    },
    "0-413446": {
      "deleted": false,
      "persistent": false,
      "initially_disabled": false,
      "blocked": false,
      "NAME": "Flora_kelp_01",
      "XSCL": 1.8200000524520874,
      "DATA": [-93416.8359375,139475.765625,-1022.6952514648438,0,0,5.4831862449646]
    },
    "0-413447": {
      "deleted": false,
      "persistent": false,
      "initially_disabled": false,
      "blocked": false,
      "NAME": "Flora_kelp_02",
      "XSCL": 2,
      "DATA": [-93604.359375,140016.484375,-1287.78564453125,0,0,5.283187389373779]
    },
    "0-413448": {
      "deleted": false,
      "persistent": false,
      "initially_disabled": false,
      "blocked": false,
      "NAME": "Flora_kelp_01",
      "XSCL": 1.940000057220459,
      "DATA": [-93505.0234375,139920.828125,-1263.5147705078125,0,0,5.8831868171691895]
    },
    "0-413449": {
      "deleted": false,
      "persistent": false,
      "initially_disabled": false,
      "blocked": false,
      "NAME": "Flora_kelp_03",
      "XSCL": 1.5000001192092896,
      "DATA": [-93447.71875,140052.625,-1377.107177734375,0,0,2.1999998092651367]
    },
    "0-413450": {
      "deleted": false,
      "persistent": false,
      "initially_disabled": false,
      "blocked": false,
      "NAME": "Flora_kelp_01",
      "XSCL": 1.8200000524520874,
      "DATA": [-93260.125,139858.78125,-1227.56201171875,0,0,0.4000009596347809]
    },
    "0-413451": {
      "deleted": false,
      "persistent": false,
      "initially_disabled": false,
      "blocked": false,
      "NAME": "Flora_kelp_02",
      "XSCL": 1.8200000524520874,
      "DATA": [-93227.328125,139994.28125,-1337.2451171875,0,0,2.1999998092651367]
    },
    "0-413452": {
      "deleted": false,
      "persistent": false,
      "initially_disabled": false,
      "blocked": false,
      "NAME": "terrain_rock_wg_17",
      "XSCL": 2,
      "DATA": [-93007.6328125,139527.15625,-1646.8507080078125,0.10000000149011612,0.21681508421897888,2.683185577392578]
    },
    "0-413453": {
      "deleted": false,
      "persistent": false,
      "initially_disabled": false,
      "blocked": false,
      "NAME": "terrain_rock_wg_10",
      "XSCL": 2,
      "DATA": [-93870.09375,142133.25,-760.8541259765625,0,0,2.7168128490448]
    },
    "0-413454": {
      "deleted": false,
      "persistent": false,
      "initially_disabled": false,
      "blocked": false,
      "NAME": "terrain_rock_wg_10",
      "XSCL": 2,
      "DATA": [-95073.375,143544.0625,-498.7096862792969,0,0,4.316812992095947]
    },
    "0-413455": {
      "deleted": false,
      "persistent": false,
      "initially_disabled": false,
      "blocked": false,
      "NAME": "blue coast ref 1024",
      "DATA": [-93476.21875,139296.828125,-903.4014892578125,0,0,0]
    },
    "0-413456": {
      "deleted": false,
      "persistent": false,
      "initially_disabled": false,
      "blocked": false,
      "NAME": "terrain_rock_wg_18",
      "XSCL": 2,
      "DATA": [-91528.34375,143317.875,-1479.2261962890625,0,0,4.59999942779541]
    },
    "0-413457": {
      "deleted": false,
      "persistent": false,
      "initially_disabled": false,
      "blocked": false,
      "NAME": "Ex_barnacles_01",
      "XSCL": 2,
      "DATA": [-90959.265625,143344.765625,-1270.9776611328125,0,0,1.7000001668930054]
    },
    "0-413458": {
      "deleted": false,
      "persistent": false,
      "initially_disabled": false,
      "blocked": false,
      "NAME": "Ex_barnacles_02",
      "XSCL": 2,
      "DATA": [-91059.8671875,143324.90625,-1298.560302734375,0,0,4.183187007904053]
    },
    "0-413459": {
      "deleted": false,
      "persistent": false,
      "initially_disabled": false,
      "blocked": false,
      "NAME": "Ex_barnacles_03",
      "XSCL": 2,
      "DATA": [-90839.59375,143368.765625,-1332.0091552734375,0.10000001639127731,6.083185195922852,1.7000001668930054]
    },
    "0-413460": {
      "deleted": false,
      "persistent": false,
      "initially_disabled": false,
      "blocked": false,
      "NAME": "Ex_barnacles_03",
      "XSCL": 1.970000147819519,
      "DATA": [-90971.1796875,143210.65625,-1309.8123779296875,0,0,6.083184242248535]
    },
    "0-413461": {
      "deleted": false,
      "persistent": false,
      "initially_disabled": false,
      "blocked": false,
      "NAME": "Ex_barnacles_02",
      "XSCL": 2,
      "DATA": [-90950.9296875,143508.078125,-1324.244384765625,0.3000001311302185,6.183185577392578,2.7831859588623047]
    },
    "0-413462": {
      "deleted": false,
      "persistent": false,
      "initially_disabled": false,
      "blocked": false,
      "NAME": "Ex_barnacles_03",
      "XSCL": 1.790000081062317,
      "DATA": [-91204.734375,143443.609375,-1231.9884033203125,5.883185386657715,6.183185577392578,2.999999761581421]
    },
    "0-413463": {
      "deleted": false,
      "persistent": false,
      "initially_disabled": false,
      "blocked": false,
      "NAME": "Ex_barnacles_02",
      "XSCL": 2,
      "DATA": [-91175.8359375,143322.171875,-1279.1788330078125,5.883185386657715,5.983185768127441,6.1831841468811035]
    },
    "0-413464": {
      "deleted": false,
      "persistent": false,
      "initially_disabled": false,
      "blocked": false,
      "NAME": "Flora_kelp_01",
      "XSCL": 1.6200001239776611,
      "DATA": [-90984.2421875,143434.515625,-1236.31103515625,0,0,1.7000001668930054]
    },
    "0-413465": {
      "deleted": false,
      "persistent": false,
      "initially_disabled": false,
      "blocked": false,
      "NAME": "Flora_kelp_02",
      "DATA": [-91091.390625,143292.09375,-1232.318603515625,0,0,1.7000001668930054]
    },
    "0-413466": {
      "deleted": false,
      "persistent": false,
      "initially_disabled": false,
      "blocked": false,
      "NAME": "Flora_kelp_03",
      "XSCL": 0.6800000071525574,
      "DATA": [-91023.1796875,143338.265625,-1228.7139892578125,0,0,2.700000286102295]
    },
    "0-413467": {
      "deleted": false,
      "persistent": false,
      "initially_disabled": false,
      "blocked": false,
      "NAME": "Flora_kelp_04",
      "XSCL": 0.8800000548362732,
      "DATA": [-90959.8046875,143293.859375,-1270.3836669921875,0,0,1.2000001668930054]
    },
    "0-413468": {
      "deleted": false,
      "persistent": false,
      "initially_disabled": false,
      "blocked": false,
      "NAME": "in_cave_plant00",