{
  "deleted": false,
  "DATA": {
    "flags": 2,
    "grid": [-13,16]
  },
  "NAME": null,
  "RGNN": "West Gash Region",
  "WHGT": null,
  "NAM5": null,
  "AMBI": null,
  "FRMR": {
    "0-413857": {
      "deleted": false,
      "persistent": false,
      "initially_disabled": false,
      "blocked": false,
      "NAME": "terrain_rock_wg_10",
      "XSCL": 2,
      "DATA": [-103008.125,133516.015625,-1203.9609375,0,0,3.9168128967285156]
    },
    "0-413858": {
      "deleted": false,
      "persistent": false,
      "initially_disabled": false,
      "blocked": false,
      "NAME": "terrain_rock_wg_10",
      "XSCL": 2,
      "DATA": [-100702.8046875,133022.890625,-1321.513427734375,0,0,6.099998474121094]
    },
    "0-413859": {
      "deleted": false,
      "persistent": false,
      "initially_disabled": false,
      "blocked": false,
      "NAME": "terrain_rock_wg_10",
      "XSCL": 2,
      "DATA": [-98948.2109375,134029.3125,-992.3746948242188,0,0,1.6168131828308105]
    }
  }
}