{
  "deleted": false,
  "DATA": {
    "flags": 2,
    "grid": [-13,7]
  },
  "NAME": null,
  "RGNN": "West Gash Region",
  "WHGT": null,
  "NAM5": null,
  "AMBI": null,
  "FRMR": {
    "0-420305": {
      "deleted": false,
      "persistent": false,
      "initially_disabled": false,
      "blocked": false,
      "NAME": "terrain_rock_wg_10",
      "XSCL": 2,
      "DATA": [-100964.75,62787.4140625,-260.6468811035156,0,0,4.641595363616943]
    },
    "0-420306": {
      "deleted": false,
      "persistent": false,
      "initially_disabled": false,
      "blocked": false,
      "NAME": "terrain_rock_wg_10",
      "XSCL": 2,
      "DATA": [-98930.453125,62185.03515625,-1131.1556396484375,0,0,1.7415928840637207]
    },
    "0-420307": {
      "deleted": false,
      "persistent": false,
      "initially_disabled": false,
      "blocked": false,
      "NAME": "terrain_rock_wg_10",
      "XSCL": 2,
      "DATA": [-102758.671875,59970.89453125,-850.4283447265625,0,0,2.9415950775146484]
    },
    "0-420308": {
      "deleted": false,
      "persistent": false,
      "initially_disabled": false,
      "blocked": false,
      "NAME": "terrain_rock_wg_10",
      "XSCL": 2,
      "DATA": [-102423.40625,62065.84765625,-424.93194580078125,0,0,0.04159259796142578]
    },
    "0-420309": {
      "deleted": false,
      "persistent": false,
      "initially_disabled": false,
      "blocked": false,
      "NAME": "Ex_barnacles_02",
      "XSCL": 2,
      "DATA": [-98776.3828125,65180.3125,-737.54931640625,0.20000000298023224,0.10000000149011612,1.2415932416915894]
    },
    "0-420310": {
      "deleted": false,
      "persistent": false,
      "initially_disabled": false,
      "blocked": false,
      "NAME": "terrain_rock_wg_01",
      "XSCL": 2,
      "DATA": [-98729.5,65145.765625,-880.2570190429688,0.000000014901161193847657,0.10000000149011612,0.5584068298339844]
    },
    "0-420311": {
      "deleted": false,
      "persistent": false,
      "initially_disabled": false,
      "blocked": false,
      "NAME": "Ex_barnacles_01",
      "XSCL": 2,
      "DATA": [-98383.78125,65129.015625,-669.88134765625,0.3999999761581421,5.883185386657715,0.1584068238735199]
    },
    "0-420312": {
      "deleted": false,
      "persistent": false,
      "initially_disabled": false,
      "blocked": false,
      "NAME": "Flora_kelp_01",
      "XSCL": 2,
      "DATA": [-98949.828125,65446.54296875,-724.446044921875,0,0,0.1584068238735199]
    },
    "0-420313": {
      "deleted": false,
      "persistent": false,
      "initially_disabled": false,
      "blocked": false,
      "NAME": "in_cave_plant00",
      "XSCL": 1.8600001335144043,
      "DATA": [-98425.5859375,65453.98828125,-939.5076293945312,0,0,3.8415908813476562]
    },
    "0-420314": {
      "deleted": false,
      "persistent": false,
      "initially_disabled": false,
      "blocked": false,
      "NAME": "terrain_rock_wg_18",
      "XSCL": 2,
      "DATA": [-98370.1328125,64871.6875,-917.7388916015625,0,0,3.058405876159668]
    },
    "0-420315": {
      "deleted": false,
      "persistent": false,
      "initially_disabled": false,
      "blocked": false,
      "NAME": "Ex_barnacles_02",
      "XSCL": 2,
      "DATA": [-98395.0625,64962.6328125,-621.30224609375,6.18318510055542,0.20000001788139343,4.6415910720825195]
    },
    "0-420316": {
      "deleted": false,
      "persistent": false,
      "initially_disabled": false,
      "blocked": false,
      "NAME": "Ex_barnacles_03",
      "XSCL": 2,
      "DATA": [-98316.4375,65531.515625,-912.3148803710938,6.183185577392578,0.20000000298023224,0.1584068238735199]
    }
  }
}