{
  "deleted": false,
  "DATA": {
    "flags": 2,
    "grid": [-14,8]
  },
  "NAME": null,
  "RGNN": "West Gash Region",
  "WHGT": null,
  "NAM5": null,
  "AMBI": null,
  "FRMR": {
    "0-420317": {
      "deleted": false,
      "persistent": false,
      "initially_disabled": false,
      "blocked": false,
      "NAME": "terrain_rock_wg_10",
      "XSCL": 2,
      "DATA": [-107524.71875,71127.5078125,-665.4715576171875,0,0,2.3584065437316895]
    },
    "0-420318": {
      "deleted": false,
      "persistent": false,
      "initially_disabled": false,
      "blocked": false,
      "NAME": "terrain_rock_wg_10",
      "XSCL": 2,
      "DATA": [-109010.0390625,72665.6171875,-131.3172149658203,0,0,5.541594505310059]
    },
    "0-420319": {
      "deleted": false,
      "persistent": false,
      "initially_disabled": false,
      "blocked": false,
      "NAME": "terrain_rock_wg_10",
      "XSCL": 2,
      "DATA": [-109085.8125,71446.46875,-723.4349975585938,0,0,0.3584086298942566]
    },
    "0-420320": {
      "deleted": false,
      "persistent": false,
      "initially_disabled": false,
      "blocked": false,
      "NAME": "terrain_rock_wg_10",
      "XSCL": 2,
      "DATA": [-109782.8515625,69425.0546875,-1257.589111328125,0,0,3.458406448364258]
    }
  }
}