{
  "deleted": false,
  "DATA": {
    "flags": 2,
    "grid": [-14,16]
  },
  "NAME": null,
  "RGNN": "West Gash Region",
  "WHGT": null,
  "NAM5": null,
  "AMBI": null,
  "FRMR": {
    "0-411779": {
      "deleted": false,
      "persistent": false,
      "initially_disabled": false,
      "blocked": false,
      "NAME": "terrain_rock_wg_10",
      "XSCL": 2,
      "DATA": [-110178.0078125,131976.0625,-1369.242431640625,0,0,0.91681307554245]
    },
    "0-411780": {
      "deleted": false,
      "persistent": false,
      "initially_disabled": false,
      "blocked": false,
      "NAME": "terrain_rock_wg_10",
      "XSCL": 2,
      "DATA": [-110438.9453125,133384.21875,-1251.6895751953125,0,0,5.016812801361084]
    },
    "0-377621": {
      "deleted": false,
      "persistent": false,
      "initially_disabled": false,
      "blocked": false,
      "NAME": "terrain_rock_wg_09",
      "XSCL": 2,
      "DATA": [-107067.328125,131334.75,-1496.67626953125,0,0,2]
    }
  }
}