{
  "deleted": false,
  "DATA": {
    "flags": 2,
    "grid": [-16,10]
  },
  "NAME": null,
  "RGNN": "West Gash Region",
  "WHGT": null,
  "NAM5": null,
  "AMBI": null,
  "FRMR": {
    "0-417614": {
      "deleted": false,
      "persistent": false,
      "initially_disabled": false,
      "blocked": false,
      "NAME": "terrain_rock_wg_10",
      "XSCL": 2,
      "DATA": [-125613.953125,86833,-644.5921020507812,0,0,2.316815137863159]
    },
    "0-417615": {
      "deleted": false,
      "persistent": false,
      "initially_disabled": false,
      "blocked": false,
      "NAME": "terrain_rock_wg_10",
      "XSCL": 2,
      "DATA": [-126921.7578125,88612.046875,-542.5633544921875,0,0,5.283187389373779]
    },
    "0-417616": {
      "deleted": false,
      "persistent": false,
      "initially_disabled": false,
      "blocked": false,
      "NAME": "terrain_rock_wg_01",
      "XSCL": 2,
      "DATA": [-123372.46875,87289.09375,-501.99395751953125,0,0.000000014901161193847657,6.083186149597168]
    },
    "0-417617": {
      "deleted": false,
      "persistent": false,
      "initially_disabled": false,
      "blocked": false,
      "NAME": "terrain_rock_wg_18",
      "XSCL": 2,
      "DATA": [-123655.0234375,87798.1171875,-424.247802734375,0,0,1.4000003337860107]
    },
    "0-417618": {
      "deleted": false,
      "persistent": false,
      "initially_disabled": false,
      "blocked": false,
      "NAME": "terrain_rock_wg_18",
      "XSCL": 2,
      "DATA": [-122972.40625,87655.3671875,-600.7670288085938,0,0,2.3000006675720215]
    }
  }
}