{
  "deleted": false,
  "DATA": {
    "flags": 2,
    "grid": [-16,16]
  },
  "NAME": null,
  "RGNN": "West Gash Region",
  "WHGT": null,
  "NAM5": null,
  "AMBI": null,
  "FRMR": {
    "0-412432": {
      "deleted": false,
      "persistent": false,
      "initially_disabled": false,
      "blocked": false,
      "NAME": "terrain_rock_wg_10",
      "XSCL": 2,
      "DATA": [-126090.1328125,133512.546875,-813.690185546875,0,0,0.11681365966796875]
    },
    "0-412433": {
      "deleted": false,
      "persistent": false,
      "initially_disabled": false,
      "blocked": false,
      "NAME": "terrain_rock_wg_10",
      "XSCL": 2,
      "DATA": [-127424.9140625,132993.546875,-931.2431030273438,0,0,2.299999952316284]
    }
  }
}