{
  "deleted": false,
  "DATA": {
    "flags": 2,
    "grid": [-17,25]
  },
  "NAME": null,
  "RGNN": "Felsaad Coast Region",
  "WHGT": null,
  "NAM5": null,
  "AMBI": null,
  "FRMR": {
    "2-9101": {
      "deleted": false,
      "persistent": false,
      "initially_disabled": false,
      "blocked": false,
      "NAME": "Terrain_rock_BM_32",
      "XSCL": 2,
      "DATA": [-139028.4375,206964.6875,8.711699485778809,0,0,5.532748222351074]
    },
    "2-9102": {
      "deleted": false,
      "persistent": false,
      "initially_disabled": false,
      "blocked": false,
      "NAME": "Terrain_rock_BM_33",
      "XSCL": 2,
      "DATA": [-139257.71875,206919.671875,64.559326171875,0,0,0.14956292510032654]
    },
    "2-9103": {
      "deleted": false,
      "persistent": false,
      "initially_disabled": false,
      "blocked": false,
      "NAME": "Terrain_rock_BM_08",
      "XSCL": 2,
      "DATA": [-137526.953125,206251.046875,272.1769714355469,0,0,3.6495628356933594]
    },
    "2-9104": {
      "deleted": false,
      "persistent": false,
      "initially_disabled": false,
      "blocked": false,
      "NAME": "Terrain_rock_BM_32",
      "XSCL": 2,
      "DATA": [-137448.140625,206037.84375,250.2788848876953,0,0,5.732748985290527]
    },
    "2-9105": {
      "deleted": false,
      "persistent": false,
      "initially_disabled": false,
      "blocked": false,
      "NAME": "Terrain_rock_BM_05",
      "XSCL": 2,
      "DATA": [-137196.171875,206093.453125,7.1794328689575195,0,0,2.249563455581665]
    },
    "2-9106": {
      "deleted": false,
      "persistent": false,
      "initially_disabled": false,
      "blocked": false,
      "NAME": "Terrain_rock_BM_34",
      "XSCL": 2,
      "DATA": [-137745.609375,206393.3125,439.6703796386719,0,0,5.532748699188232]
    },
    "2-9107": {
      "deleted": false,
      "persistent": false,
      "initially_disabled": false,
      "blocked": false,
      "NAME": "Terrain_rock_BM_33",
      "XSCL": 2,
      "DATA": [-137715.65625,206079.734375,317.2240905761719,0,0,0.3495633006095886]
    },
    "2-9108": {
      "deleted": false,
      "persistent": false,
      "initially_disabled": false,
      "blocked": false,
      "NAME": "Terrain_rock_BM_05",
      "XSCL": 1.4300000667572021,
      "DATA": [-137938.125,206938.4375,175.5860595703125,0,0,0.6831867694854736]
    },
    "2-9109": {
      "deleted": false,
      "persistent": false,
      "initially_disabled": false,
      "blocked": false,
      "NAME": "Terrain_rock_BM_07",
      "XSCL": 2,
      "DATA": [-137468.578125,207348.046875,37.88154602050781,0,0,2.483187437057495]
    },
    "2-9110": {
      "deleted": false,
      "persistent": false,
      "initially_disabled": false,
      "blocked": false,
      "NAME": "Terrain_rock_BM_04",
      "XSCL": 1.6500000953674316,
      "DATA": [-137929.640625,207262.78125,-182.92210388183594,0,0,1.583187222480774]
    },
    "2-9111": {
      "deleted": false,
      "persistent": false,
      "initially_disabled": false,
      "blocked": false,
      "NAME": "Terrain_rock_BM_06",
      "XSCL": 2,
      "DATA": [-137574.65625,207521.390625,-49.12963104248047,0,0,5.366373538970947]
    },
    "2-9112": {
      "deleted": false,
      "persistent": false,
      "initially_disabled": false,
      "blocked": false,
      "NAME": "Terrain_rock_BM_03",
      "DATA": [-135756.671875,204891.71875,96.22309875488281,0.09999962151050568,6.283185005187988,1.4663734436035156]
    },
    "2-9113": {
      "deleted": false,
      "persistent": false,
      "initially_disabled": false,
      "blocked": false,
      "NAME": "Terrain_rock_BM_32",
      "XSCL": 2,
      "DATA": [-136166.96875,205998.796875,174.67239379882812,0,0,3.649561882019043]
    },
    "2-9114": {
      "deleted": false,
      "persistent": false,
      "initially_disabled": false,
      "blocked": false,
      "NAME": "Terrain_rock_BM_08",
      "XSCL": 2,
      "DATA": [-136269.40625,205503.828125,194.11526489257812,0,0,1.5663737058639526]
    },
    "2-9115": {
      "deleted": false,
      "persistent": false,
      "initially_disabled": false,
      "blocked": false,
      "NAME": "Terrain_rock_BM_33",
      "XSCL": 2,
      "DATA": [-136072.25,205745.234375,290.1185302734375,0,0,4.549562454223633]
    },
    "2-9116": {
      "deleted": false,
      "persistent": false,
      "initially_disabled": false,
      "blocked": false,
      "NAME": "Terrain_rock_BM_68",
      "DATA": [-136392.609375,205066.296875,333.8031005859375,0,0,2.3999972343444824]
    },
    "2-9117": {
      "deleted": false,
      "persistent": false,
      "initially_disabled": false,
      "blocked": false,
      "NAME": "Terrain_rock_BM_06",
      "XSCL": 2,
      "DATA": [-136659.3125,205268.890625,213.0371551513672,0,0,4.199997901916504]
    },
    "2-9118": {
      "deleted": false,
      "persistent": false,
      "initially_disabled": false,
      "blocked": false,
      "NAME": "Terrain_rock_BM_70",
      "DATA": [-136213.40625,204876.09375,85.24995422363281,5.983185768127441,0.20000000298023224,1.8999990224838257]
    },
    "2-9119": {
      "deleted": false,
      "persistent": false,
      "initially_disabled": false,
      "blocked": false,
      "NAME": "Terrain_rock_BM_35",
      "XSCL": 1.6700000762939453,
      "DATA": [-135651.671875,204993.09375,23.206119537353516,6.08318567276001,1.1999999284744263,1.0831902027130127]
    },
    "2-9120": {
      "deleted": false,
      "persistent": false,
      "initially_disabled": false,
      "blocked": false,
      "NAME": "Terrain_rock_BM_70",
      "DATA": [-138371.296875,205276.15625,253.21144104003906,0,0,3.6831870079040527]
    },
    "2-9121": {
      "deleted": false,
      "persistent": false,
      "initially_disabled": false,
      "blocked": false,
      "NAME": "Terrain_rock_BM_46",
      "DATA": [-137441.140625,205150.390625,375.1292724609375,0,0,0]
    },
    "2-9122": {
      "deleted": false,
      "persistent": false,
      "initially_disabled": false,
      "blocked": false,
      "NAME": "Terrain_rock_BM_45",
      "DATA": [-137224.03125,205334.34375,252.3363494873047,0,0,0]
    },
    "2-9123": {
      "deleted": false,
      "persistent": false,
      "initially_disabled": false,
      "blocked": false,
      "NAME": "Terrain_rock_BM_44",
      "DATA": [-138964.328125,205480.40625,603.6049194335938,0,0,0]
    },
    "2-9124": {
      "deleted": false,
      "persistent": false,
      "initially_disabled": false,
      "blocked": false,
      "NAME": "Terrain_rock_BM_43",
      "DATA": [-138316.703125,205620.015625,441.0568542480469,0,0,0]
    },
    "2-9125": {
      "deleted": false,
      "persistent": false,
      "initially_disabled": false,
      "blocked": false,
      "NAME": "Terrain_rock_BM_42",
      "DATA": [-138654.4375,205766.1875,731.4314575195312,0,0,0]
    },
    "2-9126": {
      "deleted": false,
      "persistent": false,
      "initially_disabled": false,
      "blocked": false,
      "NAME": "Terrain_rock_BM_41",
      "DATA": [-138828.9375,206160.859375,774.6699829101562,0,0,0.5]
    },
    "2-9127": {
      "deleted": false,
      "persistent": false,
      "initially_disabled": false,
      "blocked": false,
      "NAME": "Terrain_rock_BM_40",
      "DATA": [-139050.03125,205852.125,732.8895874023438,0,0,0.5]
    },
    "2-9128": {
      "deleted": false,
      "persistent": false,
      "initially_disabled": false,
      "blocked": false,
      "NAME": "Terrain_rock_BM_39",
      "DATA": [-138619.765625,205539.609375,653.629638671875,0,0,5.783185958862305]
    },
    "2-9129": {
      "deleted": false,
      "persistent": false,
      "initially_disabled": false,
      "blocked": false,
      "NAME": "Terrain_rock_BM_38",
      "DATA": [-137513.25,205564.0625,399.1095886230469,0,0,0]
    },
    "2-9130": {
      "deleted": false,
      "persistent": false,
      "initially_disabled": false,
      "blocked": false,
      "NAME": "Terrain_rock_BM_71",