{
  "deleted": false,
  "DATA": {
    "flags": 2,
    "grid": [-17,13]
  },
  "NAME": null,
  "RGNN": "West Gash Region",
  "WHGT": null,
  "NAM5": null,
  "AMBI": null,
  "FRMR": {
    "0-417619": {
      "deleted": false,
      "persistent": false,
      "initially_disabled": false,
      "blocked": false,
      "NAME": "terrain_rock_wg_10",
      "XSCL": 2,
      "DATA": [-132638.546875,108704.953125,-1041.7535400390625,0,0,5.783186912536621]
    },
    "0-417620": {
      "deleted": false,
      "persistent": false,
      "initially_disabled": false,
      "blocked": false,
      "NAME": "terrain_rock_wg_10",
      "XSCL": 2,
      "DATA": [-132343.78125,106516.6953125,-1143.7818603515625,0,0,2.81681489944458]
    }
  }
}