{
  "deleted": false,
  "DATA": {
    "flags": 2,
    "grid": [-17,11]
  },
  "NAME": null,
  "RGNN": "West Gash Region",
  "WHGT": null,
  "NAM5": null,
  "AMBI": null,
  "FRMR": {
    "0-417622": {
      "deleted": false,
      "persistent": false,
      "initially_disabled": false,
      "blocked": false,
      "NAME": "terrain_rock_wg_10",
      "XSCL": 2,
      "DATA": [-133958.484375,95075.390625,-313.2108154296875,0,0,4.983187675476074]
    },
    "0-417623": {
      "deleted": false,
      "persistent": false,
      "initially_disabled": false,
      "blocked": false,
      "NAME": "terrain_rock_wg_10",
      "XSCL": 2,
      "DATA": [-132183.3125,93762.28125,-415.24017333984375,0,0,2.016815423965454]
    }
  }
}