{
  "deleted": false,
  "DATA": {
    "flags": 2,
    "grid": [-17,15]
  },
  "NAME": null,
  "RGNN": "West Gash Region",
  "WHGT": null,
  "NAM5": null,
  "AMBI": null,
  "FRMR": {
    "0-412796": {
      "deleted": false,
      "persistent": false,
      "initially_disabled": false,
      "blocked": false,
      "NAME": "terrain_rock_wg_10",
      "XSCL": 2,
      "DATA": [-133137.046875,129408.546875,-1289.1317138671875,0,0,3.999999523162842]
    },
    "0-412797": {
      "deleted": false,
      "persistent": false,
      "initially_disabled": false,
      "blocked": false,
      "NAME": "terrain_rock_wg_10",
      "XSCL": 2,
      "DATA": [-131802.21875,128889.6640625,-1406.6842041015625,0,0,6.183185577392578]
    }
  }
}