{
  "deleted": false,
  "DATA": {
    "flags": 2,
    "grid": [-18,17]
  },
  "NAME": null,
  "RGNN": "Hirstaang Forest Region",
  "WHGT": null,
  "NAM5": null,
  "AMBI": null,
  "FRMR": {
    "2-645": {
      "deleted": false,
      "persistent": false,
      "initially_disabled": false,
      "blocked": false,
      "NAME": "Terrain_rock_BM_06",
      "XSCL": 2,
      "DATA": [-144070.890625,145107.203125,-171.15408325195312,0,0,0.19999960064888]
    },
    "2-646": {
      "deleted": false,
      "persistent": false,
      "initially_disabled": false,
      "blocked": false,
      "NAME": "Terrain_rock_BM_32",
      "XSCL": 2,
      "DATA": [-145118.890625,144726.96875,79.03398132324219,0,0,1.0999982357025146]
    },
    "2-647": {
      "deleted": false,
      "persistent": false,
      "initially_disabled": false,
      "blocked": false,
      "NAME": "Terrain_rock_BM_01",
      "XSCL": 1.78000009059906,
      "DATA": [-144508.015625,145587.546875,-253.5599822998047,0.10000000149011612,0,1.699999451637268]
    },
    "2-648": {
      "deleted": false,
      "persistent": false,
      "initially_disabled": false,
      "blocked": false,
      "NAME": "Terrain_rock_BM_04",
      "XSCL": 2,
      "DATA": [-144878.953125,145334.140625,-117.19694519042969,0,0,1.4999990463256836]
    },
    "2-649": {
      "deleted": false,
      "persistent": false,
      "initially_disabled": false,
      "blocked": false,
      "NAME": "Terrain_rock_BM_05",
      "XSCL": 2,
      "DATA": [-144847.390625,145038.84375,173.5058135986328,0,0,0.5999985337257385]
    },
    "2-650": {
      "deleted": false,
      "persistent": false,
      "initially_disabled": false,
      "blocked": false,
      "NAME": "Terrain_rock_BM_07",
      "XSCL": 2,
      "DATA": [-144142.796875,145338.59375,-118.24824523925781,0,0,2.6999988555908203]
    },
    "2-651": {
      "deleted": false,
      "persistent": false,
      "initially_disabled": false,
      "blocked": false,
      "NAME": "Terrain_rock_BM_08",
      "XSCL": 1.78000009059906,
      "DATA": [-145355,144792.421875,137.89065551757812,0,0,1.9999995231628418]
    },
    "2-652": {
      "deleted": false,
      "persistent": false,
      "initially_disabled": false,
      "blocked": false,
      "NAME": "Terrain_rock_BM_41",
      "XSCL": 0.9800000190734863,
      "DATA": [-144788.65625,145949.671875,445.8697204589844,0,0,0.6999983191490173]
    },
    "2-653": {
      "deleted": false,
      "persistent": false,
      "initially_disabled": false,
      "blocked": false,
      "NAME": "Terrain_rock_BM_44",
      "XSCL": 0.7100000381469727,
      "DATA": [-144631.984375,146116.578125,144.9726104736328,0.000000007450580596923828,0,2.9999985694885254]
    },
    "2-654": {
      "deleted": false,
      "persistent": false,
      "initially_disabled": false,
      "blocked": false,
      "NAME": "Terrain_rock_BM_09",
      "DATA": [-144931.9375,146247.140625,232.43447875976562,0,0,0.39999818801879883]
    },
    "2-655": {
      "deleted": false,
      "persistent": false,
      "initially_disabled": false,
      "blocked": false,
      "NAME": "Flora_BM_shrub_01",
      "XSCL": 1.1400001049041748,
      "DATA": [-145818.890625,145794.34375,309.7404479980469,0.30000001192092896,0.000000014901161193847657,5.583185195922852]
    },
    "2-656": {
      "deleted": false,
      "persistent": false,
      "initially_disabled": false,
      "blocked": false,
      "NAME": "Flora_BM_shrub_01",
      "XSCL": 1.1299999952316284,
      "DATA": [-145699.609375,145909.671875,302.8186340332031,6.183185577392578,6.183185577392578,4.983185768127441]
    },
    "2-657": {
      "deleted": false,
      "persistent": false,
      "initially_disabled": false,
      "blocked": false,
      "NAME": "Terrain_rocks_BM_01",
      "XSCL": 1.4200000762939453,
      "DATA": [-146288.5,145874.5,314.09014892578125,0,6.183185577392578,5.783185958862305]
    },
    "2-658": {
      "deleted": false,
      "persistent": false,
      "initially_disabled": false,
      "blocked": false,
      "NAME": "Terrain_rocks_BM_02",
      "XSCL": 0.9900000691413879,
      "DATA": [-145773.5625,145695.390625,334.5650329589844,6.183185577392578,6.08318567276001,3.0831875801086426]
    },
    "2-659": {
      "deleted": false,
      "persistent": false,
      "initially_disabled": false,
      "blocked": false,
      "NAME": "Terrain_rock_BM_33",
      "XSCL": 2,
      "DATA": [-147355.46875,143976.84375,148.11985778808594,0,0,2.4495623111724854]
    },
    "2-660": {
      "deleted": false,
      "persistent": false,
      "initially_disabled": false,
      "blocked": false,
      "NAME": "Terrain_rock_BM_08",
      "XSCL": 2,
      "DATA": [-147275.125,143700.328125,-3.8866240978240967,0,0,5.749561309814453]
    },
    "2-661": {
      "deleted": false,
      "persistent": false,
      "initially_disabled": false,
      "blocked": false,
      "NAME": "Terrain_rock_BM_02",
      "DATA": [-147418.546875,144478.90625,214.65213012695312,0.20000001788139343,0.5999999046325684,2.7663753032684326]
    },
    "2-662": {
      "deleted": false,
      "persistent": false,
      "initially_disabled": false,
      "blocked": false,
      "NAME": "Terrain_rock_BM_03",
      "DATA": [-147113.671875,144285.765625,-91.66279602050781,0.4999997913837433,6.283185005187988,3.7495596408843994]
    },
    "2-663": {
      "deleted": false,
      "persistent": false,
      "initially_disabled": false,
      "blocked": false,
      "NAME": "Terrain_rock_BM_01",
      "DATA": [-147117.453125,144588.640625,76.14078521728516,0.10000000149011612,5.983185768127441,4.366374492645264]
    },
    "2-664": {
      "deleted": false,
      "persistent": false,
      "initially_disabled": false,
      "blocked": false,
      "NAME": "Terrain_rock_BM_32",
      "XSCL": 2,
      "DATA": [-147105.375,143466.5625,-95.83503723144531,0,0,1.5495620965957642]
    },
    "2-665": {
      "deleted": false,
      "persistent": false,
      "initially_disabled": false,
      "blocked": false,
      "NAME": "Flora_tree_BM_07",
      "XSCL": 2,
      "DATA": [-146030.4375,145026.890625,561.2478637695312,0,0,1.4663708209991455]
    },
    "2-666": {
      "deleted": false,
      "persistent": false,
      "initially_disabled": false,
      "blocked": false,
      "NAME": "Flora_tree_BM_06",
      "XSCL": 2,
      "DATA": [-146427.921875,146063.53125,767.6309814453125,0,0,6.183186054229736]
    },
    "2-667": {
      "deleted": false,
      "persistent": false,
      "initially_disabled": false,
      "blocked": false,
      "NAME": "Flora_tree_BM_03",
      "XSCL": 2,
      "DATA": [-146248.09375,145524.625,691.185302734375,0,0,0.6000005006790161]
    },
    "2-668": {
      "deleted": false,
      "persistent": false,
      "initially_disabled": false,
      "blocked": false,
      "NAME": "Flora_tree_BM_02",
      "XSCL": 2,
      "DATA": [-145888.671875,146107.15625,685.9169311523438,0,0,3.783186435699463]
    },
    "2-669": {
      "deleted": false,
      "persistent": false,
      "initially_disabled": false,
      "blocked": false,
      "NAME": "Flora_tree_BM_04",
      "XSCL": 2,
      "DATA": [-146909.71875,145626.734375,732.4895629882812,0,0,3.266371488571167]
    },
    "2-670": {
      "deleted": false,
      "persistent": false,
      "initially_disabled": false,
      "blocked": false,
      "NAME": "Flora_tree_BM_05",
      "DATA": [-145550.546875,145687.078125,593.87255859375,0,0,0]
    },
    "2-671": {
      "deleted": false,
      "persistent": false,
      "initially_disabled": false,
      "blocked": false,
      "NAME": "Flora_tree_BM_04",
      "XSCL": 1.4900001287460327,
      "DATA": [-146594.15625,145023.609375,558.1365966796875,0,0,0]
    },
    "2-672": {
      "deleted": false,
      "persistent": false,
      "initially_disabled": false,
      "blocked": false,
      "NAME": "Flora_tree_BM_05",
      "XSCL": 2,