{
  "deleted": false,
  "DATA": {
    "flags": 2,
    "grid": [-2,26]
  },
  "NAME": null,
  "RGNN": "Sheogorad",
  "WHGT": null,
  "NAM5": null,
  "AMBI": null,
  "FRMR": {
    "0-430774": {
      "deleted": false,
      "persistent": false,
      "initially_disabled": false,
      "blocked": false,
      "NAME": "Ex_T_menhir_L_01",
      "XSCL": 2,
      "DATA": [-14497.93359375,213722.421875,-1449.3988037109375,0,0,4.2168121337890625]
    },
    "0-430775": {
      "deleted": false,
      "persistent": false,
      "initially_disabled": false,
      "blocked": false,
      "NAME": "Ex_T_menhir_L_01",
      "XSCL": 2,
      "DATA": [-11495.09375,214527.140625,-1755.6298828125,0,0,2.116814613342285]
    },
    "0-430776": {
      "deleted": false,
      "persistent": false,
      "initially_disabled": false,
      "blocked": false,
      "NAME": "Ex_T_menhir_L_01",
      "XSCL": 2,
      "DATA": [-13117.09765625,213333,-1920.4185791015625,0,0,1.0000001192092896]
    },
    "0-430777": {
      "deleted": false,
      "persistent": false,
      "initially_disabled": false,
      "blocked": false,
      "NAME": "Ex_T_menhir_L_01",
      "XSCL": 2,
      "DATA": [-10351.71875,213736.390625,-1614.5938720703125,0,0,1.9168155193328857]
    },
    "0-430778": {
      "deleted": false,
      "persistent": false,
      "initially_disabled": false,
      "blocked": false,
      "NAME": "Ex_T_menhir_L_01",
      "XSCL": 2,
      "DATA": [-9467.3193359375,214333.3125,-1669.55029296875,0,0,5.416812419891357]
    },
    "0-430779": {
      "deleted": false,
      "persistent": false,
      "initially_disabled": false,
      "blocked": false,
      "NAME": "Ex_T_menhir_L_01",
      "XSCL": 2,
      "DATA": [-8403.8193359375,213615.890625,-2591.92041015625,0,0,5.416812419891357]
    }
  }
}