{
  "deleted": false,
  "DATA": {
    "flags": 2,
    "grid": [-20,27]
  },
  "NAME": null,
  "RGNN": "Felsaad Coast Region",
  "WHGT": null,
  "NAM5": null,
  "AMBI": null,
  "FRMR": {
    "2-19508": {
      "deleted": false,
      "persistent": false,
      "initially_disabled": false,
      "blocked": false,
      "NAME": "Terrain_BM_icechunk_07",
      "XSCL": 1.0600000619888306,
      "DATA": [-163718.53125,222852.15625,-5.185875415802002,0,0,2.3000009059906006]
    },
    "2-19509": {
      "deleted": false,
      "persistent": false,
      "initially_disabled": false,
      "blocked": false,
      "NAME": "Terrain_BM_icechunk_04",
      "XSCL": 2,
      "DATA": [-163752.703125,222165.59375,-1.0574904680252075,0,0,0.6999999284744263]
    },
    "2-19510": {
      "deleted": false,
      "persistent": false,
      "initially_disabled": false,
      "blocked": false,
      "NAME": "Terrain_BM_icechunk_03",
      "XSCL": 2,
      "DATA": [-163437.375,222081.984375,-0.9717793464660645,0,0,2.5999996662139893]
    },
    "2-19511": {
      "deleted": false,
      "persistent": false,
      "initially_disabled": false,
      "blocked": false,
      "NAME": "Terrain_BM_icechunk_01",
      "XSCL": 2,
      "DATA": [-163414.828125,221614.03125,2.878643751144409,0,0,1.5000011920928955]
    },
    "2-19512": {
      "deleted": false,
      "persistent": false,
      "initially_disabled": false,
      "blocked": false,
      "NAME": "Terrain_BM_icechunk_08",
      "XSCL": 0.800000011920929,
      "DATA": [-163818.390625,221535.40625,-0.22052744030952454,0,0,5.083186626434326]
    },
    "2-19513": {
      "deleted": false,
      "persistent": false,
      "initially_disabled": false,
      "blocked": false,
      "NAME": "Terrain_BM_icechunk_02",
      "XSCL": 2,
      "DATA": [-163653.578125,221878.015625,3.122838258743286,0,0,0.30000007152557373]
    },
    "2-27297": {
      "deleted": false,
      "persistent": false,
      "initially_disabled": false,
      "blocked": false,
      "NAME": "Terrain_BM_icechunk_01",
      "XSCL": 2,
      "DATA": [-156491.265625,221688.609375,-3.624391555786133,0,0,4.383187294006348]
    },
    "2-27298": {
      "deleted": false,
      "persistent": false,
      "initially_disabled": false,
      "blocked": false,
      "NAME": "Terrain_BM_icechunk_02",
      "XSCL": 2,
      "DATA": [-156697.90625,221645.578125,0.10974311828613281,0,0,4.783186912536621]
    },
    "2-27299": {
      "deleted": false,
      "persistent": false,
      "initially_disabled": false,
      "blocked": false,
      "NAME": "Terrain_BM_icechunk_03",
      "XSCL": 2,
      "DATA": [-156728.234375,221868.078125,-1.1866474151611328,0,0,5.4831862449646]
    },
    "2-27300": {
      "deleted": false,
      "persistent": false,
      "initially_disabled": false,
      "blocked": false,
      "NAME": "Terrain_BM_icechunk_04",
      "XSCL": 2,
      "DATA": [-156955.890625,221609.125,-0.8004131317138672,0,0,5.4831862449646]
    },
    "2-27301": {
      "deleted": false,
      "persistent": false,
      "initially_disabled": false,
      "blocked": false,
      "NAME": "Terrain_BM_icechunk_05",
      "XSCL": 1.6100001335144043,
      "DATA": [-157005.3125,221416.015625,-8.374147415161133,0,0,3.483187675476074]
    },
    "2-27302": {
      "deleted": false,
      "persistent": false,
      "initially_disabled": false,
      "blocked": false,
      "NAME": "Terrain_BM_icechunk_08",
      "XSCL": 0.5800000429153442,
      "DATA": [-156827.421875,221502.46875,2.795778274536133,0,0,4.983186721801758]
    },
    "2-33412": {
      "deleted": false,
      "persistent": false,
      "initially_disabled": false,
      "blocked": false,
      "NAME": "bm_ex_horker_h20",
      "DATA": [-162648.84375,223279.546875,-476.228515625,0,0,0]
    },
    "2-33413": {
      "deleted": false,
      "persistent": false,
      "initially_disabled": false,
      "blocked": false,
      "NAME": "bm_ex_horker_h20",
      "DATA": [-158650.25,222043.859375,-1146.0272216796875,0,0,0]
    }
  }
}