{
  "deleted": false,
  "DATA": {
    "flags": 2,
    "grid": [-27,26]
  },
  "NAME": null,
  "RGNN": "Moesring Mountains Region",
  "WHGT": null,
  "NAM5": null,
  "AMBI": null,
  "FRMR": {
    "2-31958": {
      "deleted": false,
      "persistent": true,
      "initially_disabled": false,
      "blocked": false,
      "NAME": "BM_KA_door_dark_SG",
      "XSCL": 0.5,
      "DATA": [-219541.625,217412.1875,-2099.545654296875,0.4000000059604645,0,5.983185768127441]
    },
    "2-33009": {
      "deleted": false,
      "persistent": true,
      "initially_disabled": false,
      "blocked": false,
      "NAME": "act_bm_snowdoor4",
      "XSCL": 1.7100000381469727,
      "DATA": [-219464.828125,217320.953125,-1916.8243408203125,0,0,5.583186149597168]
    },
    "2-28120": {
      "deleted": false,
      "persistent": false,
      "initially_disabled": false,
      "blocked": false,
      "NAME": "Terrain_BM_icechunk_01",
      "XSCL": 2,
      "DATA": [-213421.03125,214513.4375,5.299270153045654,0,0,3.1831860542297363]
    },
    "2-28121": {
      "deleted": false,
      "persistent": false,
      "initially_disabled": false,
      "blocked": false,
      "NAME": "Terrain_BM_icechunk_03",
      "XSCL": 2,
      "DATA": [-213674.140625,214357.5625,1.8394166231155396,0,0,4.283185958862305]
    },
    "2-28122": {
      "deleted": false,
      "persistent": false,
      "initially_disabled": false,
      "blocked": false,
      "NAME": "Terrain_BM_icechunk_05",
      "XSCL": 1.6100001335144043,
      "DATA": [-214040.75,215696.9375,-1.4802136421203613,0,0,0.8999999761581421]
    },
    "2-28123": {
      "deleted": false,
      "persistent": false,
      "initially_disabled": false,
      "blocked": false,
      "NAME": "Terrain_BM_icechunk_04",
      "XSCL": 2,
      "DATA": [-214332.546875,215623.15625,0.48184800148010254,0,0,2.9000000953674316]
    },
    "2-28124": {
      "deleted": false,
      "persistent": false,
      "initially_disabled": false,
      "blocked": false,
      "NAME": "Terrain_BM_icechunk_03",
      "XSCL": 2,
      "DATA": [-214585.65625,215417.390625,0.2024378776550293,0,0,4.799999237060547]
    },
    "2-28125": {
      "deleted": false,
      "persistent": false,
      "initially_disabled": false,
      "blocked": false,
      "NAME": "Terrain_BM_icechunk_02",
      "XSCL": 2,
      "DATA": [-214623.421875,215712.234375,4.232814788818359,0,0,2.500000238418579]
    },
    "2-28126": {
      "deleted": false,
      "persistent": false,
      "initially_disabled": false,
      "blocked": false,
      "NAME": "Terrain_BM_icechunk_01",
      "XSCL": 2,
      "DATA": [-214977.28125,215674.5625,1.3520619869232178,0,0,3.7000010013580322]
    },
    "2-28127": {
      "deleted": false,
      "persistent": false,
      "initially_disabled": false,
      "blocked": false,
      "NAME": "Terrain_BM_icechunk_08",
      "XSCL": 0.800000011920929,
      "DATA": [-214803.359375,216047.125,-0.4784832000732422,0,0,1]
    },
    "2-28128": {
      "deleted": false,
      "persistent": false,
      "initially_disabled": false,
      "blocked": false,
      "NAME": "Terrain_BM_icechunk_04",
      "XSCL": 2,
      "DATA": [-213472.5625,213644.546875,-1.3049967288970947,0,0,4.283185958862305]
    },
    "2-28129": {
      "deleted": false,
      "persistent": false,
      "initially_disabled": false,
      "blocked": false,
      "NAME": "Terrain_BM_icechunk_05",
      "XSCL": 1.6100001335144043,
      "DATA": [-213284.46875,213538.609375,0.5127582550048828,0,0,2.2831859588623047]
    },
    "2-28130": {
      "deleted": false,
      "persistent": false,
      "initially_disabled": false,
      "blocked": false,
      "NAME": "Terrain_BM_icechunk_02",
      "XSCL": 2,
      "DATA": [-213387.078125,213908.328125,2.084503412246704,0,0,3.583186149597168]
    },
    "2-28131": {
      "deleted": false,
      "persistent": false,
      "initially_disabled": false,
      "blocked": false,
      "NAME": "Terrain_BM_icechunk_08",
      "XSCL": 0.5800000429153442,
      "DATA": [-213369.34375,214132.75,1.19244384765625,0,0,3.783186197280884]
    },
    "2-28132": {
      "deleted": false,
      "persistent": false,
      "initially_disabled": false,
      "blocked": false,
      "NAME": "Terrain_BM_icechunk_06",
      "XSCL": 1.6500000953674316,
      "DATA": [-213394.09375,215634.109375,4.421151638031006,0,0,5.7831878662109375]
    },
    "2-28133": {
      "deleted": false,
      "persistent": false,
      "initially_disabled": false,
      "blocked": false,
      "NAME": "Terrain_BM_icechunk_05",
      "XSCL": 1.6100001335144043,
      "DATA": [-213165.0625,218264.171875,6.479650497436523,0,0,5.383187294006348]
    },
    "2-28134": {
      "deleted": false,
      "persistent": false,
      "initially_disabled": false,
      "blocked": false,
      "NAME": "Terrain_BM_icechunk_04",
      "XSCL": 2,
      "DATA": [-213559.15625,217784.46875,-2.4590349197387695,0,0,0.09999998658895493]
    },
    "2-28135": {
      "deleted": false,
      "persistent": false,
      "initially_disabled": false,
      "blocked": false,
      "NAME": "Terrain_BM_icechunk_03",
      "XSCL": 2,
      "DATA": [-213420.359375,217829.34375,0.12110137939453125,0,0,2.0000007152557373]
    },
    "2-28136": {
      "deleted": false,
      "persistent": false,
      "initially_disabled": false,
      "blocked": false,
      "NAME": "Terrain_BM_icechunk_01",
      "XSCL": 2,
      "DATA": [-213266.5625,217601.234375,1.7708430290222168,0,0,4.30000114440918]
    },
    "2-28137": {
      "deleted": false,
      "persistent": false,
      "initially_disabled": false,
      "blocked": false,
      "NAME": "Terrain_BM_icechunk_08",
      "XSCL": 1.2300000190734863,
      "DATA": [-213327.921875,217100.4375,1.5700769424438477,0,0,3.883188247680664]
    },
    "2-28138": {
      "deleted": false,
      "persistent": false,
      "initially_disabled": false,
      "blocked": false,
      "NAME": "Terrain_BM_icechunk_02",
      "XSCL": 2,
      "DATA": [-213696.09375,217646.15625,2.6657800674438477,0,0,5.9831862449646]
    },
    "2-28139": {
      "deleted": false,
      "persistent": false,
      "initially_disabled": false,
      "blocked": false,
      "NAME": "Terrain_BM_icechunk_07",
      "XSCL": 1.0600000619888306,
      "DATA": [-213797.546875,215191.5,2.2063074111938477,0,0,4.500000953674316]
    },
    "2-28140": {
      "deleted": false,
      "persistent": false,
      "initially_disabled": false,
      "blocked": false,
      "NAME": "Terrain_BM_icechunk_06",
      "XSCL": 1.6500000953674316,
      "DATA": [-213391.890625,218883.046875,10.891530990600586,0,0,3.983189582824707]
    },
    "2-28141": {
      "deleted": false,
      "persistent": false,
      "initially_disabled": false,
      "blocked": false,
      "NAME": "bm_ex_iceberg_shard02",
      "XSCL": 0.9300000667572021,
      "DATA": [-213295.359375,215454.578125,597.6698608398438,1.199999451637268,6.083186149597168,0.6000003814697266]
    },
    "2-28142": {
      "deleted": false,
      "persistent": false,
      "initially_disabled": false,
      "blocked": false,
      "NAME": "bm_ex_iceberg_shard01",
      "DATA": [-214532.03125,215572.3125,-325.1771545410156,1.8663756847381592,3.3000001907348633,4.583184719085693]
    },
    "2-28143": {
      "deleted": false,
      "persistent": false,
      "initially_disabled": false,
      "blocked": false,
      "NAME": "bm_ex_iceberg_shard01",
      "DATA": [-213743.5625,215836.15625,-112.15126037597656,0.9663769006729126,2.1000006198883057,4.583184719085693]
    },
    "2-28144": {
      "deleted": false,
      "persistent": false,
      "initially_disabled": false,
      "blocked": false,
      "NAME": "bm_ex_iceberg_shard01",
      "XSCL": 0.6500000357627869,
      "DATA": [-213086.671875,214932.859375,357.57696533203125,4.266376972198486,4.000000476837158,4.583184719085693]
    },
    "2-28145": {
      "deleted": false,
      "persistent": false,