{
  "deleted": false,
  "DATA": {
    "flags": 2,
    "grid": [-3,0]
  },
  "NAME": null,
  "RGNN": "West Gash Region",
  "WHGT": null,
  "NAM5": null,
  "AMBI": null,
  "FRMR": {
    "0-279717": {
      "deleted": false,
      "persistent": false,
      "initially_disabled": false,
      "blocked": false,
      "NAME": "terrain_rock_rm_19",
      "XSCL": 2,
      "DATA": [-21818.841796875,287.1634521484375,5145.57177734375,0,0,4.383185386657715]
    },
    "0-279718": {
      "deleted": false,
      "persistent": false,
      "initially_disabled": false,
      "blocked": false,
      "NAME": "terrain_rock_rm_17",
      "XSCL": 2,
      "DATA": [-17197.236328125,3411.131591796875,5225.40283203125,0,0.20000000298023224,5.883185863494873]
    },
    "0-279719": {
      "deleted": false,
      "persistent": false,
      "initially_disabled": false,
      "blocked": false,
      "NAME": "terrain_rock_rm_19",
      "XSCL": 2,
      "DATA": [-17978.4609375,6858.4814453125,1763.9691162109375,0,0,5.4831862449646]
    },
    "0-279720": {
      "deleted": false,
      "persistent": false,
      "initially_disabled": false,
      "blocked": false,
      "NAME": "terrain_rock_rm_17",
      "XSCL": 2,
      "DATA": [-22459.50390625,3991.75537109375,1909.55908203125,0,0,4.7831854820251465]
    },
    "0-279721": {
      "deleted": false,
      "persistent": false,
      "initially_disabled": false,
      "blocked": false,
      "NAME": "terrain_rock_rm_07",
      "XSCL": 1.1800000667572021,
      "DATA": [-21493.544921875,7811.22412109375,811.9180297851562,0,0,0]
    },
    "0-279722": {
      "deleted": false,
      "persistent": false,
      "initially_disabled": false,
      "blocked": false,
      "NAME": "terrain_rock_rm_08",
      "XSCL": 0.9200000166893005,
      "DATA": [-21589.962890625,7471.79296875,536.64501953125,0,0,0]
    },
    "0-279723": {
      "deleted": false,
      "persistent": false,
      "initially_disabled": false,
      "blocked": false,
      "NAME": "terrain_rock_rm_09",
      "XSCL": 1.2600001096725464,
      "DATA": [-21859.65625,7774.8037109375,540.4769287109375,0,0,0]
    },
    "0-279724": {
      "deleted": false,
      "persistent": false,
      "initially_disabled": false,
      "blocked": false,
      "NAME": "terrain_rock_rm_10",
      "XSCL": 1.4500000476837158,
      "DATA": [-21948.158203125,6633.98095703125,964.272705078125,0,0,0]
    },
    "0-279725": {
      "deleted": false,
      "persistent": false,
      "initially_disabled": false,
      "blocked": false,
      "NAME": "terrain_rock_rm_11",
      "XSCL": 2,
      "DATA": [-21354.5546875,5551.72265625,766.6949462890625,0,0,0.5]
    },
    "0-279726": {
      "deleted": false,
      "persistent": false,
      "initially_disabled": false,
      "blocked": false,
      "NAME": "terrain_rock_rm_24",
      "XSCL": 2,
      "DATA": [-20625.935546875,5004.9912109375,2237.501220703125,0,0,0]
    },
    "0-355277": {
      "deleted": false,
      "persistent": false,
      "initially_disabled": false,
      "blocked": false,
      "NAME": "ex_shore_cliffracer_lev+2",
      "DATA": [-23691.923828125,1468.0567626953125,6138.06787109375,0,0,2.700024366378784]
    },
    "0-355278": {
      "deleted": false,
      "persistent": false,
      "initially_disabled": false,
      "blocked": false,
      "NAME": "ex_shore_cliffracer_lev+2",
      "DATA": [-19596.640625,3177.3857421875,4311.068359375,0,0,2.700024366378784]
    },
    "0-374356": {
      "deleted": false,
      "persistent": false,
      "initially_disabled": false,
      "blocked": false,
      "NAME": "ex_shore_cliffracer_lev-2",
      "DATA": [-17960.982421875,5131.95703125,2852.25390625,0,0,0]
    },
    "0-374357": {
      "deleted": false,
      "persistent": false,
      "initially_disabled": false,
      "blocked": false,
      "NAME": "ex_wild_all_lev-1",
      "DATA": [-21056.279296875,6859.81787109375,566.995361328125,0,0,0]
    },
    "0-374358": {
      "deleted": false,
      "persistent": false,
      "initially_disabled": false,
      "blocked": false,
      "NAME": "ex_wild_all_lev+2",
      "DATA": [-20721.59375,8047.3818359375,510.1427917480469,0,0,0]
    },
    "0-374359": {
      "deleted": false,
      "persistent": false,
      "initially_disabled": false,
      "blocked": false,
      "NAME": "ex_wild_all_lev+2",
      "DATA": [-22942.63671875,7500.1142578125,386.1585388183594,0,0,0]
    }
  }
}