{
  "deleted": false,
  "DATA": {
    "flags": 2,
    "grid": [-4,14]
  },
  "NAME": null,
  "RGNN": "Ashlands Region",
  "WHGT": null,
  "NAM5": null,
  "AMBI": null,
  "FRMR": {
    "0-195903": {
      "deleted": false,
      "persistent": false,
      "initially_disabled": false,
      "blocked": false,
      "NAME": "terrain_rock_ma_06",
      "XSCL": 1.9800001382827759,
      "DATA": [-24876.205078125,121788.0625,968.978515625,0,0,2.183873414993286]
    },
    "0-195904": {
      "deleted": false,
      "persistent": false,
      "initially_disabled": false,
      "blocked": false,
      "NAME": "terrain_rock_ma_550",
      "XSCL": 1.3100000619888306,
      "DATA": [-25108.845703125,121854.90625,936.59619140625,0,0,4.6831865310668945]
    },
    "0-195905": {
      "deleted": false,
      "persistent": false,
      "initially_disabled": false,
      "blocked": false,
      "NAME": "flora_ashtree_04",
      "XSCL": 2,
      "DATA": [-26732.876953125,120605.5703125,1655.5994873046875,0,0,2.099925994873047]
    },
    "0-195906": {
      "deleted": false,
      "persistent": false,
      "initially_disabled": false,
      "blocked": false,
      "NAME": "flora_ashtree_07",
      "XSCL": 2,
      "DATA": [-26509.04296875,120317.2421875,1793.301513671875,0,0,1.700000524520874]
    },
    "0-195907": {
      "deleted": false,
      "persistent": false,
      "initially_disabled": false,
      "blocked": false,
      "NAME": "terrain_rock_ma_02",
      "XSCL": 2,
      "DATA": [-26347.41796875,121103.0390625,978.5513916015625,0,0,4.283111572265625]
    },
    "0-195908": {
      "deleted": false,
      "persistent": false,
      "initially_disabled": false,
      "blocked": false,
      "NAME": "terrain_rock_ma_07",
      "XSCL": 2,
      "DATA": [-26223.474609375,120830.7421875,1050.0203857421875,0,0,4.283111572265625]
    },
    "0-195909": {
      "deleted": false,
      "persistent": false,
      "initially_disabled": false,
      "blocked": false,
      "NAME": "terrain_rock_ma_43",
      "XSCL": 2,
      "DATA": [-25621.951171875,122150.4375,1025.96435546875,0,0,5.283187389373779]
    },
    "0-195910": {
      "deleted": false,
      "persistent": false,
      "initially_disabled": false,
      "blocked": false,
      "NAME": "flora_ashtree_06",
      "XSCL": 2,
      "DATA": [-26692.263671875,120933.2109375,1866.51171875,0,0,2.8000011444091797]
    },
    "0-195911": {
      "deleted": false,
      "persistent": false,
      "initially_disabled": false,
      "blocked": false,
      "NAME": "terrain_rock_ma_55",
      "XSCL": 2,
      "DATA": [-25908.296875,120563.6171875,1093.6998291015625,0,0,5.683187007904053]
    },
    "0-195915": {
      "deleted": false,
      "persistent": false,
      "initially_disabled": false,
      "blocked": false,
      "NAME": "flora_ash_grass_w_01",
      "DATA": [-25555.080078125,121027.765625,787.9071044921875,0.09948376566171646,0,0.5000742673873901]
    },
    "0-195916": {
      "deleted": false,
      "persistent": false,
      "initially_disabled": false,
      "blocked": false,
      "NAME": "terrain_rock_ma_53",
      "XSCL": 2,
      "DATA": [-25542.810546875,121131.390625,705.0159912109375,0,0,5.682351589202881]
    },
    "0-195917": {
      "deleted": false,
      "persistent": false,
      "initially_disabled": false,
      "blocked": false,
      "NAME": "terrain_rock_ma_02",
      "XSCL": 1.4200000762939453,
      "DATA": [-25625.623046875,120880.8671875,850.5382690429688,0,0,5.483111381530762]
    },
    "0-195918": {
      "deleted": false,
      "persistent": false,
      "initially_disabled": false,
      "blocked": false,
      "NAME": "terrain_rock_ma_10",
      "XSCL": 2,
      "DATA": [-25750.798828125,120926.9765625,820.116455078125,0,0,4.783946990966797]
    },
    "0-195919": {
      "deleted": false,
      "persistent": false,
      "initially_disabled": false,
      "blocked": false,
      "NAME": "flora_ashtree_06",
      "XSCL": 2,
      "DATA": [-24738.080078125,118993.2265625,1831.8536376953125,0,0,2.18318772315979]
    },
    "0-195920": {
      "deleted": false,
      "persistent": false,
      "initially_disabled": false,
      "blocked": false,
      "NAME": "flora_ashtree_03",
      "XSCL": 2,
      "DATA": [-25418.701171875,119534.140625,1427.95361328125,0,0,3.5831851959228516]
    },
    "0-195921": {
      "deleted": false,
      "persistent": false,
      "initially_disabled": false,
      "blocked": false,
      "NAME": "terrain_rock_ma_550",
      "XSCL": 2,
      "DATA": [-25094.025390625,119428.4609375,1212.0509033203125,0,0,4.4831862449646]
    },
    "0-195922": {
      "deleted": false,
      "persistent": false,
      "initially_disabled": false,
      "blocked": false,
      "NAME": "Flora_ashtree_01",
      "XSCL": 1.9000000953674316,
      "DATA": [-25876.46875,119413.5078125,1246.0123291015625,0,0,1.083186149597168]
    },
    "0-195923": {
      "deleted": false,
      "persistent": false,
      "initially_disabled": false,
      "blocked": false,
      "NAME": "flora_ashtree_04",
      "XSCL": 2,
      "DATA": [-24936.224609375,117939.234375,1443.8201904296875,0,0,1.6831152439117432]
    },
    "0-195924": {
      "deleted": false,
      "persistent": false,
      "initially_disabled": false,
      "blocked": false,
      "NAME": "flora_ashtree_06",
      "XSCL": 2,
      "DATA": [-24933.986328125,118339.1640625,1837.008056640625,0,0,0.9000020027160645]
    },
    "0-195925": {
      "deleted": false,
      "persistent": false,
      "initially_disabled": false,
      "blocked": false,
      "NAME": "flora_ashtree_04",
      "XSCL": 2,
      "DATA": [-24706.703125,118438.8125,1670.53076171875,0,0,0.1999264657497406]
    },
    "0-245568": {
      "deleted": false,
      "persistent": false,
      "initially_disabled": false,
      "blocked": false,
      "NAME": "terrain_ashland_rock_03",
      "DATA": [-32740.728515625,117735.0234375,1457.7940673828125,0,0,5.4745612144470215]
    },
    "0-245571": {
      "deleted": false,
      "persistent": false,
      "initially_disabled": false,
      "blocked": false,
      "NAME": "terrain_rock_ma_19",
      "XSCL": 1.7300001382827759,
      "DATA": [-29197.6953125,122814.1640625,1413.8245849609375,0,0,5.983063220977783]
    },
    "0-245572": {
      "deleted": false,
      "persistent": false,
      "initially_disabled": false,
      "blocked": false,
      "NAME": "terrain_rock_ma_79",
      "XSCL": 2,
      "DATA": [-25574.810546875,121787.6953125,905.7532348632812,0,0,3.483185052871704]
    },
    "0-245573": {
      "deleted": false,
      "persistent": false,
      "initially_disabled": false,
      "blocked": false,
      "NAME": "flora_ash_grass_w_01",
      "DATA": [-25723.759765625,121410.140625,779.2037963867188,0,0.30000001192092896,5.9831862449646]
    },
    "0-245574": {
      "deleted": false,
      "persistent": false,
      "initially_disabled": false,
      "blocked": false,
      "NAME": "terrain_rock_ma_53",
      "XSCL": 2,
      "DATA": [-26498.16015625,122643.890625,929.7567138671875,0,0,1.1823508739471436]
    },
    "0-245575": {
      "deleted": false,
      "persistent": false,
      "initially_disabled": false,
      "blocked": false,
      "NAME": "flora_ash_grass_w_01",
      "DATA": [-25686.111328125,121868.4140625,893.257080078125,0,0,2.6831860542297363]
    },
    "0-245576": {
      "deleted": false,
      "persistent": false,
      "initially_disabled": false,
      "blocked": false,
      "NAME": "terrain_rock_ma_54",
      "XSCL": 0.6500000357627869,
      "DATA": [-26885.232421875,122230.734375,920.8546142578125,0,0,1.3831863403320312]
    },
    "0-245577": {
      "deleted": false,
      "persistent": false,
      "initially_disabled": false,
      "blocked": false,
      "NAME": "flora_ash_grass_w_01",
      "DATA": [-26202.33203125,122089.9609375,837.2496337890625,0,0,4.983188152313232]
    },
    "0-245578": {
      "deleted": false,
      "persistent": false,