{
  "deleted": false,
  "DATA": {
    "flags": 2,
    "grid": [-4,1]
  },
  "NAME": null,
  "RGNN": "West Gash Region",
  "WHGT": null,
  "NAM5": null,
  "AMBI": null,
  "FRMR": {
    "0-279819": {
      "deleted": false,
      "persistent": false,
      "initially_disabled": false,
      "blocked": false,
      "NAME": "terrain_rock_rm_19",
      "XSCL": 1.7200000286102295,
      "DATA": [-25711.87890625,15063.94140625,1635.5980224609375,0,0,2.5999996662139893]
    },
    "0-279820": {
      "deleted": false,
      "persistent": false,
      "initially_disabled": false,
      "blocked": false,
      "NAME": "terrain_rock_rm_17",
      "XSCL": 2,
      "DATA": [-27276.876953125,15792.4248046875,2827.959716796875,0,0,4.59999942779541]
    },
    "0-279821": {
      "deleted": false,
      "persistent": false,
      "initially_disabled": false,
      "blocked": false,
      "NAME": "terrain_rock_rm_15",
      "XSCL": 2,
      "DATA": [-25653.1171875,12055.37109375,1397.6153564453125,0,0,0]
    },
    "0-279822": {
      "deleted": false,
      "persistent": false,
      "initially_disabled": false,
      "blocked": false,
      "NAME": "terrain_rock_rm_17",
      "XSCL": 2,
      "DATA": [-27308.927734375,12108.19921875,1736.74365234375,0,0,3.200000047683716]
    },
    "0-279823": {
      "deleted": false,
      "persistent": false,
      "initially_disabled": false,
      "blocked": false,
      "NAME": "terrain_rock_rm_19",
      "XSCL": 1.970000147819519,
      "DATA": [-28441.7109375,11296.9580078125,2833.533447265625,0,0,0.016814231872558594]
    },
    "0-279824": {
      "deleted": false,
      "persistent": false,
      "initially_disabled": false,
      "blocked": false,
      "NAME": "terrain_rock_rm_17",
      "XSCL": 1.8100000619888306,
      "DATA": [-30081.720703125,10558.6005859375,3979.193359375,0,0,0.4000000059604645]
    },
    "0-279825": {
      "deleted": false,
      "persistent": false,
      "initially_disabled": false,
      "blocked": false,
      "NAME": "terrain_rock_rm_15",
      "XSCL": 1.8600001335144043,
      "DATA": [-31648.328125,9748.9853515625,3236.63037109375,0,0,3.4831857681274414]
    },
    "0-279826": {
      "deleted": false,
      "persistent": false,
      "initially_disabled": false,
      "blocked": false,
      "NAME": "terrain_rock_rm_17",
      "XSCL": 1.7500001192092896,
      "DATA": [-29896.46484375,14809.9892578125,3784.771728515625,0,0,2.3000001907348633]
    },
    "0-279827": {
      "deleted": false,
      "persistent": false,
      "initially_disabled": false,
      "blocked": false,
      "NAME": "terrain_rock_rm_07",
      "XSCL": 1.1800000667572021,
      "DATA": [-25504.689453125,8768.6181640625,1235.3319091796875,0,0,1.5999997854232788]
    },
    "0-279828": {
      "deleted": false,
      "persistent": false,
      "initially_disabled": false,
      "blocked": false,
      "NAME": "terrain_rock_rm_08",
      "XSCL": 0.9200000166893005,
      "DATA": [-25841.16015625,8874.9072265625,960.058349609375,0,0,1.5999997854232788]
    },
    "0-279829": {
      "deleted": false,
      "persistent": false,
      "initially_disabled": false,
      "blocked": false,
      "NAME": "terrain_rock_rm_09",
      "XSCL": 1.2600001096725464,
      "DATA": [-25530.404296875,9135.6337890625,963.890380859375,0,0,1.5999997854232788]
    },
    "0-279830": {
      "deleted": false,
      "persistent": false,
      "initially_disabled": false,
      "blocked": false,
      "NAME": "terrain_rock_rm_10",
      "XSCL": 1.4500000476837158,
      "DATA": [-25199.873046875,10393.6240234375,1217.6376953125,0,0,2.5999996662139893]
    },
    "0-279831": {
      "deleted": false,
      "persistent": false,
      "initially_disabled": false,
      "blocked": false,
      "NAME": "terrain_rock_rm_11",
      "XSCL": 2,
      "DATA": [-26266.427734375,11014.9951171875,1020.0598754882812,0,0,3.0999996662139893]
    },
    "0-279832": {
      "deleted": false,
      "persistent": false,
      "initially_disabled": false,
      "blocked": false,
      "NAME": "terrain_rock_rm_24",
      "XSCL": 2,
      "DATA": [-27172.61328125,11107.87890625,2490.865966796875,0,0,2.5999996662139893]
    },
    "0-374371": {
      "deleted": false,
      "persistent": false,
      "initially_disabled": false,
      "blocked": false,
      "NAME": "ex_shore_cliffracer_lev+0",
      "DATA": [-27688.552734375,14906.03515625,2959.631103515625,0,0,0]
    },
    "0-374372": {
      "deleted": false,
      "persistent": false,
      "initially_disabled": false,
      "blocked": false,
      "NAME": "ex_shore_cliffracer_lev+2",
      "DATA": [-28138.0703125,12950.78125,2319.909912109375,0,0,2.983186721801758]
    },
    "0-374373": {
      "deleted": false,
      "persistent": false,
      "initially_disabled": false,
      "blocked": false,
      "NAME": "ex_shore_cliffracer_lev+0",
      "DATA": [-30542.38671875,11369.8046875,4383.03271484375,0,0,4.08318567276001]
    }
  }
}