{
  "deleted": false,
  "DATA": {
    "flags": 2,
    "grid": [-5,26]
  },
  "NAME": null,
  "RGNN": "Sheogorad",
  "WHGT": null,
  "NAM5": null,
  "AMBI": null,
  "FRMR": {
    "0-427523": {
      "deleted": false,
      "persistent": false,
      "initially_disabled": false,
      "blocked": false,
      "NAME": "Ex_T_menhir_L_01",
      "XSCL": 2,
      "DATA": [-33532.40625,215889.59375,-2122.394287109375,0,0,1.016816258430481]
    },
    "0-427524": {
      "deleted": false,
      "persistent": false,
      "initially_disabled": false,
      "blocked": false,
      "NAME": "Ex_T_menhir_L_01",
      "XSCL": 2,
      "DATA": [-33193.32421875,214185.109375,-2387.683349609375,0,0,0.03362894058227539]
    },
    "0-427525": {
      "deleted": false,
      "persistent": false,
      "initially_disabled": false,
      "blocked": false,
      "NAME": "Ex_T_menhir_L_01",
      "XSCL": 2,
      "DATA": [-34636.0234375,214753.3125,-1552.4088134765625,0,0,4.316812992095947]
    },
    "0-427526": {
      "deleted": false,
      "persistent": false,
      "initially_disabled": false,
      "blocked": false,
      "NAME": "Ex_T_menhir_L_01",
      "XSCL": 2,
      "DATA": [-34276.2578125,214289.1875,-2140.736083984375,0,0,2.116814613342285]
    }
  }
}