{
  "deleted": false,
  "DATA": {
    "flags": 2,
    "grid": [-5,25]
  },
  "NAME": null,
  "RGNN": "Sheogorad",
  "WHGT": null,
  "NAM5": null,
  "AMBI": null,
  "FRMR": {
    "0-427527": {
      "deleted": false,
      "persistent": false,
      "initially_disabled": false,
      "blocked": false,
      "NAME": "Ex_T_menhir_L_01",
      "XSCL": 1.7000000476837158,
      "DATA": [-35252.078125,205254.859375,-1827.8895263671875,0,0,3.9000015258789062]
    },
    "0-427528": {
      "deleted": false,
      "persistent": false,
      "initially_disabled": false,
      "blocked": false,
      "NAME": "Ex_T_menhir_L_01",
      "XSCL": 2,
      "DATA": [-33467.33203125,205916.765625,-2727.488037109375,0,0,5.016812324523926]
    },
    "0-427529": {
      "deleted": false,
      "persistent": false,
      "initially_disabled": false,
      "blocked": false,
      "NAME": "Ex_T_menhir_L_01",
      "XSCL": 2,
      "DATA": [-33095.234375,207132.453125,-2377.2783203125,0,0,3.416813850402832]
    },
    "0-427530": {
      "deleted": false,
      "persistent": false,
      "initially_disabled": false,
      "blocked": false,
      "NAME": "Ex_T_menhir_L_01",
      "XSCL": 2,
      "DATA": [-33760.5546875,211092.78125,-1758.2197265625,0,0,1.516816258430481]
    },
    "0-427531": {
      "deleted": false,
      "persistent": false,
      "initially_disabled": false,
      "blocked": false,
      "NAME": "Ex_T_menhir_L_01",
      "XSCL": 2,
      "DATA": [-34690.47265625,208152.796875,-1546.573486328125,0,0,0.4336284399032593]
    },
    "0-427532": {
      "deleted": false,
      "persistent": false,
      "initially_disabled": false,
      "blocked": false,
      "NAME": "Ex_T_menhir_L_01",
      "XSCL": 2,
      "DATA": [-34131.29296875,209294.609375,-1880.412109375,0,0,0.33362701535224915]
    },
    "0-427533": {
      "deleted": false,
      "persistent": false,
      "initially_disabled": false,
      "blocked": false,
      "NAME": "Ex_T_menhir_L_01",
      "XSCL": 2,
      "DATA": [-34756.50390625,211010.921875,-1733.80859375,0,0,3.1168150901794434]
    },
    "0-427534": {
      "deleted": false,
      "persistent": false,
      "initially_disabled": false,
      "blocked": false,
      "NAME": "Ex_T_menhir_L_01",
      "XSCL": 2,
      "DATA": [-35290.76953125,211662.5625,-2387.251220703125,0,0,4.516814708709717]
    },
    "0-427535": {
      "deleted": false,
      "persistent": false,
      "initially_disabled": false,
      "blocked": false,
      "NAME": "Ex_T_menhir_L_01",
      "XSCL": 2,
      "DATA": [-36159.58984375,211007.8125,-2601.8037109375,0,0,2.4336280822753906]
    }
  }
}