{
  "deleted": false,
  "DATA": {
    "flags": 2,
    "grid": [-6,22]
  },
  "NAME": null,
  "RGNN": "Sheogorad",
  "WHGT": null,
  "NAM5": null,
  "AMBI": null,
  "FRMR": {
    "0-418460": {
      "deleted": false,
      "persistent": false,
      "initially_disabled": false,
      "blocked": false,
      "NAME": "Ex_T_menhir_L_01",
      "XSCL": 2,
      "DATA": [-44646.8203125,180425.796875,-2421.74560546875,0,0,3.0168144702911377]
    },
    "0-418461": {
      "deleted": false,
      "persistent": false,
      "initially_disabled": false,
      "blocked": false,
      "NAME": "Ex_T_menhir_L_01",
      "XSCL": 2,
      "DATA": [-43561.02734375,180493.875,-2694.41455078125,0,0,5.100000858306885]
    },
    "0-418462": {
      "deleted": false,
      "persistent": false,
      "initially_disabled": false,
      "blocked": false,
      "NAME": "Ex_T_menhir_L_01",
      "XSCL": 2,
      "DATA": [-42037.03515625,180737.375,-2924.35107421875,0,0,0.9168126583099365]
    },
    "0-418463": {
      "deleted": false,
      "persistent": false,
      "initially_disabled": false,
      "blocked": false,
      "NAME": "Ex_T_menhir_L_01",
      "XSCL": 1.7000000476837158,
      "DATA": [-42183.578125,181577.390625,-2132.04638671875,0,0,3.7000014781951904]
    },
    "0-418464": {
      "deleted": false,
      "persistent": false,
      "initially_disabled": false,
      "blocked": false,
      "NAME": "Ex_T_menhir_L_01",
      "XSCL": 1.8100000619888306,
      "DATA": [-41031.41796875,184176.71875,-2374.490966796875,0,0,2.7831857204437256]
    },
    "0-418465": {
      "deleted": false,
      "persistent": false,
      "initially_disabled": false,
      "blocked": false,
      "NAME": "Ex_T_menhir_L_01",
      "XSCL": 2,
      "DATA": [-44730.84375,186664.828125,-1403.6083984375,0,0,6.09999942779541]
    },
    "0-418466": {
      "deleted": false,
      "persistent": false,
      "initially_disabled": false,
      "blocked": false,
      "NAME": "Ex_T_menhir_L_01",
      "XSCL": 2,
      "DATA": [-43852.69921875,185346.453125,-1973.5953369140625,0,0,2.800001859664917]
    },
    "0-418467": {
      "deleted": false,
      "persistent": false,
      "initially_disabled": false,
      "blocked": false,
      "NAME": "Ex_T_menhir_L_01",
      "XSCL": 2,
      "DATA": [-45590.3984375,185374.34375,-2238.883056640625,0,0,1.8168147802352905]
    },
    "0-418468": {
      "deleted": false,
      "persistent": false,
      "initially_disabled": false,
      "blocked": false,
      "NAME": "Ex_T_menhir_L_01",
      "XSCL": 2,
      "DATA": [-45260.41015625,186411,-1991.9371337890625,0,0,3.900001049041748]
    },
    "0-418469": {
      "deleted": false,
      "persistent": false,
      "initially_disabled": false,
      "blocked": false,
      "NAME": "Ex_T_menhir_L_01",
      "XSCL": 2,
      "DATA": [-43984.65234375,183532,-2041.5743408203125,0,0,2.2000017166137695]
    },
    "0-418470": {
      "deleted": false,
      "persistent": false,
      "initially_disabled": false,
      "blocked": false,
      "NAME": "Ex_T_menhir_L_01",
      "XSCL": 2,
      "DATA": [-46281.4453125,182574.328125,-1713.21923828125,0,0,5.999998092651367]
    },
    "0-418471": {
      "deleted": false,
      "persistent": false,
      "initially_disabled": false,
      "blocked": false,
      "NAME": "Ex_T_menhir_L_01",
      "XSCL": 2,
      "DATA": [-43167.42578125,183734.671875,-2452.1865234375,0,0,5.800000190734863]
    },
    "0-418472": {
      "deleted": false,
      "persistent": false,
      "initially_disabled": false,
      "blocked": false,
      "NAME": "Ex_T_menhir_L_01",
      "XSCL": 2,
      "DATA": [-42642.3203125,182911,-3080.063720703125,0,0,3.6000006198883057]
    },
    "0-418473": {
      "deleted": false,
      "persistent": false,
      "initially_disabled": false,
      "blocked": false,
      "NAME": "Ex_T_menhir_L_01",
      "XSCL": 2,
      "DATA": [-47117.4765625,182742.125,-2485.072265625,0,0,2.500001907348633]
    },
    "0-427618": {
      "deleted": false,
      "persistent": false,
      "initially_disabled": false,
      "blocked": false,
      "NAME": "Flora_kelp_01",
      "XSCL": 1.9000000953674316,
      "DATA": [-43598.2265625,181700.328125,-1314.529541015625,0,0,5.6831865310668945]
    },
    "0-427619": {
      "deleted": false,
      "persistent": false,
      "initially_disabled": false,
      "blocked": false,
      "NAME": "Flora_kelp_02",
      "XSCL": 2,
      "DATA": [-43329.81640625,182204.140625,-1294.7320556640625,0,0,5.6831865310668945]
    },
    "0-427620": {
      "deleted": false,
      "persistent": false,
      "initially_disabled": false,
      "blocked": false,
      "NAME": "kollop_01_pearl",
      "DATA": [-43390.546875,182155.0625,-1408.797119140625,0,0,4.683186054229736]
    },
    "0-427621": {
      "deleted": false,
      "persistent": false,
      "initially_disabled": false,
      "blocked": false,
      "NAME": "Flora_kelp_02",
      "XSCL": 2,
      "DATA": [-43587.328125,182038.890625,-1326.7393798828125,0,0,5.583187580108643]
    },
    "0-427622": {
      "deleted": false,
      "persistent": false,
      "initially_disabled": false,
      "blocked": false,
      "NAME": "Ex_barnacles_02",
      "XSCL": 2,
      "DATA": [-43670.30078125,181853.484375,-1454.7529296875,6.28318452835083,0.20000000298023224,0.38318681716918945]
    },
    "0-427623": {
      "deleted": false,
      "persistent": false,
      "initially_disabled": false,
      "blocked": false,
      "NAME": "Flora_kelp_01",
      "XSCL": 2,
      "DATA": [-43429.12109375,181728.59375,-1246.3157958984375,0,0,6.183186054229736]
    },
    "0-427624": {
      "deleted": false,
      "persistent": false,
      "initially_disabled": false,
      "blocked": false,
      "NAME": "Flora_kelp_03",
      "XSCL": 1.5000001192092896,
      "DATA": [-43322.140625,181985.75,-1323.2275390625,0,0,2.5000009536743164]
    },
    "0-427625": {
      "deleted": false,
      "persistent": false,
      "initially_disabled": false,
      "blocked": false,
      "NAME": "Flora_kelp_01",
      "XSCL": 2,
      "DATA": [-43223.4921875,181624.625,-1184.1243896484375,0,0,0.7000015377998352]
    },
    "0-427626": {
      "deleted": false,
      "persistent": false,
      "initially_disabled": false,
      "blocked": false,
      "NAME": "Flora_kelp_02",
      "XSCL": 1.8200000524520874,
      "DATA": [-43265.3046875,181868.90625,-1269.8363037109375,0,0,2.5000009536743164]
    },
    "0-427627": {
      "deleted": false,
      "persistent": false,
      "initially_disabled": false,
      "blocked": false,
      "NAME": "Ex_barnacles_02",
      "XSCL": 2,
      "DATA": [-43474.640625,181951.15625,-1436.1895751953125,6.266373157501221,0.20000001788139343,2.5831871032714844]
    },
    "0-427628": {
      "deleted": false,
      "persistent": false,
      "initially_disabled": false,
      "blocked": false,
      "NAME": "blue coast ref 1024",
      "DATA": [-43517.046875,181906.0625,-1275.990234375,0,0,0.20000076293945312]
    },
    "0-427629": {
      "deleted": false,
      "persistent": false,
      "initially_disabled": false,
      "blocked": false,
      "NAME": "Flora_kelp_01",
      "XSCL": 1.790000081062317,
      "DATA": [-43165.80078125,182086.390625,-1318.055908203125,0,0,5.883185386657715]
    },
    "0-427630": {
      "deleted": false,
      "persistent": false,
      "initially_disabled": false,
      "blocked": false,
      "NAME": "Flora_kelp_03",
      "DATA": [-43775.85546875,181925.5,-1428.1688232421875,0,0,5.883185386657715]
    },
    "0-427631": {
      "deleted": false,
      "persistent": false,
      "initially_disabled": false,
      "blocked": false,
      "NAME": "Flora_kelp_03",
      "XSCL": 1.600000023841858,
      "DATA": [-43788.76171875,181688.265625,-1400.2547607421875,0,0,5.6831865310668945]
    },
    "0-427632": {
      "deleted": false,
      "persistent": false,
      "initially_disabled": false,
      "blocked": false,