{
  "deleted": false,
  "DATA": {
    "flags": 2,
    "grid": [-6,20]
  },
  "NAME": null,
  "RGNN": "Sheogorad",
  "WHGT": null,
  "NAM5": null,
  "AMBI": null,
  "FRMR": {
    "0-418510": {
      "deleted": false,
      "persistent": false,
      "initially_disabled": false,
      "blocked": false,
      "NAME": "terrain_ashland_rock_05",
      "XSCL": 2,
      "DATA": [-45093.578125,165561.25,-1321.56494140625,0,0,5.799999713897705]
    },
    "0-418511": {
      "deleted": false,
      "persistent": false,
      "initially_disabled": false,
      "blocked": false,
      "NAME": "terrain_ashland_rock_09",
      "XSCL": 2,
      "DATA": [-46321.8125,165375.515625,-2058.3623046875,0,0.15000002086162567,1.6168133020401]
    },
    "0-418512": {
      "deleted": false,
      "persistent": false,
      "initially_disabled": false,
      "blocked": false,
      "NAME": "terrain_ashland_rock_08",
      "XSCL": 2,
      "DATA": [-46832.6015625,165796.8125,-1791.129638671875,0,0,4.733356952667236]
    },
    "0-418513": {
      "deleted": false,
      "persistent": false,
      "initially_disabled": false,
      "blocked": false,
      "NAME": "terrain_ashland_rock_08",
      "XSCL": 2,
      "DATA": [-46735.24609375,165322.296875,-1592.563232421875,0,0,0.6824474334716797]
    },
    "0-418514": {
      "deleted": false,
      "persistent": false,
      "initially_disabled": false,
      "blocked": false,
      "NAME": "terrain_ashland_rock_06",
      "XSCL": 2,
      "DATA": [-47161.0859375,165294.140625,-1903.53369140625,0,0,0.799999475479126]
    },
    "0-418515": {
      "deleted": false,
      "persistent": false,
      "initially_disabled": false,
      "blocked": false,
      "NAME": "Flora_kelp_01",
      "XSCL": 2,
      "DATA": [-46150.71875,165898.796875,-1617.6561279296875,0,0,3.1000006198883057]
    },
    "0-418516": {
      "deleted": false,
      "persistent": false,
      "initially_disabled": false,
      "blocked": false,
      "NAME": "Flora_kelp_02",
      "XSCL": 2,
      "DATA": [-45935.79296875,165848.140625,-1570.4947509765625,0,0,3.1000006198883057]
    },
    "0-418517": {
      "deleted": false,
      "persistent": false,
      "initially_disabled": false,
      "blocked": false,
      "NAME": "Flora_kelp_03",
      "XSCL": 2,
      "DATA": [-46104.3359375,165664.859375,-1688.1875,0,0,3.1000006198883057]
    },
    "0-418518": {
      "deleted": false,
      "persistent": false,
      "initially_disabled": false,
      "blocked": false,
      "NAME": "Flora_kelp_04",
      "XSCL": 2,
      "DATA": [-45794.56640625,166026.578125,-1639.8690185546875,0,0,3.1000006198883057]
    },
    "0-418519": {
      "deleted": false,
      "persistent": false,
      "initially_disabled": false,
      "blocked": false,
      "NAME": "Flora_kelp_02",
      "XSCL": 2,
      "DATA": [-45912.54296875,165687.4375,-1615.4659423828125,0,0,3.1000006198883057]
    },
    "0-418520": {
      "deleted": false,
      "persistent": false,
      "initially_disabled": false,
      "blocked": false,
      "NAME": "Flora_kelp_03",
      "XSCL": 2,
      "DATA": [-45732.4765625,165559.15625,-1604.053955078125,0,0,3.1000006198883057]
    },
    "0-418521": {
      "deleted": false,
      "persistent": false,
      "initially_disabled": false,
      "blocked": false,
      "NAME": "Flora_kelp_04",
      "XSCL": 2,
      "DATA": [-45896.58203125,166199.078125,-1545.6796875,0,0,3.1000006198883057]
    },
    "0-418522": {
      "deleted": false,
      "persistent": false,
      "initially_disabled": false,
      "blocked": false,
      "NAME": "in_cave_plant00",
      "XSCL": 1.6700000762939453,
      "DATA": [-46486.73046875,165006.796875,-1980.335693359375,0,0,0.500002384185791]
    },
    "0-418523": {
      "deleted": false,
      "persistent": false,
      "initially_disabled": false,
      "blocked": false,
      "NAME": "Ex_barnacles_02",
      "XSCL": 2,
      "DATA": [-46444.3671875,164786.5,-1928.188720703125,6.183185577392578,6.183185577392578,2.9831857681274414]
    },
    "0-418524": {
      "deleted": false,
      "persistent": false,
      "initially_disabled": false,
      "blocked": false,
      "NAME": "Ex_barnacles_02",
      "XSCL": 2,
      "DATA": [-46385.515625,165081.609375,-1936.79052734375,5.983185768127441,6.18318510055542,1.0831871032714844]
    },
    "0-418525": {
      "deleted": false,
      "persistent": false,
      "initially_disabled": false,
      "blocked": false,
      "NAME": "Ex_barnacles_02",
      "XSCL": 2,
      "DATA": [-46379.29296875,164621.484375,-1923.3990478515625,0.10000120103359222,0.000000014901161193847657,0.4000004827976227]
    },
    "0-418526": {
      "deleted": false,
      "persistent": false,
      "initially_disabled": false,
      "blocked": false,
      "NAME": "Flora_kelp_01",
      "XSCL": 2,
      "DATA": [-46594.58984375,164942.6875,-1820.525634765625,0,0,0.5000014305114746]
    },
    "0-418527": {
      "deleted": false,
      "persistent": false,
      "initially_disabled": false,
      "blocked": false,
      "NAME": "Flora_kelp_02",
      "XSCL": 2,
      "DATA": [-46652.046875,165069.125,-1816.566162109375,0,0,6.183187007904053]
    },
    "0-418528": {
      "deleted": false,
      "persistent": false,
      "initially_disabled": false,
      "blocked": false,
      "NAME": "Flora_kelp_03",
      "XSCL": 1.5000001192092896,
      "DATA": [-46149.15234375,164875.328125,-1853.5474853515625,0,0,3.1000001430511475]
    },
    "0-418529": {
      "deleted": false,
      "persistent": false,
      "initially_disabled": false,
      "blocked": false,
      "NAME": "Flora_kelp_02",
      "XSCL": 1.8200000524520874,
      "DATA": [-46476.79296875,164684.046875,-1802.072509765625,0,0,3.1000001430511475]
    },
    "0-418530": {
      "deleted": false,
      "persistent": false,
      "initially_disabled": false,
      "blocked": false,
      "NAME": "Flora_kelp_01",
      "XSCL": 2,
      "DATA": [-46297.3359375,164830.75,-1776.219482421875,0,0,1.300000548362732]
    },
    "0-418531": {
      "deleted": false,
      "persistent": false,
      "initially_disabled": false,
      "blocked": false,
      "NAME": "Ex_barnacles_03",
      "XSCL": 2,
      "DATA": [-46632.8359375,164768.390625,-1937.000732421875,3.0996298789978027,3.1005401611328125,6.0836029052734375]
    },
    "0-418532": {
      "deleted": false,
      "persistent": false,
      "initially_disabled": false,
      "blocked": false,
      "NAME": "blue coast ref 1024",
      "DATA": [-46498.2890625,164860.765625,-1816.305419921875,0,0,3.6000001430511475]
    },
    "0-418533": {
      "deleted": false,
      "persistent": false,
      "initially_disabled": false,
      "blocked": false,
      "NAME": "Flora_kelp_01",
      "XSCL": 2,
      "DATA": [-46029.04296875,166275.125,-1461.447509765625,0,0,3.1000006198883057]
    },
    "0-418534": {
      "deleted": false,
      "persistent": false,
      "initially_disabled": false,
      "blocked": false,
      "NAME": "terrain_ashland_rock_04",
      "XSCL": 2,
      "DATA": [-44914.640625,166679.6875,-1197.3388671875,0,0,2.991814613342285]
    },
    "0-418535": {
      "deleted": false,
      "persistent": false,
      "initially_disabled": false,
      "blocked": false,
      "NAME": "terrain_ashland_rock_10",
      "XSCL": 2,
      "DATA": [-45534.1171875,167123.03125,-1305.4189453125,0,0,3.6000001430511475]
    },
    "0-418536": {
      "deleted": false,
      "persistent": false,
      "initially_disabled": false,
      "blocked": false,
      "NAME": "h2o_all_lev-2",
      "DATA": [-45343.59765625,167040.546875,-578.087646484375,0,0,3.6000001430511475]
    },
    "0-418537": {
      "deleted": false,
      "persistent": false,
      "initially_disabled": false,
      "blocked": false,
      "NAME": "Flora_kelp_01",
      "XSCL": 1.7000000476837158,
      "DATA": [-44046.21484375,165155,-1326.798583984375,0,0,5.58311128616333]
    },
    "0-418538": {
      "deleted": false,