{
  "deleted": false,
  "DATA": {
    "flags": 2,
    "grid": [-6,23]
  },
  "NAME": null,
  "RGNN": "Sheogorad",
  "WHGT": null,
  "NAM5": null,
  "AMBI": null,
  "FRMR": {
    "0-418454": {
      "deleted": false,
      "persistent": false,
      "initially_disabled": false,
      "blocked": false,
      "NAME": "Ex_T_menhir_L_01",
      "XSCL": 2,
      "DATA": [-42066.96484375,189495.96875,-1658.61572265625,0,0,4.500001430511475]
    },
    "0-418455": {
      "deleted": false,
      "persistent": false,
      "initially_disabled": false,
      "blocked": false,
      "NAME": "Ex_T_menhir_L_01",
      "XSCL": 2,
      "DATA": [-43612.7421875,188679.6875,-2251.965576171875,0,0,1.2168142795562744]
    },
    "0-418456": {
      "deleted": false,
      "persistent": false,
      "initially_disabled": false,
      "blocked": false,
      "NAME": "Ex_T_menhir_L_01",
      "XSCL": 1.7000000476837158,
      "DATA": [-43769.27734375,190668.21875,-1717.6766357421875,0,0,3.9000015258789062]
    },
    "0-418457": {
      "deleted": false,
      "persistent": false,
      "initially_disabled": false,
      "blocked": false,
      "NAME": "Ex_T_menhir_L_01",
      "XSCL": 2,
      "DATA": [-44558.0703125,189417.09375,-2261.409423828125,0,0,5.3000006675720215]
    },
    "0-418458": {
      "deleted": false,
      "persistent": false,
      "initially_disabled": false,
      "blocked": false,
      "NAME": "Ex_T_menhir_L_01",
      "XSCL": 2,
      "DATA": [-41612.43359375,192545.8125,-1980.6422119140625,0,0,3.416813850402832]
    },
    "0-418459": {
      "deleted": false,
      "persistent": false,
      "initially_disabled": false,
      "blocked": false,
      "NAME": "Ex_T_menhir_L_01",
      "XSCL": 2,
      "DATA": [-41984.53125,191330.125,-2314.479248046875,0,0,3.316812515258789]
    },
    "0-417668": {
      "deleted": false,
      "persistent": false,
      "initially_disabled": false,
      "blocked": false,
      "NAME": "Ex_T_menhir_L_01",
      "XSCL": 1.7000000476837158,
      "DATA": [-41096.3828125,189733.90625,-1634.20458984375,0,0,6.100000858306885]
    }
  }
}