{
  "deleted": false,
  "DATA": {
    "flags": 2,
    "grid": [-7,20]
  },
  "NAME": null,
  "RGNN": "Sheogorad",
  "WHGT": null,
  "NAM5": null,
  "AMBI": null,
  "FRMR": {
    "0-414959": {
      "deleted": false,
      "persistent": false,
      "initially_disabled": false,
      "blocked": false,
      "NAME": "terrain_rock_wg_10",
      "XSCL": 2,
      "DATA": [-52555.02734375,166502.515625,-1422.950439453125,0,0,5.9831862449646]
    },
    "0-414960": {
      "deleted": false,
      "persistent": false,
      "initially_disabled": false,
      "blocked": false,
      "NAME": "terrain_rock_wg_10",
      "XSCL": 2,
      "DATA": [-53025.63671875,165207.640625,-1133.8392333984375,0,0,1.283186674118042]
    },
    "0-414961": {
      "deleted": false,
      "persistent": false,
      "initially_disabled": false,
      "blocked": false,
      "NAME": "terrain_rock_wg_10",
      "XSCL": 2,
      "DATA": [-54680.1953125,164241.6875,-436.04449462890625,0,0,3.2831871509552]
    },
    "0-415695": {
      "deleted": false,
      "persistent": false,
      "initially_disabled": false,
      "blocked": false,
      "NAME": "terrain_rock_wg_10",
      "XSCL": 2,
      "DATA": [-49756.78125,171357.453125,-626.3690185546875,0,0,3.2831871509552]
    }
  }
}