{
  "deleted": false,
  "DATA": {
    "flags": 2,
    "grid": [-8,19]
  },
  "NAME": null,
  "RGNN": "Sheogorad",
  "WHGT": null,
  "NAM5": null,
  "AMBI": null,
  "FRMR": {
    "0-402551": {
      "deleted": false,
      "persistent": false,
      "initially_disabled": false,
      "blocked": false,
      "NAME": "Flora_kelp_01",
      "XSCL": 1.7000000476837158,
      "DATA": [-58072.97265625,155778.15625,-663.3165893554688,0,0,6.183111190795898]
    },
    "0-402552": {
      "deleted": false,
      "persistent": false,
      "initially_disabled": false,
      "blocked": false,
      "NAME": "Flora_kelp_02",
      "XSCL": 1.7000000476837158,
      "DATA": [-58120.40234375,155923.8125,-714.61328125,0,0,6.183185577392578]
    },
    "0-402554": {
      "deleted": false,
      "persistent": false,
      "initially_disabled": false,
      "blocked": false,
      "NAME": "Flora_kelp_04",
      "XSCL": 1.7000000476837158,
      "DATA": [-58225.51953125,155733.34375,-674.7648315429688,0,0,6.183185577392578]
    },
    "0-402555": {
      "deleted": false,
      "persistent": false,
      "initially_disabled": false,
      "blocked": false,
      "NAME": "Flora_kelp_01",
      "XSCL": 2,
      "DATA": [-58415.56640625,157410.75,-665.8480224609375,0,0,0.5000002980232239]
    },
    "0-402556": {
      "deleted": false,
      "persistent": false,
      "initially_disabled": false,
      "blocked": false,
      "NAME": "Flora_kelp_02",
      "XSCL": 2,
      "DATA": [-58259.19921875,157336.796875,-733.6785888671875,0,0,0.5000002980232239]
    },
    "0-402557": {
      "deleted": false,
      "persistent": false,
      "initially_disabled": false,
      "blocked": false,
      "NAME": "Flora_kelp_03",
      "XSCL": 2,
      "DATA": [-58350.3515625,157029.546875,-860.0297241210938,0,0,0.5000002980232239]
    },
    "0-402558": {
      "deleted": false,
      "persistent": false,
      "initially_disabled": false,
      "blocked": false,
      "NAME": "Flora_kelp_04",
      "XSCL": 2,
      "DATA": [-58533.140625,157263.078125,-821.5504760742188,0,0,0.5000002980232239]
    },
    "0-402559": {
      "deleted": false,
      "persistent": false,
      "initially_disabled": false,
      "blocked": false,
      "NAME": "Flora_kelp_01",
      "XSCL": 1.9200000762939453,
      "DATA": [-57949.73828125,157546.15625,-644.0106811523438,0,0,5.7831854820251465]
    },
    "0-402560": {
      "deleted": false,
      "persistent": false,
      "initially_disabled": false,
      "blocked": false,
      "NAME": "Flora_kelp_02",
      "XSCL": 2,
      "DATA": [-57789.3359375,157520.671875,-706.9961547851562,0,0,5.7831854820251465]
    },
    "0-402561": {
      "deleted": false,
      "persistent": false,
      "initially_disabled": false,
      "blocked": false,
      "NAME": "Flora_kelp_03",
      "XSCL": 1.5000001192092896,
      "DATA": [-58102.4765625,157569.546875,-695.1392211914062,0,0.20000000298023224,5.7831854820251465]
    },
    "0-402562": {
      "deleted": false,
      "persistent": false,
      "initially_disabled": false,
      "blocked": false,
      "NAME": "Flora_kelp_04",
      "DATA": [-57997.10546875,157335.9375,-805.6995849609375,0,0,5.7831854820251465]
    },
    "0-402563": {
      "deleted": false,
      "persistent": false,
      "initially_disabled": false,
      "blocked": false,
      "NAME": "Flora_kelp_01",
      "XSCL": 1.940000057220459,
      "DATA": [-58058.6640625,157364.984375,-729.7305908203125,0,0,0.5000002980232239]
    },
    "0-402565": {
      "deleted": false,
      "persistent": false,
      "initially_disabled": false,
      "blocked": false,
      "NAME": "Flora_kelp_03",
      "XSCL": 1.5000001192092896,
      "DATA": [-57803.93359375,157355.875,-815.28857421875,0,0,0.5000002980232239]
    },
    "0-402566": {
      "deleted": false,
      "persistent": false,
      "initially_disabled": false,
      "blocked": false,
      "NAME": "Flora_kelp_04",
      "XSCL": 1.1200000047683716,
      "DATA": [-57631.41015625,157465.28125,-880.6043090820312,0,0,0.10000047832727432]
    },
    "0-402615": {
      "deleted": false,
      "persistent": false,
      "initially_disabled": false,
      "blocked": false,
      "NAME": "kollop_01_pearl",
      "DATA": [-58075.30859375,157697.03125,-735.3322143554688,0,0,6.1831841468811035]
    },
    "0-402616": {
      "deleted": false,
      "persistent": false,
      "initially_disabled": false,
      "blocked": false,
      "NAME": "kollop_02_pearl",
      "DATA": [-57689.53125,157551.296875,-861.0350341796875,5.983185768127441,5.883185863494873,6.1831841468811035]
    },
    "0-402617": {
      "deleted": false,
      "persistent": false,
      "initially_disabled": false,
      "blocked": false,
      "NAME": "kollop_03_pearl",
      "DATA": [-58177.34375,157393.5625,-829.6624145507812,5.683186054229736,0,5.18318510055542]
    },
    "0-415031": {
      "deleted": false,
      "persistent": false,
      "initially_disabled": false,
      "blocked": false,
      "NAME": "in_cave_plant00",
      "XSCL": 1.4600000381469727,
      "DATA": [-65313.4765625,161608.90625,-1115.43798828125,0,6.08318567276001,2.600001096725464]
    },
    "0-415032": {
      "deleted": false,
      "persistent": false,
      "initially_disabled": false,
      "blocked": false,
      "NAME": "terrain_rock_wg_10",
      "XSCL": 2,
      "DATA": [-62807.91796875,157554.09375,-727.1625366210938,0,0,5.683186054229736]
    },
    "0-415033": {
      "deleted": false,
      "persistent": false,
      "initially_disabled": false,
      "blocked": false,
      "NAME": "terrain_rock_wg_10",
      "XSCL": 2,
      "DATA": [-63595.3515625,155901.765625,-517.4666137695312,0,0,3.8831863403320312]
    },
    "0-415034": {
      "deleted": false,
      "persistent": false,
      "initially_disabled": false,
      "blocked": false,
      "NAME": "terrain_rock_wg_10",
      "XSCL": 2,
      "DATA": [-61822.71875,155675.09375,143.34567260742188,0,0,2.3000009059906006]
    },
    "0-415035": {
      "deleted": false,
      "persistent": false,
      "initially_disabled": false,
      "blocked": false,
      "NAME": "terrain_rock_wg_10",
      "XSCL": 2,
      "DATA": [-58739.09765625,161680.921875,67.69686889648438,0,0,6.183186054229736]
    },
    "0-415036": {
      "deleted": false,
      "persistent": false,
      "initially_disabled": false,
      "blocked": false,
      "NAME": "terrain_rock_wg_10",
      "XSCL": 2,
      "DATA": [-59281.78515625,159629.90625,-802.8116455078125,0,0,3.283186435699463]
    },
    "0-415037": {
      "deleted": false,
      "persistent": false,
      "initially_disabled": false,
      "blocked": false,
      "NAME": "terrain_rock_wg_10",
      "XSCL": 2,
      "DATA": [-57585.06640625,160316.421875,-593.1156005859375,0,0,1.4831868410110474]
    },
    "0-415701": {
      "deleted": false,
      "persistent": false,
      "initially_disabled": false,
      "blocked": false,
      "NAME": "terrain_rock_wg_18",
      "XSCL": 2,
      "DATA": [-57740.453125,157064.0625,-1183.40673828125,0,0,4.499999523162842]
    },
    "0-414933": {
      "deleted": false,
      "persistent": false,
      "initially_disabled": false,
      "blocked": false,
      "NAME": "terrain_rock_wg_01",
      "XSCL": 2,
      "DATA": [-57446.24609375,156801.578125,-1213.32470703125,0.20000000298023224,0.000000014901161193847657,3.700000047683716]
    },
    "0-414934": {
      "deleted": false,
      "persistent": false,
      "initially_disabled": false,
      "blocked": false,
      "NAME": "Flora_kelp_02",
      "XSCL": 1.8200000524520874,
      "DATA": [-57441.05859375,156095.96875,-956.387451171875,0,0,3.59999942779541]
    },
    "0-414937": {
      "deleted": false,
      "persistent": false,
      "initially_disabled": false,
      "blocked": false,
      "NAME": "Flora_kelp_01",
      "XSCL": 2,
      "DATA": [-57594.66015625,156250.34375,-922.8602905273438,0,0,1.0000004768371582]
    },