{
  "deleted": false,
  "DATA": {
    "flags": 2,
    "grid": [-9,19]
  },
  "NAME": null,
  "RGNN": "West Gash Region",
  "WHGT": null,
  "NAM5": null,
  "AMBI": null,
  "FRMR": {
    "0-415188": {
      "deleted": false,
      "persistent": false,
      "initially_disabled": false,
      "blocked": false,
      "NAME": "terrain_rock_wg_10",
      "XSCL": 2,
      "DATA": [-69161.0078125,159090.6875,-1501.8787841796875,0,0,5.683185577392578]
    },
    "0-415189": {
      "deleted": false,
      "persistent": false,
      "initially_disabled": false,
      "blocked": false,
      "NAME": "terrain_rock_wg_10",
      "XSCL": 2,
      "DATA": [-67765.3046875,158443.546875,-1239.7337646484375,0,0,1.0000004768371582]
    },
    "0-415190": {
      "deleted": false,
      "persistent": false,
      "initially_disabled": false,
      "blocked": false,
      "NAME": "terrain_rock_wg_10",
      "XSCL": 2,
      "DATA": [-69287.8671875,156405.515625,-1451.3118896484375,0,0,4.100000858306885]
    }
  }
}