{
  "deleted": false,
  "DATA": {
    "flags": 2,
    "grid": [-9,-6]
  },
  "NAME": null,
  "RGNN": "Bitter Coast Region",
  "WHGT": null,
  "NAM5": null,
  "AMBI": null,
  "FRMR": {
    "0-465271": {
      "deleted": false,
      "persistent": false,
      "initially_disabled": false,
      "blocked": false,
      "NAME": "terrain_rock_bc_14",
      "XSCL": 2,
      "DATA": [-68001.8828125,-45365.72265625,-1025.8848876953125,0,0,1.9999971389770508]
    },
    "0-465272": {
      "deleted": false,
      "persistent": false,
      "initially_disabled": false,
      "blocked": false,
      "NAME": "Ex_barnacles_02",
      "XSCL": 1.5200001001358032,
      "DATA": [-67954.84375,-44671.8359375,-1064.42724609375,0.20000047981739044,6.08318567276001,0.9663711190223694]
    },
    "0-465273": {
      "deleted": false,
      "persistent": false,
      "initially_disabled": false,
      "blocked": false,
      "NAME": "in_cave_plant00",
      "XSCL": 1.4300000667572021,
      "DATA": [-67895.828125,-44631.140625,-1083.4222412109375,0,0,0.9663730263710022]
    },
    "0-465274": {
      "deleted": false,
      "persistent": false,
      "initially_disabled": false,
      "blocked": false,
      "NAME": "Ex_barnacles_03",
      "XSCL": 2,
      "DATA": [-68099.109375,-44652.421875,-925.4813232421875,2.199629783630371,4.200541019439697,0.26678961515426636]
    },
    "0-465275": {
      "deleted": false,
      "persistent": false,
      "initially_disabled": false,
      "blocked": false,
      "NAME": "Ex_barnacles_02",
      "XSCL": 1.5200001001358032,
      "DATA": [-67857.15625,-44527.08984375,-1066.8311767578125,0,6.18318510055542,1.5495556592941284]
    },
    "0-465276": {
      "deleted": false,
      "persistent": false,
      "initially_disabled": false,
      "blocked": false,
      "NAME": "Flora_kelp_02",
      "XSCL": 2,
      "DATA": [-67961,-44529.58203125,-928.1749267578125,0,0,0.3663741946220398]
    },
    "0-465277": {
      "deleted": false,
      "persistent": false,
      "initially_disabled": false,
      "blocked": false,
      "NAME": "Flora_kelp_02",
      "XSCL": 1.8200000524520874,
      "DATA": [-67756.6953125,-44821.875,-934.1361694335938,0,0,3.566368818283081]
    },
    "0-465278": {
      "deleted": false,
      "persistent": false,
      "initially_disabled": false,
      "blocked": false,
      "NAME": "in_cave_plant00",
      "XSCL": 1.6200001239776611,
      "DATA": [-67874.65625,-44817.44140625,-1098.2298583984375,0,0,1.9666390419006348]
    },
    "0-465279": {
      "deleted": false,
      "persistent": false,
      "initially_disabled": false,
      "blocked": false,
      "NAME": "in_cave_plant00",
      "DATA": [-67754.140625,-44667.06640625,-1091.4044189453125,0,0,1.1663713455200195]
    },
    "0-465280": {
      "deleted": false,
      "persistent": false,
      "initially_disabled": false,
      "blocked": false,
      "NAME": "Flora_kelp_01",
      "XSCL": 1.940000057220459,
      "DATA": [-68026.4921875,-44815.8515625,-914.4557495117188,0,0,0.9663720726966858]
    },
    "0-465281": {
      "deleted": false,
      "persistent": false,
      "initially_disabled": false,
      "blocked": false,
      "NAME": "Flora_kelp_03",
      "XSCL": 1.5000001192092896,
      "DATA": [-67741.5859375,-44573.41796875,-993.721923828125,0,0,3.566368818283081]
    },
    "0-465282": {
      "deleted": false,
      "persistent": false,
      "initially_disabled": false,
      "blocked": false,
      "NAME": "blue coast ref 1024",
      "DATA": [-67925.171875,-44698.203125,-841.2689819335938,0,0,4.866370677947998]
    },
    "0-465283": {
      "deleted": false,
      "persistent": false,
      "initially_disabled": false,
      "blocked": false,
      "NAME": "terrain_rock_bc_18",
      "XSCL": 2,
      "DATA": [-68712.921875,-44482.1875,-523.0877075195312,0,0,0.7000012993812561]
    },
    "0-465284": {
      "deleted": false,
      "persistent": false,
      "initially_disabled": false,
      "blocked": false,
      "NAME": "Flora_kelp_01",
      "XSCL": 1.8200000524520874,
      "DATA": [-67877.84375,-45017.88671875,-927.6317749023438,0,0,1.7663695812225342]
    },
    "0-465285": {
      "deleted": false,
      "persistent": false,
      "initially_disabled": false,
      "blocked": false,
      "NAME": "terrain_rock_bc_16",
      "XSCL": 2,
      "DATA": [-68377.484375,-45201.41796875,-905.3094482421875,6.183185577392578,0,2.699997663497925]
    },
    "0-465286": {
      "deleted": false,
      "persistent": false,
      "initially_disabled": false,
      "blocked": false,
      "NAME": "Flora_kelp_04",
      "DATA": [-66342.9765625,-41626.8671875,-1132.0328369140625,0,0,1.0999956130981445]
    },
    "0-465287": {
      "deleted": false,
      "persistent": false,
      "initially_disabled": false,
      "blocked": false,
      "NAME": "blue coast ref 1024",
      "DATA": [-65831.6171875,-41579.3828125,-1022.1260375976562,0,0,1.699996829032898]
    },
    "0-465288": {
      "deleted": false,
      "persistent": false,
      "initially_disabled": false,
      "blocked": false,
      "NAME": "kollop_03_pearl",
      "XSCL": 0.7200000286102295,
      "DATA": [-65846.6796875,-41586.671875,-1183.958251953125,5.983184814453125,0.09999942779541016,4.383184432983398]
    },
    "0-465289": {
      "deleted": false,
      "persistent": false,
      "initially_disabled": false,
      "blocked": false,
      "NAME": "Flora_kelp_03",
      "XSCL": 1.2000000476837158,
      "DATA": [-66192.453125,-41516.4140625,-1089.6397705078125,0,6.08318567276001,1.699996829032898]
    },
    "0-465290": {
      "deleted": false,
      "persistent": false,
      "initially_disabled": false,
      "blocked": false,
      "NAME": "Flora_kelp_03",
      "XSCL": 1.2000000476837158,
      "DATA": [-66027.140625,-41656.96484375,-1129.8814697265625,0,6.08318567276001,2.0999982357025146]
    },
    "0-465291": {
      "deleted": false,
      "persistent": false,
      "initially_disabled": false,
      "blocked": false,
      "NAME": "Flora_kelp_02",
      "XSCL": 1.540000081062317,
      "DATA": [-65918.96875,-41484.2890625,-1028.652587890625,0,0,1.2999968528747559]
    },
    "0-465292": {
      "deleted": false,
      "persistent": false,
      "initially_disabled": false,
      "blocked": false,
      "NAME": "kollop_03_pearl",
      "XSCL": 0.800000011920929,
      "DATA": [-66188.8125,-41448.890625,-1136.94677734375,5.983185768127441,0.000000014901161193847657,5.283182621002197]
    },
    "0-465293": {
      "deleted": false,
      "persistent": false,
      "initially_disabled": false,
      "blocked": false,
      "NAME": "Flora_kelp_04",
      "DATA": [-66070.1171875,-41296.40234375,-1053.7828369140625,0,0.20000000298023224,2.6999971866607666]
    },
    "0-465294": {
      "deleted": false,
      "persistent": false,
      "initially_disabled": false,
      "blocked": false,
      "NAME": "terrain_rock_bc_16",
      "XSCL": 2,
      "DATA": [-66150.1640625,-42404.9921875,-1464.7080078125,0,0,2.5999982357025146]
    },
    "0-465295": {
      "deleted": false,
      "persistent": false,
      "initially_disabled": false,
      "blocked": false,
      "NAME": "terrain_rock_bc_17",
      "XSCL": 2,
      "DATA": [-66531.3515625,-42755.94140625,-1492.634765625,0,0,5.583183288574219]
    },
    "0-465296": {
      "deleted": false,
      "persistent": false,
      "initially_disabled": false,
      "blocked": false,
      "NAME": "terrain_rock_bc_15",
      "XSCL": 2,
      "DATA": [-66079.0703125,-43050.32421875,-1363.2099609375,0.10000000149011612,0.20000000298023224,6.18318510055542]
    },
    "0-465297": {
      "deleted": false,
      "persistent": false,
      "initially_disabled": false,
      "blocked": false,
      "NAME": "terrain_rock_bc_14",
      "XSCL": 2,
      "DATA": [-65738.8984375,-42884.08984375,-1405.369140625,0,0,2.799999475479126]
    },
    "0-465298": {
      "deleted": false,
      "persistent": false,