{
  "deleted": false,
  "DATA": {
    "flags": 2,
    "grid": [10,23]
  },
  "NAME": null,
  "RGNN": "Sheogorad",
  "WHGT": null,
  "NAM5": null,
  "AMBI": null,
  "FRMR": {
    "0-434572": {
      "deleted": false,
      "persistent": false,
      "initially_disabled": false,
      "blocked": false,
      "NAME": "Ex_T_menhir_L_01",
      "XSCL": 2,
      "DATA": [82880.6015625,190267.4375,-2391.09716796875,0,0,4.916816234588623]
    },
    "0-434573": {
      "deleted": false,
      "persistent": false,
      "initially_disabled": false,
      "blocked": false,
      "NAME": "Ex_T_menhir_L_01",
      "XSCL": 2,
      "DATA": [83632.2109375,191833.96875,-2785.76806640625,0,0,1.8831859827041626]
    },
    "0-434574": {
      "deleted": false,
      "persistent": false,
      "initially_disabled": false,
      "blocked": false,
      "NAME": "Ex_T_menhir_L_01",
      "XSCL": 2,
      "DATA": [82540.1328125,191157.34375,-2347.157470703125,0,0,5.016812801361084]
    },
    "0-434575": {
      "deleted": false,
      "persistent": false,
      "initially_disabled": false,
      "blocked": false,
      "NAME": "Ex_T_menhir_L_01",
      "XSCL": 2,
      "DATA": [83712.6796875,189515.9375,-2643.2861328125,0,0,3.6168150901794434]
    },
    "0-434576": {
      "deleted": false,
      "persistent": false,
      "initially_disabled": false,
      "blocked": false,
      "NAME": "Ex_T_menhir_L_01",
      "XSCL": 2,
      "DATA": [82150.2578125,189269.125,-2758.019287109375,0,0,0.48318591713905334]
    }
  }
}