{
  "deleted": false,
  "DATA": {
    "flags": 2,
    "grid": [10,-5]
  },
  "NAME": null,
  "RGNN": "Molag Mar Region",
  "WHGT": null,
  "NAM5": null,
  "AMBI": null,
  "FRMR": {
    "0-375408": {
      "deleted": false,
      "persistent": false,
      "initially_disabled": false,
      "blocked": false,
      "NAME": "terrain_rock_ma_550",
      "XSCL": 2,
      "DATA": [89081.515625,-36675,4455.501953125,0,0,4.383185863494873]
    },
    "0-375409": {
      "deleted": false,
      "persistent": false,
      "initially_disabled": false,
      "blocked": false,
      "NAME": "terrain_rock_ma_02",
      "XSCL": 2,
      "DATA": [88949.3515625,-36472.82421875,4358.3193359375,0,0,5.4831109046936035]
    },
    "0-375410": {
      "deleted": false,
      "persistent": false,
      "initially_disabled": false,
      "blocked": false,
      "NAME": "terrain_rock_ma_55",
      "XSCL": 2,
      "DATA": [89293.03125,-36516.21875,4520.26171875,0,0,2.9831836223602295]
    },
    "0-375411": {
      "deleted": false,
      "persistent": false,
      "initially_disabled": false,
      "blocked": false,
      "NAME": "terrain_rock_ma_550",
      "XSCL": 2,
      "DATA": [89092.46875,-37870.5703125,4542.3828125,0,0,0.9831855893135071]
    },
    "0-375412": {
      "deleted": false,
      "persistent": false,
      "initially_disabled": false,
      "blocked": false,
      "NAME": "terrain_rock_ma_19",
      "XSCL": 1.7300001382827759,
      "DATA": [89004.3125,-38252.2421875,4888.23681640625,0,0,1.383063554763794]
    },
    "0-375413": {
      "deleted": false,
      "persistent": false,
      "initially_disabled": false,
      "blocked": false,
      "NAME": "terrain_rock_ma_54",
      "XSCL": 1.5800000429153442,
      "DATA": [89279.4375,-38255.2421875,5333.97021484375,0,0,2.4831860065460205]
    },
    "0-375414": {
      "deleted": false,
      "persistent": false,
      "initially_disabled": false,
      "blocked": false,
      "NAME": "terrain_rock_ma_58",
      "XSCL": 2,
      "DATA": [89131.3515625,-38017.53125,4896.40283203125,0,0,3.383185863494873]
    },
    "0-375415": {
      "deleted": false,
      "persistent": false,
      "initially_disabled": false,
      "blocked": false,
      "NAME": "terrain_rock_ma_5a",
      "XSCL": 2,
      "DATA": [89104.1328125,-38609.65625,4973.49072265625,0,0,4.56622314453125]
    },
    "0-375416": {
      "deleted": false,
      "persistent": false,
      "initially_disabled": false,
      "blocked": false,
      "NAME": "terrain_rock_ma_67",
      "XSCL": 2,
      "DATA": [88688.3203125,-38578.7890625,4739.78857421875,0,0,4.2669854164123535]
    },
    "0-375417": {
      "deleted": false,
      "persistent": false,
      "initially_disabled": false,
      "blocked": false,
      "NAME": "terrain_rock_ma_55",
      "XSCL": 2,
      "DATA": [88738.25,-37964.62890625,4544.72509765625,0,0,3.0663743019104004]
    },
    "0-375418": {
      "deleted": false,
      "persistent": false,
      "initially_disabled": false,
      "blocked": false,
      "NAME": "flora_ashtree_07",
      "XSCL": 2,
      "DATA": [89171.3203125,-38614.92578125,5926.80810546875,0,0,0.7831858992576599]
    },
    "0-375419": {
      "deleted": false,
      "persistent": false,
      "initially_disabled": false,
      "blocked": false,
      "NAME": "flora_ashtree_04",
      "XSCL": 2,
      "DATA": [89084.5859375,-38767.765625,5729.1220703125,0,0,0.28311118483543396]
    },
    "0-375420": {
      "deleted": false,
      "persistent": false,
      "initially_disabled": false,
      "blocked": false,
      "NAME": "flora_ashtree_06",
      "XSCL": 2,
      "DATA": [88829.484375,-38868.23046875,5314.01708984375,0,0,0.9831860661506653]
    },
    "0-375421": {
      "deleted": false,
      "persistent": false,
      "initially_disabled": false,
      "blocked": false,
      "NAME": "terrain_rock_ma_550",
      "XSCL": 2,
      "DATA": [87499.609375,-35764.23828125,4157.48779296875,0,0,5.966371536254883]
    },
    "0-375422": {
      "deleted": false,
      "persistent": false,
      "initially_disabled": false,
      "blocked": false,
      "NAME": "terrain_rock_ma_55",
      "XSCL": 2,
      "DATA": [87516.9921875,-36132.65234375,4439.7607421875,0,0,4.566370487213135]
    },
    "0-375423": {
      "deleted": false,
      "persistent": false,
      "initially_disabled": false,
      "blocked": false,
      "NAME": "terrain_rock_ma_58",
      "XSCL": 2,
      "DATA": [87739.1171875,-36507.12109375,4292.673828125,0,0,1.083185076713562]
    },
    "0-375424": {
      "deleted": false,
      "persistent": false,
      "initially_disabled": false,
      "blocked": false,
      "NAME": "flora_ashtree_02",
      "XSCL": 2,
      "DATA": [87300.0625,-36996.31640625,4707.041015625,0,0,5.366371154785156]
    },
    "0-375425": {
      "deleted": false,
      "persistent": false,
      "initially_disabled": false,
      "blocked": false,
      "NAME": "flora_ashtree_05",
      "XSCL": 2,
      "DATA": [87146.921875,-36770.59765625,5319.572265625,0,0,1.583849549293518]
    },
    "0-375426": {
      "deleted": false,
      "persistent": false,
      "initially_disabled": false,
      "blocked": false,
      "NAME": "terrain_rock_ma_55",
      "XSCL": 2,
      "DATA": [87074.9296875,-36437.44921875,4784.15625,0,0,5.966370582580566]
    },
    "0-375427": {
      "deleted": false,
      "persistent": false,
      "initially_disabled": false,
      "blocked": false,
      "NAME": "terrain_rock_ma_19",
      "XSCL": 1.7300001382827759,
      "DATA": [87493.0703125,-36664.203125,4549.984375,0,0,4.066248893737793]
    },
    "0-375428": {
      "deleted": false,
      "persistent": false,
      "initially_disabled": false,
      "blocked": false,
      "NAME": "terrain_rock_ma_54",
      "XSCL": 2,
      "DATA": [86697.078125,-36547.64453125,5807.4599609375,0,0,5.466371059417725]
    },
    "0-375429": {
      "deleted": false,
      "persistent": false,
      "initially_disabled": false,
      "blocked": false,
      "NAME": "terrain_rock_ma_54",
      "XSCL": 2,
      "DATA": [87031.6015625,-35762.90234375,5079.04443359375,0,0,0.7999996542930603]
    },
    "0-375430": {
      "deleted": false,
      "persistent": false,
      "initially_disabled": false,
      "blocked": false,
      "NAME": "terrain_rock_ma_5a",
      "XSCL": 2,
      "DATA": [87342.5,-35829.47265625,4552.57275390625,0,0,0.1662239134311676]
    },
    "0-375431": {
      "deleted": false,
      "persistent": false,
      "initially_disabled": false,
      "blocked": false,
      "NAME": "flora_ashtree_05",
      "XSCL": 2,
      "DATA": [87207.28125,-36041.1015625,5184.37109375,0,0,1.7838467359542847]
    },
    "0-375432": {
      "deleted": false,
      "persistent": false,
      "initially_disabled": false,
      "blocked": false,
      "NAME": "terrain_rock_ma_54",
      "XSCL": 2,
      "DATA": [87151.9140625,-38418.48828125,5106.58642578125,0,0,5.583184242248535]
    },
    "0-375433": {
      "deleted": false,
      "persistent": false,
      "initially_disabled": false,
      "blocked": false,
      "NAME": "terrain_rock_ma_58",
      "XSCL": 2,
      "DATA": [87375.015625,-38020.70703125,4488.24365234375,0,0,0.19999852776527405]
    },
    "0-375434": {
      "deleted": false,
      "persistent": false,
      "initially_disabled": false,
      "blocked": false,
      "NAME": "terrain_rock_ma_02",
      "XSCL": 2,
      "DATA": [87525.703125,-38229.40625,4460.04248046875,0,0,6.0831098556518555]
    },
    "0-375435": {
      "deleted": false,
      "persistent": false,
      "initially_disabled": false,
      "blocked": false,
      "NAME": "terrain_rock_ma_55",
      "XSCL": 2,
      "DATA": [87325.15625,-38584.828125,4581.53173828125,0,0,0.5831875801086426]
    },
    "0-375436": {
      "deleted": false,
      "persistent": false,
      "initially_disabled": false,
      "blocked": false,
      "NAME": "terrain_rock_ma_10",
      "XSCL": 2,