{
  "deleted": false,
  "DATA": {
    "flags": 2,
    "grid": [10,22]
  },
  "NAME": null,
  "RGNN": "Azura's Coast Region",
  "WHGT": null,
  "NAM5": null,
  "AMBI": null,
  "FRMR": {
    "0-434577": {
      "deleted": false,
      "persistent": false,
      "initially_disabled": false,
      "blocked": false,
      "NAME": "Ex_T_menhir_L_01",
      "XSCL": 2,
      "DATA": [83783.4140625,187176.1875,-3125.317626953125,0,0,4.983187198638916]
    },
    "0-434578": {
      "deleted": false,
      "persistent": false,
      "initially_disabled": false,
      "blocked": false,
      "NAME": "Ex_T_menhir_L_01",
      "XSCL": 2,
      "DATA": [83370.3359375,188047.609375,-2988.53564453125,0,0,2.866372585296631]
    },
    "0-434579": {
      "deleted": false,
      "persistent": false,
      "initially_disabled": false,
      "blocked": false,
      "NAME": "Ex_T_menhir_L_01",
      "XSCL": 1.7000000476837158,
      "DATA": [83584.890625,182027.140625,-1915.51904296875,0,0,1.1168147325515747]
    },
    "0-434580": {
      "deleted": false,
      "persistent": false,
      "initially_disabled": false,
      "blocked": false,
      "NAME": "Ex_T_menhir_L_01",
      "XSCL": 1.7000000476837158,
      "DATA": [83874.6953125,183989.421875,-2155.219482421875,0,0,2.9168143272399902]
    },
    "0-434581": {
      "deleted": false,
      "persistent": false,
      "initially_disabled": false,
      "blocked": false,
      "NAME": "Ex_T_menhir_L_01",
      "XSCL": 2,
      "DATA": [82885.9609375,183160.390625,-2355.732421875,0,0,5.516815185546875]
    },
    "0-434582": {
      "deleted": false,
      "persistent": false,
      "initially_disabled": false,
      "blocked": false,
      "NAME": "Ex_T_menhir_L_01",
      "XSCL": 2,
      "DATA": [84358.015625,181974.515625,-2871.36474609375,0,0,5.949558734893799]
    },
    "0-434583": {
      "deleted": false,
      "persistent": false,
      "initially_disabled": false,
      "blocked": false,
      "NAME": "Ex_T_menhir_L_01",
      "XSCL": 2,
      "DATA": [84440.7421875,181343.6875,-2793.78466796875,0,0,3.366370677947998]
    },
    "0-434584": {
      "deleted": false,
      "persistent": false,
      "initially_disabled": false,
      "blocked": false,
      "NAME": "Ex_T_menhir_L_01",
      "XSCL": 2,
      "DATA": [84989.609375,182026.5625,-2561.48583984375,0,0,2.749558448791504]
    },
    "0-434585": {
      "deleted": false,
      "persistent": false,
      "initially_disabled": false,
      "blocked": false,
      "NAME": "Ex_T_menhir_L_01",
      "XSCL": 2,
      "DATA": [86833.3046875,181739.484375,-2509.68505859375,0,0,4.416816234588623]
    },
    "0-434586": {
      "deleted": false,
      "persistent": false,
      "initially_disabled": false,
      "blocked": false,
      "NAME": "Ex_T_menhir_L_01",
      "XSCL": 2,
      "DATA": [86741.859375,183474.609375,-2904.35595703125,0,0,1.3831859827041626]
    },
    "0-434587": {
      "deleted": false,
      "persistent": false,
      "initially_disabled": false,
      "blocked": false,
      "NAME": "Ex_T_menhir_L_01",
      "XSCL": 2,
      "DATA": [86107.8671875,182357.21875,-2465.74560546875,0,0,4.516812801361084]
    },
    "0-434588": {
      "deleted": false,
      "persistent": false,
      "initially_disabled": false,
      "blocked": false,
      "NAME": "Ex_T_menhir_L_01",
      "XSCL": 2,
      "DATA": [87923.8046875,181478.90625,-2761.87451171875,0,0,3.1168153285980225]
    },
    "0-434589": {
      "deleted": false,
      "persistent": false,
      "initially_disabled": false,
      "blocked": false,
      "NAME": "Ex_T_menhir_L_01",
      "XSCL": 2,
      "DATA": [86670.984375,180513.25,-2876.607421875,0,0,6.266371250152588]
    },
    "0-434590": {
      "deleted": false,
      "persistent": false,
      "initially_disabled": false,
      "blocked": false,
      "NAME": "Ex_T_menhir_L_01",
      "XSCL": 2,
      "DATA": [82072.234375,185323.609375,-2556.1123046875,0,0,3.349559783935547]
    },
    "0-434591": {
      "deleted": false,
      "persistent": false,
      "initially_disabled": false,
      "blocked": false,
      "NAME": "Ex_T_menhir_L_01",
      "XSCL": 2,
      "DATA": [82326.53125,185906.8125,-2478.5322265625,0,0,0.7663704752922058]
    },
    "0-434592": {
      "deleted": false,
      "persistent": false,
      "initially_disabled": false,
      "blocked": false,
      "NAME": "Ex_T_menhir_L_01",
      "XSCL": 1.7000000476837158,
      "DATA": [82865.4765625,184750.96875,-2005.7425537109375,0,0,4.80000114440918]
    }
  }
}