{
  "deleted": false,
  "DATA": {
    "flags": 2,
    "grid": [12,22]
  },
  "NAME": null,
  "RGNN": "Azura's Coast Region",
  "WHGT": null,
  "NAM5": null,
  "AMBI": null,
  "FRMR": {
    "0-438678": {
      "deleted": false,
      "persistent": false,
      "initially_disabled": false,
      "blocked": false,
      "NAME": "Ex_T_menhir_L_01",
      "XSCL": 1.7000000476837158,
      "DATA": [100218.3359375,182025.28125,-1619.6898193359375,0,0,1.1168147325515747]
    },
    "0-438679": {
      "deleted": false,
      "persistent": false,
      "initially_disabled": false,
      "blocked": false,
      "NAME": "Ex_T_menhir_L_01",
      "XSCL": 2,
      "DATA": [99519.3984375,183158.53125,-2059.90283203125,0,0,5.516815185546875]
    },
    "0-438680": {
      "deleted": false,
      "persistent": false,
      "initially_disabled": false,
      "blocked": false,
      "NAME": "Ex_T_menhir_L_01",
      "XSCL": 2,
      "DATA": [100991.4609375,181972.65625,-2575.53662109375,0,0,5.949558734893799]
    },
    "0-438681": {
      "deleted": false,
      "persistent": false,
      "initially_disabled": false,
      "blocked": false,
      "NAME": "Ex_T_menhir_L_01",
      "XSCL": 2,
      "DATA": [101074.1796875,181341.828125,-2497.95654296875,0,0,3.366370677947998]
    },
    "0-438682": {
      "deleted": false,
      "persistent": false,
      "initially_disabled": false,
      "blocked": false,
      "NAME": "Ex_T_menhir_L_01",
      "XSCL": 2,
      "DATA": [101623.0546875,182024.703125,-2265.6572265625,0,0,2.749558448791504]
    },
    "0-438683": {
      "deleted": false,
      "persistent": false,
      "initially_disabled": false,
      "blocked": false,
      "NAME": "Ex_T_menhir_L_01",
      "XSCL": 2,
      "DATA": [103466.7421875,181737.625,-2213.856201171875,0,0,4.416816234588623]
    },
    "0-438684": {
      "deleted": false,
      "persistent": false,
      "initially_disabled": false,
      "blocked": false,
      "NAME": "Ex_T_menhir_L_01",
      "XSCL": 2,
      "DATA": [103375.3046875,183472.75,-2608.527587890625,0,0,1.3831859827041626]
    },
    "0-438685": {
      "deleted": false,
      "persistent": false,
      "initially_disabled": false,
      "blocked": false,
      "NAME": "Ex_T_menhir_L_01",
      "XSCL": 2,
      "DATA": [102741.3046875,182355.359375,-2169.916748046875,0,0,4.516812801361084]
    },
    "0-438686": {
      "deleted": false,
      "persistent": false,
      "initially_disabled": false,
      "blocked": false,
      "NAME": "Ex_T_menhir_L_01",
      "XSCL": 2,
      "DATA": [104557.2421875,181477.046875,-2466.0458984375,0,0,3.1168153285980225]
    },
    "0-438687": {
      "deleted": false,
      "persistent": false,
      "initially_disabled": false,
      "blocked": false,
      "NAME": "Ex_T_menhir_L_01",
      "XSCL": 2,
      "DATA": [103304.4296875,180511.390625,-2580.77880859375,0,0,6.266371250152588]
    },
    "0-438688": {
      "deleted": false,
      "persistent": false,
      "initially_disabled": false,
      "blocked": false,
      "NAME": "Ex_T_menhir_L_01",
      "XSCL": 2,
      "DATA": [105966.640625,180660.90625,-2811.294921875,0,0,2.36637282371521]
    }
  }
}