{
  "deleted": false,
  "DATA": {
    "flags": 2,
    "grid": [13,20]
  },
  "NAME": null,
  "RGNN": "Azura's Coast Region",
  "WHGT": null,
  "NAM5": null,
  "AMBI": null,
  "FRMR": {
    "0-438206": {
      "deleted": false,
      "persistent": false,
      "initially_disabled": false,
      "blocked": false,
      "NAME": "Ex_T_menhir_L_01",
      "XSCL": 2,
      "DATA": [108250.515625,164659,-2246.461669921875,0,0,5.983185291290283]
    },
    "0-438207": {
      "deleted": false,
      "persistent": false,
      "initially_disabled": false,
      "blocked": false,
      "NAME": "Ex_T_menhir_L_01",
      "XSCL": 1.53000009059906,
      "DATA": [108784.6328125,164183.046875,-2098.699951171875,0,0,4.466372489929199]
    },
    "0-438208": {
      "deleted": false,
      "persistent": false,
      "initially_disabled": false,
      "blocked": false,
      "NAME": "Ex_T_menhir_L_01",
      "XSCL": 1.440000057220459,
      "DATA": [106502.71875,171369.078125,-1947.0574951171875,0,0,3.68318510055542]
    },
    "0-438209": {
      "deleted": false,
      "persistent": false,
      "initially_disabled": false,
      "blocked": false,
      "NAME": "Ex_T_menhir_L_01",
      "XSCL": 2,
      "DATA": [106745.6796875,170570.25,-2526.720947265625,0,0,5.366368770599365]
    },
    "0-438210": {
      "deleted": false,
      "persistent": false,
      "initially_disabled": false,
      "blocked": false,
      "NAME": "Ex_T_menhir_L_01",
      "XSCL": 2,
      "DATA": [108147.4453125,168837.671875,-2360.011474609375,0,0,4.999999046325684]
    },
    "0-438211": {
      "deleted": false,
      "persistent": false,
      "initially_disabled": false,
      "blocked": false,
      "NAME": "Ex_T_menhir_L_01",
      "XSCL": 2,
      "DATA": [108464.7890625,168287.171875,-2573.25439453125,0,0,2.216813802719116]
    },
    "0-438212": {
      "deleted": false,
      "persistent": false,
      "initially_disabled": false,
      "blocked": false,
      "NAME": "Ex_T_menhir_L_01",
      "XSCL": 2,
      "DATA": [108801.203125,166726.59375,-2432.372314453125,0,0,3.849555730819702]
    },
    "0-438213": {
      "deleted": false,
      "persistent": false,
      "initially_disabled": false,
      "blocked": false,
      "NAME": "Ex_T_menhir_L_01",
      "XSCL": 2,
      "DATA": [107896.796875,165745.671875,-2761.10009765625,0,0,3.5663702487945557]
    },
    "0-438214": {
      "deleted": false,
      "persistent": false,
      "initially_disabled": false,
      "blocked": false,
      "NAME": "Ex_T_menhir_L_01",
      "XSCL": 2,
      "DATA": [108218.0625,171022.46875,-2587.61865234375,0,0,0.08318328857421875]
    },
    "0-438215": {
      "deleted": false,
      "persistent": false,
      "initially_disabled": false,
      "blocked": false,
      "NAME": "h2o_all_lev-2",
      "DATA": [109547.9921875,171412.9375,-1349.2347412109375,0,0,3.6999995708465576]
    },
    "0-438216": {
      "deleted": false,
      "persistent": false,
      "initially_disabled": false,
      "blocked": false,
      "NAME": "Ex_T_menhir_L_01",
      "XSCL": 1.440000057220459,
      "DATA": [109156.25,171366.90625,-1880.2838134765625,0,0,4.68318510055542]
    },
    "0-438217": {
      "deleted": false,
      "persistent": false,
      "initially_disabled": false,
      "blocked": false,
      "NAME": "Ex_T_menhir_L_01",
      "XSCL": 2,
      "DATA": [110047.2109375,170235.328125,-2265.430419921875,0,0,5.066368579864502]
    },
    "0-438218": {
      "deleted": false,
      "persistent": false,
      "initially_disabled": false,
      "blocked": false,
      "NAME": "Flora_kelp_03",
      "DATA": [107532.9765625,167246.25,-1799.5355224609375,0,0,4.983185291290283]
    },
    "0-438219": {
      "deleted": false,
      "persistent": false,
      "initially_disabled": false,
      "blocked": false,
      "NAME": "Flora_kelp_03",
      "XSCL": 1.6400001049041748,
      "DATA": [107473.6484375,167753.1875,-1830.4464111328125,0,0,4.983185291290283]
    },
    "0-438220": {
      "deleted": false,
      "persistent": false,
      "initially_disabled": false,
      "blocked": false,
      "NAME": "Flora_kelp_04",
      "XSCL": 1.7300001382827759,
      "DATA": [107598.0859375,167646.296875,-1872.9388427734375,0,0,4.983185291290283]
    },
    "0-438221": {
      "deleted": false,
      "persistent": false,
      "initially_disabled": false,
      "blocked": false,
      "NAME": "Flora_kelp_02",
      "XSCL": 1.4300000667572021,
      "DATA": [107405.7578125,167531.25,-1699.1395263671875,0,0,4.983185291290283]
    },
    "0-438222": {
      "deleted": false,
      "persistent": false,
      "initially_disabled": false,
      "blocked": false,
      "NAME": "kollop_03_pearl",
      "XSCL": 1.0800000429153442,
      "DATA": [107486.8984375,167577.875,-1889.5643310546875,0.20000001788139343,5.983185768127441,1.700000524520874]
    },
    "0-438223": {
      "deleted": false,
      "persistent": false,
      "initially_disabled": false,
      "blocked": false,
      "NAME": "Flora_kelp_04",
      "XSCL": 1.940000057220459,
      "DATA": [107241.9921875,167538.8125,-1714.70654296875,0,0,4.983185291290283]
    },
    "0-438224": {
      "deleted": false,
      "persistent": false,
      "initially_disabled": false,
      "blocked": false,
      "NAME": "Flora_kelp_02",
      "XSCL": 1.5800000429153442,
      "DATA": [107578.5859375,167480.234375,-1752.3966064453125,0,0,5.983184814453125]
    },
    "0-438225": {
      "deleted": false,
      "persistent": false,
      "initially_disabled": false,
      "blocked": false,
      "NAME": "kollop_01_pearl",
      "XSCL": 0.5,
      "DATA": [107407.7734375,167432.65625,-1805.0205078125,3.2831859588623047,0.20000000298023224,0.800000011920929]
    },
    "0-438226": {
      "deleted": false,
      "persistent": false,
      "initially_disabled": false,
      "blocked": false,
      "NAME": "kollop_02_pearl",
      "XSCL": 0.8300000429153442,
      "DATA": [107536.9140625,167401.625,-1880.765380859375,0.19999998807907104,5.9831862449646,2.0000009536743164]
    },
    "0-438227": {
      "deleted": false,
      "persistent": false,
      "initially_disabled": false,
      "blocked": false,
      "NAME": "Flora_kelp_01",
      "XSCL": 1.5800000429153442,
      "DATA": [107282.6328125,167675.640625,-1686.3529052734375,0,0,4.983185291290283]
    },
    "0-438228": {
      "deleted": false,
      "persistent": false,
      "initially_disabled": false,
      "blocked": false,
      "NAME": "blue coast ref 1024",
      "DATA": [107490.953125,167559.15625,-1675.2666015625,0,0,0.9000003933906555]
    },
    "0-438229": {
      "deleted": false,
      "persistent": false,
      "initially_disabled": false,
      "blocked": false,
      "NAME": "Flora_kelp_01",
      "XSCL": 1.5800000429153442,
      "DATA": [107663.8828125,167392.828125,-1828.208740234375,0,0,4.983185291290283]
    },
    "0-438230": {
      "deleted": false,
      "persistent": false,
      "initially_disabled": false,
      "blocked": false,
      "NAME": "Ex_T_menhir_L_01",
      "XSCL": 2,
      "DATA": [110732.40625,169578.375,-2810.444580078125,0,0,5.349554538726807]
    },
    "0-438231": {
      "deleted": false,
      "persistent": false,
      "initially_disabled": false,
      "blocked": false,
      "NAME": "Ex_T_menhir_L_01",
      "XSCL": 2,
      "DATA": [108111.828125,166548.078125,-2701.270263671875,0,0,2.1663713455200195]
    },
    "0-438232": {
      "deleted": false,
      "persistent": false,
      "initially_disabled": false,
      "blocked": false,
      "NAME": "Ex_T_menhir_L_01",
      "XSCL": 1.53000009059906,
      "DATA": [109455.34375,167225.6875,-2423.147705078125,0,0,5.866372108459473]
    },
    "0-438233": {
      "deleted": false,
      "persistent": false,
      "initially_disabled": false,
      "blocked": false,
      "NAME": "Ex_T_menhir_L_01",
      "XSCL": 2,
      "DATA": [109833.59375,167832.9375,-2748.060791015625,0,0,1.0999997854232788]
    },