{
  "deleted": false,
  "DATA": {
    "flags": 2,
    "grid": [13,18]
  },
  "NAME": null,
  "RGNN": "Azura's Coast Region",
  "WHGT": null,
  "NAM5": null,
  "AMBI": null,
  "FRMR": {
    "0-438246": {
      "deleted": false,
      "persistent": false,
      "initially_disabled": false,
      "blocked": false,
      "NAME": "Ex_T_menhir_L_01",
      "XSCL": 2,
      "DATA": [108342.5546875,155357.0625,-2197.92626953125,0,0,5.983185291290283]
    },
    "0-438247": {
      "deleted": false,
      "persistent": false,
      "initially_disabled": false,
      "blocked": false,
      "NAME": "Ex_T_menhir_L_01",
      "XSCL": 1.53000009059906,
      "DATA": [108876.671875,154881.109375,-2050.164306640625,0,0,4.466372489929199]
    },
    "0-438248": {
      "deleted": false,
      "persistent": false,
      "initially_disabled": false,
      "blocked": false,
      "NAME": "Ex_T_menhir_L_01",
      "XSCL": 2,
      "DATA": [107325.5234375,153888.3125,-2028.764404296875,0,0,2.799999475479126]
    },
    "0-438249": {
      "deleted": false,
      "persistent": false,
      "initially_disabled": false,
      "blocked": false,
      "NAME": "Ex_T_menhir_L_01",
      "XSCL": 2,
      "DATA": [108875.2109375,151521.0625,-2367.6796875,0,0,2.6831862926483154]
    },
    "0-438250": {
      "deleted": false,
      "persistent": false,
      "initially_disabled": false,
      "blocked": false,
      "NAME": "Ex_T_menhir_L_01",
      "XSCL": 2,
      "DATA": [108522.5078125,150898.609375,-2515.44140625,0,0,4.199999809265137]
    },
    "0-438251": {
      "deleted": false,
      "persistent": false,
      "initially_disabled": false,
      "blocked": false,
      "NAME": "Ex_T_menhir_L_01",
      "XSCL": 2,
      "DATA": [107602.2421875,149717.515625,-1638.5777587890625,0,0,1.8168131113052368]
    },
    "0-438252": {
      "deleted": false,
      "persistent": false,
      "initially_disabled": false,
      "blocked": false,
      "NAME": "Ex_T_menhir_L_01",
      "XSCL": 2,
      "DATA": [107262.3046875,150254.359375,-1253.8719482421875,0,0,5.3168134689331055]
    },
    "0-438253": {
      "deleted": false,
      "persistent": false,
      "initially_disabled": false,
      "blocked": false,
      "NAME": "Ex_T_menhir_L_01",
      "XSCL": 2,
      "DATA": [106861.2890625,151799.578125,-1597.0189208984375,0,0,0.6663702130317688]
    },
    "0-438254": {
      "deleted": false,
      "persistent": false,
      "initially_disabled": false,
      "blocked": false,
      "NAME": "Ex_T_menhir_L_01",
      "XSCL": 2,
      "DATA": [107724.1171875,152817.265625,-1925.7474365234375,0,0,0.3831847012042999]
    },
    "0-438255": {
      "deleted": false,
      "persistent": false,
      "initially_disabled": false,
      "blocked": false,
      "NAME": "Ex_T_menhir_L_01",
      "XSCL": 2,
      "DATA": [107542.6328125,152006.609375,-1865.9183349609375,0,0,5.266371250152588]
    },
    "0-438256": {
      "deleted": false,
      "persistent": false,
      "initially_disabled": false,
      "blocked": false,
      "NAME": "Ex_T_menhir_L_01",
      "XSCL": 1.53000009059906,
      "DATA": [106772.0859375,154341.640625,-1881.001953125,0,0,1.283186674118042]
    },
    "0-438257": {
      "deleted": false,
      "persistent": false,
      "initially_disabled": false,
      "blocked": false,
      "NAME": "Ex_T_menhir_L_01",
      "XSCL": 2,
      "DATA": [107487.484375,148128.171875,-2102.834228515625,0,0,5.6999969482421875]
    },
    "0-438258": {
      "deleted": false,
      "persistent": false,
      "initially_disabled": false,
      "blocked": false,
      "NAME": "Ex_T_menhir_L_01",
      "XSCL": 2,
      "DATA": [108134.46875,147736.703125,-1700.280517578125,0,0,4.299999237060547]
    },
    "0-438259": {
      "deleted": false,
      "persistent": false,
      "initially_disabled": false,
      "blocked": false,
      "NAME": "Ex_T_menhir_L_01",
      "XSCL": 2,
      "DATA": [112176.234375,149375.109375,-1416.4710693359375,0,0,2.3663711547851562]
    },
    "0-438260": {
      "deleted": false,
      "persistent": false,
      "initially_disabled": false,
      "blocked": false,
      "NAME": "Ex_T_menhir_L_01",
      "XSCL": 2,
      "DATA": [113074.2734375,148388.34375,-1745.198974609375,0,0,2.083185911178589]
    },
    "0-438261": {
      "deleted": false,
      "persistent": false,
      "initially_disabled": false,
      "blocked": false,
      "NAME": "Ex_T_menhir_L_01",
      "XSCL": 2,
      "DATA": [112293.7890625,148672.75,-1685.369873046875,0,0,0.6831851005554199]
    },
    "0-438262": {
      "deleted": false,
      "persistent": false,
      "initially_disabled": false,
      "blocked": false,
      "NAME": "Ex_T_menhir_L_01",
      "XSCL": 2,
      "DATA": [110500.921875,150509.125,-1584.387939453125,0,0,3.8495583534240723]
    },
    "0-438263": {
      "deleted": false,
      "persistent": false,
      "initially_disabled": false,
      "blocked": false,
      "NAME": "Ex_T_menhir_L_01",
      "XSCL": 2,
      "DATA": [110016.109375,148908.578125,-1878.60205078125,0,0,3.5168142318725586]
    },
    "0-438264": {
      "deleted": false,
      "persistent": false,
      "initially_disabled": false,
      "blocked": false,
      "NAME": "Ex_T_menhir_L_01",
      "XSCL": 2,
      "DATA": [110592.2265625,149176.53125,-1358.943603515625,0,0,0.733627438545227]
    },
    "0-438265": {
      "deleted": false,
      "persistent": false,
      "initially_disabled": false,
      "blocked": false,
      "NAME": "Ex_T_menhir_L_01",
      "XSCL": 2,
      "DATA": [111068.7734375,147843.796875,-2334.892578125,0,0,5.899999618530273]
    },
    "0-438266": {
      "deleted": false,
      "persistent": false,
      "initially_disabled": false,
      "blocked": false,
      "NAME": "Ex_T_menhir_L_01",
      "XSCL": 2,
      "DATA": [114187.765625,148645.625,-1848.21630859375,0,0,4.500000953674316]
    }
  }
}