{
  "deleted": false,
  "DATA": {
    "flags": 2,
    "grid": [13,19]
  },
  "NAME": null,
  "RGNN": "Azura's Coast Region",
  "WHGT": null,
  "NAM5": null,
  "AMBI": null,
  "FRMR": {
    "0-438236": {
      "deleted": false,
      "persistent": false,
      "initially_disabled": false,
      "blocked": false,
      "NAME": "Ex_T_menhir_L_01",
      "XSCL": 1.53000009059906,
      "DATA": [106892.671875,157786.6875,-2108.365478515625,0,0,5.866372108459473]
    },
    "0-438237": {
      "deleted": false,
      "persistent": false,
      "initially_disabled": false,
      "blocked": false,
      "NAME": "Ex_T_menhir_L_01",
      "XSCL": 2,
      "DATA": [107270.921875,158393.9375,-2256.127197265625,0,0,1.0999997854232788]
    },
    "0-438238": {
      "deleted": false,
      "persistent": false,
      "initially_disabled": false,
      "blocked": false,
      "NAME": "Ex_T_menhir_L_01",
      "XSCL": 2,
      "DATA": [108239.484375,159535.734375,-2575.45361328125,0,0,4.999999046325684]
    },
    "0-438239": {
      "deleted": false,
      "persistent": false,
      "initially_disabled": false,
      "blocked": false,
      "NAME": "Ex_T_menhir_L_01",
      "XSCL": 2,
      "DATA": [108556.828125,158985.234375,-2190.748291015625,0,0,2.216813802719116]
    },
    "0-438240": {
      "deleted": false,
      "persistent": false,
      "initially_disabled": false,
      "blocked": false,
      "NAME": "Ex_T_menhir_L_01",
      "XSCL": 2,
      "DATA": [107487.3515625,161462.984375,-2152.274658203125,0,0,0.08318328857421875]
    },
    "0-438241": {
      "deleted": false,
      "persistent": false,
      "initially_disabled": false,
      "blocked": false,
      "NAME": "Ex_T_menhir_L_01",
      "XSCL": 2,
      "DATA": [108425.5390625,161807.421875,-1908.498291015625,0,0,4.68318510055542]
    },
    "0-438242": {
      "deleted": false,
      "persistent": false,
      "initially_disabled": false,
      "blocked": false,
      "NAME": "Ex_T_menhir_L_01",
      "XSCL": 2,
      "DATA": [107971.828125,162412.390625,-2311.05126953125,0,0,6.083183288574219]
    },
    "0-438243": {
      "deleted": false,
      "persistent": false,
      "initially_disabled": false,
      "blocked": false,
      "NAME": "Ex_T_menhir_L_01",
      "XSCL": 2,
      "DATA": [108893.2421875,157424.65625,-2383.836181640625,0,0,3.849555730819702]
    },
    "0-438244": {
      "deleted": false,
      "persistent": false,
      "initially_disabled": false,
      "blocked": false,
      "NAME": "Ex_T_menhir_L_01",
      "XSCL": 2,
      "DATA": [107988.8359375,156443.734375,-2712.564453125,0,0,3.5663702487945557]
    },
    "0-438245": {
      "deleted": false,
      "persistent": false,
      "initially_disabled": false,
      "blocked": false,
      "NAME": "Ex_T_menhir_L_01",
      "XSCL": 2,
      "DATA": [108203.8671875,157246.140625,-2652.735107421875,0,0,2.1663713455200195]
    }
  }
}