{
  "deleted": false,
  "DATA": {
    "flags": 2,
    "grid": [14,17]
  },
  "NAME": null,
  "RGNN": "Azura's Coast Region",
  "WHGT": null,
  "NAM5": null,
  "AMBI": null,
  "FRMR": {
    "0-437807": {
      "deleted": false,
      "persistent": false,
      "initially_disabled": false,
      "blocked": false,
      "NAME": "Ex_T_menhir_L_01",
      "XSCL": 1.53000009059906,
      "DATA": [114972.4375,146979.46875,-1540.005126953125,0,0,6.166372299194336]
    },
    "0-437808": {
      "deleted": false,
      "persistent": false,
      "initially_disabled": false,
      "blocked": false,
      "NAME": "Ex_T_menhir_L_01",
      "XSCL": 2,
      "DATA": [115513.2265625,147447.8125,-2017.3778076171875,0,0,1.3999994993209839]
    },
    "0-437809": {
      "deleted": false,
      "persistent": false,
      "initially_disabled": false,
      "blocked": false,
      "NAME": "Ex_T_menhir_L_01",
      "XSCL": 2,
      "DATA": [115327.8046875,140235.34375,-2239.77099609375,0,0,5.549557209014893]
    },
    "0-437810": {
      "deleted": false,
      "persistent": false,
      "initially_disabled": false,
      "blocked": false,
      "NAME": "Ex_T_menhir_L_01",
      "XSCL": 1.4500000476837158,
      "DATA": [115170.4609375,144730.9375,-1390.8460693359375,0,0,2.7831826210021973]
    },
    "0-437811": {
      "deleted": false,
      "persistent": false,
      "initially_disabled": false,
      "blocked": false,
      "NAME": "Ex_T_menhir_L_01",
      "XSCL": 1.440000057220459,
      "DATA": [114944.703125,145228.359375,-1202.62646484375,0,0,1.383185863494873]
    },
    "0-437812": {
      "deleted": false,
      "persistent": false,
      "initially_disabled": false,
      "blocked": false,
      "NAME": "Ex_T_menhir_L_01",
      "XSCL": 2,
      "DATA": [114854.1953125,145807.3125,-1911.0855712890625,0,0,3.183183193206787]
    },
    "0-437813": {
      "deleted": false,
      "persistent": false,
      "initially_disabled": false,
      "blocked": false,
      "NAME": "Ex_T_menhir_L_01",
      "XSCL": 2,
      "DATA": [114704.21875,141752.25,-2115.3115234375,0,0,2.2831873893737793]
    },
    "0-437814": {
      "deleted": false,
      "persistent": false,
      "initially_disabled": false,
      "blocked": false,
      "NAME": "Flora_kelp_01",
      "XSCL": 1.5800000429153442,
      "DATA": [114736.9296875,144275.828125,-752.3927612304688,0,0,0.9000003337860107]
    },
    "0-437815": {
      "deleted": false,
      "persistent": false,
      "initially_disabled": false,
      "blocked": false,
      "NAME": "Ex_T_menhir_L_01",
      "XSCL": 2,
      "DATA": [117410.0390625,145830.828125,-2655.858642578125,0,0,5.983185291290283]
    },
    "0-437816": {
      "deleted": false,
      "persistent": false,
      "initially_disabled": false,
      "blocked": false,
      "NAME": "Ex_T_menhir_L_01",
      "XSCL": 1.53000009059906,
      "DATA": [117944.15625,145354.875,-2508.095703125,0,0,4.466372489929199]
    },
    "0-437817": {
      "deleted": false,
      "persistent": false,
      "initially_disabled": false,
      "blocked": false,
      "NAME": "Ex_T_menhir_L_01",
      "XSCL": 2,
      "DATA": [116393.0078125,144362.078125,-2486.6962890625,0,0,2.799999475479126]
    },
    "0-437818": {
      "deleted": false,
      "persistent": false,
      "initially_disabled": false,
      "blocked": false,
      "NAME": "Ex_T_menhir_L_01",
      "XSCL": 2,
      "DATA": [117942.6953125,141994.828125,-1991.786376953125,0,0,2.6831862926483154]
    },
    "0-437819": {
      "deleted": false,
      "persistent": false,
      "initially_disabled": false,
      "blocked": false,
      "NAME": "Ex_T_menhir_L_01",
      "XSCL": 2,
      "DATA": [117589.9921875,141372.375,-2139.54833984375,0,0,4.199999809265137]
    },
    "0-437820": {
      "deleted": false,
      "persistent": false,
      "initially_disabled": false,
      "blocked": false,
      "NAME": "Ex_T_menhir_L_01",
      "XSCL": 2,
      "DATA": [116669.7265625,140191.28125,-2096.50927734375,0,0,1.8168131113052368]
    },
    "0-437821": {
      "deleted": false,
      "persistent": false,
      "initially_disabled": false,
      "blocked": false,
      "NAME": "Ex_T_menhir_L_01",
      "XSCL": 2,
      "DATA": [116791.6015625,143291.03125,-1806.916259765625,0,0,0.3831847012042999]
    },
    "0-437822": {
      "deleted": false,
      "persistent": false,
      "initially_disabled": false,
      "blocked": false,
      "NAME": "Ex_T_menhir_L_01",
      "XSCL": 2,
      "DATA": [116610.1171875,142480.375,-1747.087158203125,0,0,5.266371250152588]
    },
    "0-437823": {
      "deleted": false,
      "persistent": false,
      "initially_disabled": false,
      "blocked": false,
      "NAME": "Ex_T_menhir_L_01",
      "XSCL": 2,
      "DATA": [121243.71875,139848.875,-1874.403076171875,0,0,2.3663711547851562]
    },
    "0-437824": {
      "deleted": false,
      "persistent": false,
      "initially_disabled": false,
      "blocked": false,
      "NAME": "Ex_T_menhir_L_01",
      "XSCL": 2,
      "DATA": [119568.40625,140982.890625,-2042.31982421875,0,0,3.8495583534240723]
    },
    "0-437825": {
      "deleted": false,
      "persistent": false,
      "initially_disabled": false,
      "blocked": false,
      "NAME": "Ex_T_menhir_L_01",
      "XSCL": 2,
      "DATA": [119083.59375,139382.34375,-2336.5341796875,0,0,3.5168142318725586]
    },
    "0-437826": {
      "deleted": false,
      "persistent": false,
      "initially_disabled": false,
      "blocked": false,
      "NAME": "Ex_T_menhir_L_01",
      "XSCL": 2,
      "DATA": [119659.7109375,139650.296875,-1816.874755859375,0,0,0.733627438545227]
    },
    "0-437827": {
      "deleted": false,
      "persistent": false,
      "initially_disabled": false,
      "blocked": false,
      "NAME": "Ex_T_menhir_L_01",
      "XSCL": 2,
      "DATA": [116329.7890625,140728.125,-1711.803466796875,0,0,5.3168134689331055]
    },
    "0-437828": {
      "deleted": false,
      "persistent": false,
      "initially_disabled": false,
      "blocked": false,
      "NAME": "Ex_T_menhir_L_01",
      "XSCL": 2,
      "DATA": [115928.7734375,142273.34375,-2054.95068359375,0,0,0.6663702130317688]
    },
    "0-437829": {
      "deleted": false,
      "persistent": false,
      "initially_disabled": false,
      "blocked": false,
      "NAME": "Ex_T_menhir_L_01",
      "XSCL": 2,
      "DATA": [115839.5703125,144815.40625,-2622.604736328125,0,0,1.283186674118042]
    }
  }
}