{
  "deleted": false,
  "DATA": {
    "flags": 2,
    "grid": [14,-1]
  },
  "NAME": null,
  "RGNN": "Molag Mar Region",
  "WHGT": null,
  "NAM5": null,
  "AMBI": null,
  "FRMR": {
    "0-394267": {
      "deleted": false,
      "persistent": false,
      "initially_disabled": false,
      "blocked": false,
      "NAME": "terrain_rock_ma_54",
      "XSCL": 2,
      "DATA": [120614.9140625,-1214.7642822265625,1549.6041259765625,0,0,6.149561405181885]
    },
    "0-394268": {
      "deleted": false,
      "persistent": false,
      "initially_disabled": false,
      "blocked": false,
      "NAME": "terrain_rock_ma_55",
      "XSCL": 1.690000057220459,
      "DATA": [120935.375,-779.37646484375,949.5322875976562,0,0,0.3650455176830292]
    },
    "0-394269": {
      "deleted": false,
      "persistent": false,
      "initially_disabled": false,
      "blocked": false,
      "NAME": "terrain_rock_ma_58",
      "XSCL": 2,
      "DATA": [121233.7109375,-868.5615234375,833.6084594726562,0,0,2.883183479309082]
    },
    "0-394270": {
      "deleted": false,
      "persistent": false,
      "initially_disabled": false,
      "blocked": false,
      "NAME": "terrain_rock_ma_54",
      "XSCL": 1.350000023841858,
      "DATA": [121237.875,-1097.30517578125,1269.3580322265625,0,0.000000476837158203125,3.266369581222534]
    },
    "0-394271": {
      "deleted": false,
      "persistent": false,
      "initially_disabled": false,
      "blocked": false,
      "NAME": "flora_ashtree_03",
      "XSCL": 1.340000033378601,
      "DATA": [121146.65625,-859.37939453125,1327.3892822265625,0,0,4.866372108459473]
    },
    "0-394272": {
      "deleted": false,
      "persistent": false,
      "initially_disabled": false,
      "blocked": false,
      "NAME": "flora_ashtree_04",
      "XSCL": 2,
      "DATA": [121013.4609375,-1101.81689453125,1630.8951416015625,0,0,3.766098737716675]
    },
    "0-394273": {
      "deleted": false,
      "persistent": false,
      "initially_disabled": false,
      "blocked": false,
      "NAME": "terrain_rock_ma_06",
      "XSCL": 1.6400001049041748,
      "DATA": [121248.2421875,-639.8101806640625,842.1389770507812,0,0,3.6661977767944336]
    },
    "0-394275": {
      "deleted": false,
      "persistent": false,
      "initially_disabled": false,
      "blocked": false,
      "NAME": "contain_trama_shrub_06",
      "XSCL": 0.5,
      "DATA": [120540.0703125,-197.79336547851562,806.1221313476562,0,0,1.5831855535507202]
    },
    "0-394276": {
      "deleted": false,
      "persistent": false,
      "initially_disabled": false,
      "blocked": false,
      "NAME": "flora_ash_log_02",
      "XSCL": 0.7500000596046448,
      "DATA": [120714.1171875,-229.36102294921875,736.399169921875,0.10000019520521164,3.483186721801758,1.4837509393692017]
    },
    "0-394277": {
      "deleted": false,
      "persistent": false,
      "initially_disabled": false,
      "blocked": false,
      "NAME": "terrain_rock_ma_550",
      "XSCL": 2,
      "DATA": [120244.7265625,-401.40606689453125,887.212158203125,0.10000000149011612,0,2.3831865787506104]
    },
    "0-394279": {
      "deleted": false,
      "persistent": false,
      "initially_disabled": false,
      "blocked": false,
      "NAME": "flora_ashtree_07",
      "XSCL": 1.6500000953674316,
      "DATA": [119751.515625,-701.9652099609375,2059.174560546875,0,0,0.5831863880157471]
    },
    "0-394280": {
      "deleted": false,
      "persistent": false,
      "initially_disabled": false,
      "blocked": false,
      "NAME": "flora_ashtree_06",
      "XSCL": 2,
      "DATA": [120283.5,-61.05848693847656,1335.2342529296875,0,0,4.36637020111084]
    },
    "0-394281": {
      "deleted": false,
      "persistent": false,
      "initially_disabled": false,
      "blocked": false,
      "NAME": "terrain_rock_ma_55",
      "XSCL": 2,
      "DATA": [119864.65625,-269.62969970703125,961.1143188476562,0,0,2.583185911178589]
    },
    "0-394282": {
      "deleted": false,
      "persistent": false,
      "initially_disabled": false,
      "blocked": false,
      "NAME": "flora_ashtree_04",
      "XSCL": 2,
      "DATA": [119861.328125,-423.6126708984375,1875.17431640625,0,0,2.583185911178589]
    },
    "0-394283": {
      "deleted": false,
      "persistent": false,
      "initially_disabled": false,
      "blocked": false,
      "NAME": "terrain_rock_ma_19",
      "XSCL": 2,
      "DATA": [120061.7890625,-556.1761474609375,1145.7095947265625,0,0,1.883431315422058]
    },
    "0-394284": {
      "deleted": false,
      "persistent": false,
      "initially_disabled": false,
      "blocked": false,
      "NAME": "contain_trama_shrub_04",
      "XSCL": 0.6300000548362732,
      "DATA": [121625.1640625,-1526.002685546875,1311.1470947265625,0,6.183185577392578,0.6831861734390259]
    },
    "0-394285": {
      "deleted": false,
      "persistent": false,
      "initially_disabled": false,
      "blocked": false,
      "NAME": "terrain_rock_ma_550",
      "XSCL": 2,
      "DATA": [121347.2890625,-1725.0987548828125,1259.7144775390625,6.08318567276001,6.08318567276001,2.9999961853027344]
    },
    "0-394286": {
      "deleted": false,
      "persistent": false,
      "initially_disabled": false,
      "blocked": false,
      "NAME": "terrain_rock_ma_55",
      "XSCL": 2,
      "DATA": [121062.1328125,-1441.4019775390625,1286.6529541015625,0,0,6.083185195922852]
    },
    "0-394287": {
      "deleted": false,
      "persistent": false,
      "initially_disabled": false,
      "blocked": false,
      "NAME": "terrain_rock_ma_07",
      "XSCL": 2,
      "DATA": [121419.2578125,-1436.9937744140625,1112.2652587890625,0,0,1.3837238550186157]
    },
    "0-394288": {
      "deleted": false,
      "persistent": false,
      "initially_disabled": false,
      "blocked": false,
      "NAME": "terrain_rock_ma_07",
      "XSCL": 2,
      "DATA": [121483.9140625,-1249.6600341796875,939.2539672851562,0,0,5.866372108459473]
    },
    "0-394289": {
      "deleted": false,
      "persistent": false,
      "initially_disabled": false,
      "blocked": false,
      "NAME": "flora_ashtree_06",
      "XSCL": 2,
      "DATA": [122644.4296875,-1026.1817626953125,1496.324462890625,0,0,2.7663705348968506]
    },
    "0-394290": {
      "deleted": false,
      "persistent": false,
      "initially_disabled": false,
      "blocked": false,
      "NAME": "terrain_rock_ma_54",
      "XSCL": 2,
      "DATA": [122644.8828125,-1347.4656982421875,1521.5460205078125,0,0,3.466367483139038]
    },
    "0-405742": {
      "deleted": false,
      "persistent": false,
      "initially_disabled": false,
      "blocked": false,
      "NAME": "ex_shore_cliffracer_lev+0",
      "DATA": [117676.296875,-7158.091796875,2164.787109375,0,0,0]
    },
    "0-405743": {
      "deleted": false,
      "persistent": false,
      "initially_disabled": false,
      "blocked": false,
      "NAME": "ex_shore_cliffracer_lev+0",
      "DATA": [121273.6171875,-5374.40087890625,4001.6572265625,0,0,0]
    },
    "0-394202": {
      "deleted": false,
      "persistent": false,
      "initially_disabled": false,
      "blocked": false,
      "NAME": "ex_molagmar_lev+2",
      "DATA": [122750.5234375,-282.47540283203125,388.13519287109375,0,0,5.08318567276001]
    },
    "0-466072": {
      "deleted": false,
      "persistent": false,
      "initially_disabled": false,
      "blocked": false,
      "NAME": "terrain_rock_ma_550",
      "XSCL": 2,
      "DATA": [116739.8671875,-7397.7568359375,2243.738037109375,6.08318567276001,6.183185577392578,4.065903663635254]
    },
    "0-466073": {
      "deleted": false,
      "persistent": false,
      "initially_disabled": false,
      "blocked": false,
      "NAME": "contain_trama_shrub_02",
      "XSCL": 0.7800000309944153,
      "DATA": [116436.953125,-8098.66162109375,2117.74169921875,0.20000001788139343,0.20000000298023224,4.483184337615967]
    },
    "0-466074": {
      "deleted": false,
      "persistent": false,