{
  "deleted": false,
  "DATA": {
    "flags": 2,
    "grid": [15,14]
  },
  "NAME": null,
  "RGNN": "Azura's Coast Region",
  "WHGT": null,
  "NAM5": null,
  "AMBI": null,
  "FRMR": {
    "0-437765": {
      "deleted": false,
      "persistent": false,
      "initially_disabled": false,
      "blocked": false,
      "NAME": "Ex_T_menhir_L_01",
      "XSCL": 2,
      "DATA": [123550.5390625,117471.859375,-1901.93505859375,0,0,2.8831849098205566]
    },
    "0-437766": {
      "deleted": false,
      "persistent": false,
      "initially_disabled": false,
      "blocked": false,
      "NAME": "Ex_T_menhir_L_01",
      "XSCL": 1.53000009059906,
      "DATA": [123036.6640625,117969.625,-952.0278930664062,0,0,1.36637282371521]
    },
    "0-437767": {
      "deleted": false,
      "persistent": false,
      "initially_disabled": false,
      "blocked": false,
      "NAME": "Ex_T_menhir_L_01",
      "XSCL": 2,
      "DATA": [125161.8671875,118421.1015625,-1569.2618408203125,0,0,4.466372013092041]
    },
    "0-437768": {
      "deleted": false,
      "persistent": false,
      "initially_disabled": false,
      "blocked": false,
      "NAME": "Ex_T_menhir_L_01",
      "XSCL": 2,
      "DATA": [124627.765625,118897.0390625,-1934.5648193359375,0,0,5.983185291290283]
    },
    "0-437769": {
      "deleted": false,
      "persistent": false,
      "initially_disabled": false,
      "blocked": false,
      "NAME": "Ex_T_menhir_L_01",
      "XSCL": 2,
      "DATA": [123177.8359375,121326.6953125,-1629.4884033203125,0,0,5.866372108459473]
    },
    "0-437770": {
      "deleted": false,
      "persistent": false,
      "initially_disabled": false,
      "blocked": false,
      "NAME": "Ex_T_menhir_L_01",
      "XSCL": 2,
      "DATA": [123556.1328125,121933.9296875,-1777.24951171875,0,0,1.1000001430511475]
    },
    "0-437771": {
      "deleted": false,
      "persistent": false,
      "initially_disabled": false,
      "blocked": false,
      "NAME": "Ex_T_menhir_L_01",
      "XSCL": 2,
      "DATA": [124274.046875,119983.7421875,-1444.6182861328125,0,0,3.56636905670166]
    },
    "0-437772": {
      "deleted": false,
      "persistent": false,
      "initially_disabled": false,
      "blocked": false,
      "NAME": "Ex_T_menhir_L_01",
      "XSCL": 2,
      "DATA": [124489.0859375,120786.1484375,-1384.7891845703125,0,0,2.1663713455200195]
    },
    "0-437773": {
      "deleted": false,
      "persistent": false,
      "initially_disabled": false,
      "blocked": false,
      "NAME": "Ex_T_menhir_L_01",
      "XSCL": 2,
      "DATA": [124842.0234375,122525.2265625,-1349.5045166015625,0,0,2.216813564300537]
    },
    "0-437774": {
      "deleted": false,
      "persistent": false,
      "initially_disabled": false,
      "blocked": false,
      "NAME": "Ex_T_menhir_L_01",
      "XSCL": 2,
      "DATA": [125178.4375,120964.6640625,-1692.6524658203125,0,0,3.849555492401123]
    },
    "0-437775": {
      "deleted": false,
      "persistent": false,
      "initially_disabled": false,
      "blocked": false,
      "NAME": "Ex_T_menhir_L_01",
      "XSCL": 2,
      "DATA": [125086.375,116527.421875,-2329.72314453125,0,0,2.449557304382324]
    },
    "0-437776": {
      "deleted": false,
      "persistent": false,
      "initially_disabled": false,
      "blocked": false,
      "NAME": "Ex_T_menhir_L_01",
      "XSCL": 2,
      "DATA": [123169.546875,114860.7421875,-2049.7080078125,0,0,3.56636905670166]
    },
    "0-437777": {
      "deleted": false,
      "persistent": false,
      "initially_disabled": false,
      "blocked": false,
      "NAME": "Ex_T_menhir_L_01",
      "XSCL": 2,
      "DATA": [123384.5859375,115663.1484375,-1989.879150390625,0,0,2.1663713455200195]
    },
    "0-437778": {
      "deleted": false,
      "persistent": false,
      "initially_disabled": false,
      "blocked": false,
      "NAME": "Ex_T_menhir_L_01",
      "XSCL": 2,
      "DATA": [124073.9375,115841.6640625,-2297.7421875,0,0,3.849555492401123]
    },
    "0-437779": {
      "deleted": false,
      "persistent": false,
      "initially_disabled": false,
      "blocked": false,
      "NAME": "Ex_T_menhir_L_01",
      "XSCL": 2,
      "DATA": [125477.90625,115278.359375,-1868.9085693359375,0,0,0.3831832706928253]
    }
  }
}