{
  "deleted": false,
  "DATA": {
    "flags": 2,
    "grid": [15,-16]
  },
  "NAME": null,
  "RGNN": "Azura's Coast Region",
  "WHGT": null,
  "NAM5": null,
  "AMBI": null,
  "FRMR": {
    "0-453841": {
      "deleted": false,
      "persistent": false,
      "initially_disabled": false,
      "blocked": false,
      "NAME": "Ex_T_menhir_L_01",
      "XSCL": 2,
      "DATA": [124544.9609375,-122957.0859375,-2655.126708984375,0,0,0.7663676142692566]
    },
    "0-453842": {
      "deleted": false,
      "persistent": false,
      "initially_disabled": false,
      "blocked": false,
      "NAME": "Ex_T_menhir_L_01",
      "XSCL": 2,
      "DATA": [125871.2734375,-123422.75,-2505.8603515625,0,0,0.7657577395439148]
    },
    "0-453843": {
      "deleted": false,
      "persistent": false,
      "initially_disabled": false,
      "blocked": false,
      "NAME": "Ex_T_menhir_L_01",
      "XSCL": 2,
      "DATA": [126476.5390625,-123139.3203125,-2619.485595703125,0,0,3.9495577812194824]
    },
    "0-453844": {
      "deleted": false,
      "persistent": false,
      "initially_disabled": false,
      "blocked": false,
      "NAME": "Ex_T_menhir_L_01",
      "XSCL": 2,
      "DATA": [124519.2890625,-124202.4921875,-2724.946533203125,0,0,2.5663669109344482]
    },
    "0-453845": {
      "deleted": false,
      "persistent": false,
      "initially_disabled": false,
      "blocked": false,
      "NAME": "Ex_T_menhir_L_01",
      "XSCL": 2,
      "DATA": [126764.2578125,-123772.828125,-2736.936767578125,0,0,5.44955587387085]
    },
    "0-453846": {
      "deleted": false,
      "persistent": false,
      "initially_disabled": false,
      "blocked": false,
      "NAME": "Ex_T_menhir_L_01",
      "XSCL": 2,
      "DATA": [129886.9609375,-122931.9609375,-3116.20947265625,0,0,3.6168081760406494]
    },
    "0-453847": {
      "deleted": false,
      "persistent": false,
      "initially_disabled": false,
      "blocked": false,
      "NAME": "Ex_T_menhir_L_01",
      "XSCL": 2,
      "DATA": [127283.2578125,-124027.171875,-2741.160400390625,0,0,5.1831793785095215]
    },
    "0-453848": {
      "deleted": false,
      "persistent": false,
      "initially_disabled": false,
      "blocked": false,
      "NAME": "Ex_T_menhir_L_01",
      "XSCL": 2,
      "DATA": [127961.3828125,-124010.578125,-2972.605712890625,0,0,2.7999985218048096]
    },
    "0-453849": {
      "deleted": false,
      "persistent": false,
      "initially_disabled": false,
      "blocked": false,
      "NAME": "Ex_T_menhir_L_01",
      "XSCL": 2,
      "DATA": [129572.8515625,-123743.234375,-3062.58056640625,0,0,1.999993920326233]
    },
    "0-453850": {
      "deleted": false,
      "persistent": false,
      "initially_disabled": false,
      "blocked": false,
      "NAME": "Ex_T_menhir_L_01",
      "XSCL": 2,
      "DATA": [126935.65625,-124824.7578125,-2794.789794921875,0,0,0.5168083906173706]
    }
  }
}