{
  "deleted": false,
  "DATA": {
    "flags": 2,
    "grid": [15,-3]
  },
  "NAME": null,
  "RGNN": "Molag Mar Region",
  "WHGT": null,
  "NAM5": null,
  "AMBI": null,
  "FRMR": {
    "0-393931": {
      "deleted": false,
      "persistent": false,
      "initially_disabled": false,
      "blocked": false,
      "NAME": "terrain_rock_ma_55",
      "XSCL": 2,
      "DATA": [122899.15625,-22068.7265625,3012.1953125,0,0,4.399998664855957]
    },
    "0-393932": {
      "deleted": false,
      "persistent": false,
      "initially_disabled": false,
      "blocked": false,
      "NAME": "terrain_rock_ma_55",
      "XSCL": 2,
      "DATA": [122976.0625,-22618.599609375,3544.4462890625,0,0,0.5999994277954102]
    },
    "0-393933": {
      "deleted": false,
      "persistent": false,
      "initially_disabled": false,
      "blocked": false,
      "NAME": "terrain_rock_ma_54",
      "XSCL": 2,
      "DATA": [123165.7265625,-18261.693359375,3386.76123046875,0.10000000149011612,0.09999990463256836,4.666375637054443]
    },
    "0-393934": {
      "deleted": false,
      "persistent": false,
      "initially_disabled": false,
      "blocked": false,
      "NAME": "terrain_rock_ma_54",
      "XSCL": 2,
      "DATA": [122920.3828125,-20880.13671875,3092.41015625,0,0,1.0663731098175049]
    },
    "0-393935": {
      "deleted": false,
      "persistent": false,
      "initially_disabled": false,
      "blocked": false,
      "NAME": "terrain_rock_ma_54",
      "XSCL": 2,
      "DATA": [123121.03125,-20535.92578125,3283.990234375,0.10000000149011612,0.09999990463256836,0.5663771629333496]
    },
    "0-393936": {
      "deleted": false,
      "persistent": false,
      "initially_disabled": false,
      "blocked": false,
      "NAME": "terrain_rock_ma_54",
      "XSCL": 2,
      "DATA": [122915.453125,-19992.416015625,2860.745849609375,0.10000000149011612,0.09999990463256836,2.7831921577453613]
    },
    "0-393937": {
      "deleted": false,
      "persistent": false,
      "initially_disabled": false,
      "blocked": false,
      "NAME": "terrain_rock_ma_54",
      "XSCL": 2,
      "DATA": [122989.1328125,-18881.822265625,3045.704345703125,0.10000000149011612,0.09999990463256836,0.4000043570995331]
    },
    "0-393938": {
      "deleted": false,
      "persistent": false,
      "initially_disabled": false,
      "blocked": false,
      "NAME": "terrain_rock_ma_55",
      "XSCL": 2,
      "DATA": [123028.5234375,-19118.04296875,2513.012451171875,0,0,2.0831856727600098]
    },
    "0-393939": {
      "deleted": false,
      "persistent": false,
      "initially_disabled": false,
      "blocked": false,
      "NAME": "terrain_rock_ma_54",
      "XSCL": 2,
      "DATA": [123267.9453125,-22251.78515625,3525.171875,0,0,4.983185768127441]
    },
    "0-393940": {
      "deleted": false,
      "persistent": false,
      "initially_disabled": false,
      "blocked": false,
      "NAME": "terrain_rock_ma_54",
      "XSCL": 2,
      "DATA": [123154.8203125,-22574.9140625,4128.212890625,0,0,3.283186674118042]
    },
    "0-405660": {
      "deleted": false,
      "persistent": false,
      "initially_disabled": false,
      "blocked": false,
      "NAME": "ex_molagmar_lev+2",
      "DATA": [124856.796875,-23439.919921875,4596.0009765625,0,0,0]
    },
    "0-405661": {
      "deleted": false,
      "persistent": false,
      "initially_disabled": false,
      "blocked": false,
      "NAME": "ex_molagmar_lev+2",
      "DATA": [130961.078125,-21296.25390625,3222.2216796875,0,0,0]
    }
  }
}