{
  "deleted": false,
  "DATA": {
    "flags": 2,
    "grid": [16,-15]
  },
  "NAME": null,
  "RGNN": "Azura's Coast Region",
  "WHGT": null,
  "NAM5": null,
  "AMBI": null,
  "FRMR": {
    "0-453517": {
      "deleted": false,
      "persistent": false,
      "initially_disabled": false,
      "blocked": false,
      "NAME": "Ex_T_menhir_L_01",
      "XSCL": 1.7100000381469727,
      "DATA": [137680.96875,-114823.6484375,-1941.148681640625,0,0,5.683259010314941]
    },
    "0-453518": {
      "deleted": false,
      "persistent": false,
      "initially_disabled": false,
      "blocked": false,
      "NAME": "Ex_T_menhir_L_01",
      "XSCL": 2,
      "DATA": [133946.921875,-115204.4140625,-2711.66357421875,0,0,4.448944091796875]
    },
    "0-453519": {
      "deleted": false,
      "persistent": false,
      "initially_disabled": false,
      "blocked": false,
      "NAME": "Ex_T_menhir_L_01",
      "XSCL": 2,
      "DATA": [133282.21875,-115135.2421875,-2825.28857421875,0,0,1.349558711051941]
    },
    "0-453520": {
      "deleted": false,
      "persistent": false,
      "initially_disabled": false,
      "blocked": false,
      "NAME": "Ex_T_menhir_L_01",
      "XSCL": 2,
      "DATA": [131907.84375,-118113.4453125,-2637.301025390625,0,0,5.899997234344482]
    },
    "0-453521": {
      "deleted": false,
      "persistent": false,
      "initially_disabled": false,
      "blocked": false,
      "NAME": "Ex_T_menhir_L_01",
      "XSCL": 2,
      "DATA": [132239.40625,-119324.1484375,-2687.484619140625,0,0,5.199996471405029]
    },
    "0-453522": {
      "deleted": false,
      "persistent": false,
      "initially_disabled": false,
      "blocked": false,
      "NAME": "Ex_T_menhir_L_01",
      "XSCL": 2,
      "DATA": [132204.4375,-120077.1953125,-2951.279541015625,0,0,5.783181190490723]
    },
    "0-453523": {
      "deleted": false,
      "persistent": false,
      "initially_disabled": false,
      "blocked": false,
      "NAME": "Ex_T_menhir_L_01",
      "XSCL": 2,
      "DATA": [132826.140625,-120167.1953125,-2722.447509765625,0,0,2.7999978065490723]
    },
    "0-453524": {
      "deleted": false,
      "persistent": false,
      "initially_disabled": false,
      "blocked": false,
      "NAME": "Ex_T_menhir_L_01",
      "XSCL": 2,
      "DATA": [131543.875,-121036.6640625,-3158.73876953125,0,0,1.9999972581863403]
    },
    "0-453525": {
      "deleted": false,
      "persistent": false,
      "initially_disabled": false,
      "blocked": false,
      "NAME": "Ex_T_menhir_L_01",
      "XSCL": 2,
      "DATA": [131391.3125,-116962.96875,-2716.399658203125,0,0,5.5831804275512695]
    },
    "0-453526": {
      "deleted": false,
      "persistent": false,
      "initially_disabled": false,
      "blocked": false,
      "NAME": "Ex_T_menhir_L_01",
      "XSCL": 2,
      "DATA": [131609.390625,-119245.3359375,-3021.89111328125,0,0,0.5161951780319214]
    }
  }
}