{
  "deleted": false,
  "DATA": {
    "flags": 2,
    "grid": [16,-10]
  },
  "NAME": null,
  "RGNN": "Azura's Coast Region",
  "WHGT": null,
  "NAM5": null,
  "AMBI": null,
  "FRMR": {
    "0-288602": {
      "deleted": false,
      "persistent": false,
      "initially_disabled": false,
      "blocked": false,
      "NAME": "Ex_T_menhir_L_01",
      "XSCL": 2,
      "DATA": [134984.265625,-73980.484375,969.1727294921875,0,0,5.26637077331543]
    },
    "0-314763": {
      "deleted": false,
      "persistent": false,
      "initially_disabled": false,
      "blocked": false,
      "NAME": "Ex_T_menhir_L_01",
      "XSCL": 2,
      "DATA": [138125.984375,-78690.890625,-2338.5859375,0,0,4.8495564460754395]
    },
    "0-314764": {
      "deleted": false,
      "persistent": false,
      "initially_disabled": false,
      "blocked": false,
      "NAME": "Ex_T_menhir_L_01",
      "XSCL": 2,
      "DATA": [137812.1875,-76667.1875,-1581.902587890625,0,0,3.6663689613342285]
    },
    "0-314765": {
      "deleted": false,
      "persistent": false,
      "initially_disabled": false,
      "blocked": false,
      "NAME": "Ex_T_menhir_L_01",
      "XSCL": 2,
      "DATA": [137785.8125,-75957.2890625,-1169.955078125,0,0,1.6663707494735718]
    },
    "0-314766": {
      "deleted": false,
      "persistent": false,
      "initially_disabled": false,
      "blocked": false,
      "NAME": "Ex_T_menhir_L_01",
      "XSCL": 2,
      "DATA": [132854.28125,-77173.2578125,-399.4805908203125,0,0,3.7663674354553223]
    },
    "0-314767": {
      "deleted": false,
      "persistent": false,
      "initially_disabled": false,
      "blocked": false,
      "NAME": "Ex_T_menhir_L_01",
      "XSCL": 2,
      "DATA": [133477.203125,-76481.46875,-79.9434814453125,0,0,5.1663689613342285]
    },
    "0-314768": {
      "deleted": false,
      "persistent": false,
      "initially_disabled": false,
      "blocked": false,
      "NAME": "Ex_T_menhir_L_01",
      "XSCL": 2,
      "DATA": [132083.21875,-78929.234375,-1926.270263671875,0,0,1.2663692235946655]
    },
    "0-314769": {
      "deleted": false,
      "persistent": false,
      "initially_disabled": false,
      "blocked": false,
      "NAME": "Ex_T_menhir_L_01",
      "XSCL": 1.7700001001358032,
      "DATA": [136247.828125,-75204.90625,52.81224060058594,0,0,0.6824973225593567]
    },
    "0-314770": {
      "deleted": false,
      "persistent": false,
      "initially_disabled": false,
      "blocked": false,
      "NAME": "Ex_T_menhir_L_01",
      "XSCL": 2,
      "DATA": [135510.390625,-74580.4296875,302.0658874511719,0,0,1.9831825494766235]
    },
    "0-314771": {
      "deleted": false,
      "persistent": false,
      "initially_disabled": false,
      "blocked": false,
      "NAME": "Ex_T_menhir_L_01",
      "XSCL": 2,
      "DATA": [133426.734375,-75588.359375,117.3612060546875,0,0,1.7663706541061401]
    },
    "0-314772": {
      "deleted": false,
      "persistent": false,
      "initially_disabled": false,
      "blocked": false,
      "NAME": "Ex_T_menhir_L_01",
      "XSCL": 2,
      "DATA": [138385.96875,-76106.03125,-1249.0552978515625,0,0,5.949554920196533]
    },
    "0-314773": {
      "deleted": false,
      "persistent": false,
      "initially_disabled": false,
      "blocked": false,
      "NAME": "Ex_T_menhir_L_01",
      "XSCL": 2,
      "DATA": [138801.09375,-77212.0078125,-2058.442138671875,0,0,0.7663705945014954]
    },
    "0-314774": {
      "deleted": false,
      "persistent": false,
      "initially_disabled": false,
      "blocked": false,
      "NAME": "Ex_T_menhir_L_01",
      "XSCL": 1.53000009059906,
      "DATA": [138451.15625,-77783.890625,-2273.2158203125,0,0,5.649555683135986]
    },
    "0-314775": {
      "deleted": false,
      "persistent": false,
      "initially_disabled": false,
      "blocked": false,
      "NAME": "Ex_T_menhir_L_01",
      "XSCL": 2,
      "DATA": [138408.609375,-79343,-2443.63330078125,0,0,3.2663698196411133]
    },
    "0-314776": {
      "deleted": false,
      "persistent": false,
      "initially_disabled": false,
      "blocked": false,
      "NAME": "Ex_T_menhir_L_01",
      "DATA": [131484.203125,-81527.9296875,-2149.335693359375,0,0,4.049556255340576]
    },
    "0-314777": {
      "deleted": false,
      "persistent": false,
      "initially_disabled": false,
      "blocked": false,
      "NAME": "Ex_T_menhir_L_01",
      "XSCL": 2,
      "DATA": [131953.4375,-81730.0703125,-2330.087890625,0,0,2.066371202468872]
    },
    "0-314778": {
      "deleted": false,
      "persistent": false,
      "initially_disabled": false,
      "blocked": false,
      "NAME": "ex_t_rock_coastal_02",
      "XSCL": 2,
      "DATA": [135224.5,-75593.546875,488.77490234375,0,0,2.4663727283477783]
    },
    "0-314779": {
      "deleted": false,
      "persistent": false,
      "initially_disabled": false,
      "blocked": false,
      "NAME": "ex_t_rock_coastal_02",
      "XSCL": 2,
      "DATA": [134859.84375,-76474.4453125,398.53643798828125,0,0,5.1663713455200195]
    },
    "0-314780": {
      "deleted": false,
      "persistent": false,
      "initially_disabled": false,
      "blocked": false,
      "NAME": "ex_t_rock_coastal_02",
      "XSCL": 2,
      "DATA": [135725.734375,-77292.0859375,-98.64103698730469,0,0,0.5181850790977478]
    },
    "0-314781": {
      "deleted": false,
      "persistent": false,
      "initially_disabled": false,
      "blocked": false,
      "NAME": "ex_t_rock_coastal_01",
      "XSCL": 2,
      "DATA": [135115.984375,-76880.859375,324.3093566894531,0,0,3.321371555328369]
    },
    "0-314782": {
      "deleted": false,
      "persistent": false,
      "initially_disabled": false,
      "blocked": false,
      "NAME": "ex_t_rock_coastal_01",
      "XSCL": 2,
      "DATA": [135519.765625,-76070.4609375,402.97332763671875,0,0,3.966372013092041]
    },
    "0-323365": {
      "deleted": false,
      "persistent": false,
      "initially_disabled": false,
      "blocked": false,
      "NAME": "Ex_T_menhir_L_01",
      "XSCL": 2,
      "DATA": [135254.265625,-79596.4453125,-1765.436279296875,0,0,5.566366672515869]
    },
    "0-323366": {
      "deleted": false,
      "persistent": false,
      "initially_disabled": false,
      "blocked": false,
      "NAME": "Ex_T_menhir_L_01",
      "XSCL": 2,
      "DATA": [135441.453125,-80245.25,-1977.356201171875,0,0,0.6831828355789185]
    },
    "0-323367": {
      "deleted": false,
      "persistent": false,
      "initially_disabled": false,
      "blocked": false,
      "NAME": "Ex_T_menhir_L_01",
      "XSCL": 2,
      "DATA": [136043.96875,-80241.21875,-2116.962158203125,0,0,3.5663704872131348]
    },
    "0-323368": {
      "deleted": false,
      "persistent": false,
      "initially_disabled": false,
      "blocked": false,
      "NAME": "Ex_T_menhir_L_01",
      "XSCL": 2,
      "DATA": [134449.375,-78117.96875,-1369.0213623046875,0,0,3.0663695335388184]
    },
    "0-453223": {
      "deleted": false,
      "persistent": false,
      "initially_disabled": false,
      "blocked": false,
      "NAME": "Ex_T_menhir_L_01",
      "XSCL": 1.940000057220459,
      "DATA": [137796.9375,-81148.921875,-2159.02392578125,0,0,2.4663734436035156]
    },
    "0-453224": {
      "deleted": false,
      "persistent": false,
      "initially_disabled": false,
      "blocked": false,
      "NAME": "Ex_T_menhir_L_01",
      "XSCL": 2,
      "DATA": [132462.015625,-80770.015625,-2405.508056640625,0,0,2.2663681507110596]
    },
    "0-453225": {
      "deleted": false,
      "persistent": false,
      "initially_disabled": false,
      "blocked": false,
      "NAME": "Ex_T_menhir_L_01",
      "XSCL": 2,
      "DATA": [132940.390625,-81848.390625,-1881.6513671875,0,0,1.0657577514648438]
    },
    "0-453226": {
      "deleted": false,
      "persistent": false,
      "initially_disabled": false,
      "blocked": false,
      "NAME": "Ex_T_menhir_L_01",
      "XSCL": 2,