{
  "deleted": false,
  "DATA": {
    "flags": 2,
    "grid": [16,-7]
  },
  "NAME": null,
  "RGNN": "Azura's Coast Region",
  "WHGT": null,
  "NAM5": null,
  "AMBI": null,
  "FRMR": {
    "0-288557": {
      "deleted": false,
      "persistent": false,
      "initially_disabled": false,
      "blocked": false,
      "NAME": "Ex_T_menhir_L_01",
      "XSCL": 2,
      "DATA": [138224.078125,-54911.81640625,9.9710111618042,0,0,5.266368865966797]
    },
    "0-288558": {
      "deleted": false,
      "persistent": false,
      "initially_disabled": false,
      "blocked": false,
      "NAME": "Ex_T_menhir_L_01",
      "XSCL": 2,
      "DATA": [138612.53125,-55435.36328125,-463.47607421875,0,0,0.5663706660270691]
    },
    "0-288559": {
      "deleted": false,
      "persistent": false,
      "initially_disabled": false,
      "blocked": false,
      "NAME": "Ex_T_menhir_L_01",
      "XSCL": 2,
      "DATA": [138212.734375,-56626.6328125,-1566.87841796875,0,0,4.766367435455322]
    },
    "0-288560": {
      "deleted": false,
      "persistent": false,
      "initially_disabled": false,
      "blocked": false,
      "NAME": "Ex_T_menhir_L_01",
      "XSCL": 2,
      "DATA": [139131.421875,-56777.015625,-1352.6341552734375,0,0,6.1663689613342285]
    },
    "0-288561": {
      "deleted": false,
      "persistent": false,
      "initially_disabled": false,
      "blocked": false,
      "NAME": "Ex_T_menhir_L_01",
      "XSCL": 2,
      "DATA": [134802.78125,-54165.4375,208.26873779296875,0,0,5.866369247436523]
    },
    "0-288562": {
      "deleted": false,
      "persistent": false,
      "initially_disabled": false,
      "blocked": false,
      "NAME": "Ex_T_menhir_L_01",
      "XSCL": 1.53000009059906,
      "DATA": [136118.03125,-54558.77734375,842.8654174804688,0,0,6.266368389129639]
    },
    "0-288563": {
      "deleted": false,
      "persistent": false,
      "initially_disabled": false,
      "blocked": false,
      "NAME": "Ex_T_menhir_L_01",
      "XSCL": 2,
      "DATA": [136485.25,-55060.30859375,191.25250244140625,0,0,4.2663702964782715]
    },
    "0-288564": {
      "deleted": false,
      "persistent": false,
      "initially_disabled": false,
      "blocked": false,
      "NAME": "Ex_T_menhir_L_01",
      "XSCL": 2,
      "DATA": [134827.78125,-54816.87890625,-146.29092407226562,0,0,1.1663706302642822]
    },
    "0-288565": {
      "deleted": false,
      "persistent": false,
      "initially_disabled": false,
      "blocked": false,
      "NAME": "Ex_T_menhir_L_01",
      "XSCL": 1.53000009059906,
      "DATA": [135506.109375,-55594.7265625,460.75408935546875,0,0,1.9663701057434082]
    },
    "0-288566": {
      "deleted": false,
      "persistent": false,
      "initially_disabled": false,
      "blocked": false,
      "NAME": "Ex_T_menhir_L_01",
      "XSCL": 2,
      "DATA": [133825.140625,-55574.34765625,-1098.9595947265625,0,0,5.366367816925049]
    },
    "0-288567": {
      "deleted": false,
      "persistent": false,
      "initially_disabled": false,
      "blocked": false,
      "NAME": "Ex_T_menhir_L_01",
      "XSCL": 2,
      "DATA": [134498.5,-56217.16796875,-749.1644897460938,0,0,0.4831836223602295]
    },
    "0-288568": {
      "deleted": false,
      "persistent": false,
      "initially_disabled": false,
      "blocked": false,
      "NAME": "Ex_T_menhir_L_01",
      "XSCL": 1.53000009059906,
      "DATA": [134056.625,-56715.4921875,-681.4176025390625,0,0,2.466369867324829]
    },
    "0-288569": {
      "deleted": false,
      "persistent": false,
      "initially_disabled": false,
      "blocked": false,
      "NAME": "Ex_T_menhir_L_01",
      "XSCL": 2,
      "DATA": [132915.953125,-57040.90625,-2066.057861328125,0,0,6.266367435455322]
    },
    "0-288570": {
      "deleted": false,
      "persistent": false,
      "initially_disabled": false,
      "blocked": false,
      "NAME": "Ex_T_menhir_L_01",
      "XSCL": 2,
      "DATA": [135392.671875,-56192.83984375,-769.2254638671875,0,0,3.366370677947998]
    },
    "0-288571": {
      "deleted": false,
      "persistent": false,
      "initially_disabled": false,
      "blocked": false,
      "NAME": "Ex_T_menhir_L_01",
      "XSCL": 2,
      "DATA": [136318.53125,-56926.56640625,-1413.024169921875,0,0,2.266369342803955]
    },
    "0-393779": {
      "deleted": false,
      "persistent": false,
      "initially_disabled": false,
      "blocked": false,
      "NAME": "terrain_rock_ma_02",
      "XSCL": 2,
      "DATA": [131290.359375,-53293.1796875,403.98236083984375,0,0,5.666295528411865]
    },
    "0-393780": {
      "deleted": false,
      "persistent": false,
      "initially_disabled": false,
      "blocked": false,
      "NAME": "terrain_rock_ma_58",
      "XSCL": 2,
      "DATA": [131174.984375,-53142.1484375,522.6741333007812,0,0,2.199998378753662]
    },
    "0-405245": {
      "deleted": false,
      "persistent": false,
      "initially_disabled": false,
      "blocked": false,
      "NAME": "ex_shore_all_lev+0",
      "DATA": [137765.578125,-50165.33203125,535.8609008789062,0,0,0]
    },
    "0-405246": {
      "deleted": false,
      "persistent": false,
      "initially_disabled": false,
      "blocked": false,
      "NAME": "ex_azurascoast_lev+0",
      "DATA": [135262.5,-52677.234375,2685.519775390625,0,0,0]
    },
    "0-405247": {
      "deleted": false,
      "persistent": false,
      "initially_disabled": false,
      "blocked": false,
      "NAME": "ex_shore_mudcrab",
      "DATA": [132006.28125,-53632.14453125,342.24945068359375,0,0,0]
    },
    "0-405248": {
      "deleted": false,
      "persistent": false,
      "initially_disabled": false,
      "blocked": false,
      "NAME": "ex_azurascoast_lev+0",
      "DATA": [133661.71875,-50807.84375,3018.785888671875,0,0,0]
    },
    "0-452383": {
      "deleted": false,
      "persistent": false,
      "initially_disabled": false,
      "blocked": false,
      "NAME": "Flora_kelp_01",
      "XSCL": 1.3100000619888306,
      "DATA": [138706.4375,-49922.37890625,-124.907958984375,0,0,0.33362826704978943]
    },
    "0-452384": {
      "deleted": false,
      "persistent": false,
      "initially_disabled": false,
      "blocked": false,
      "NAME": "Flora_kelp_01",
      "XSCL": 1.3900001049041748,
      "DATA": [138499.515625,-49856.3515625,-110.02518463134766,0,0,5.81681489944458]
    },
    "0-452385": {
      "deleted": false,
      "persistent": false,
      "initially_disabled": false,
      "blocked": false,
      "NAME": "Ex_barnacles_02",
      "XSCL": 1.970000147819519,
      "DATA": [138598.734375,-49714.203125,-184.39950561523438,6.18318510055542,6.18318510055542,2.1168172359466553]
    },
    "0-452386": {
      "deleted": false,
      "persistent": false,
      "initially_disabled": false,
      "blocked": false,
      "NAME": "blue coast ref 1024",
      "DATA": [138722.546875,-49780.59765625,-16.504302978515625,0,0,2.633631706237793]
    },
    "0-452387": {
      "deleted": false,
      "persistent": false,
      "initially_disabled": false,
      "blocked": false,
      "NAME": "Ex_barnacles_02",
      "XSCL": 2,
      "DATA": [138731.015625,-49726.75390625,-211.57046508789062,6.166372776031494,6.183186054229736,5.716813564300537]
    },
    "0-452388": {
      "deleted": false,
      "persistent": false,
      "initially_disabled": false,
      "blocked": false,
      "NAME": "Ex_barnacles_02",
      "XSCL": 2,
      "DATA": [138634.09375,-49839.84765625,-203.8551788330078,0.19999799132347107,6.083185195922852,0.21681562066078186]
    },
    "0-452389": {
      "deleted": false,
      "persistent": false,
      "initially_disabled": false,
      "blocked": false,
      "NAME": "Flora_kelp_03",
      "XSCL": 1.5000001192092896,
      "DATA": [138502.921875,-49727.84375,-96.55303955078125,0,0,2.1336305141448975]
    },
    "0-452390": {
      "deleted": false,
      "persistent": false,
      "initially_disabled": false,
      "blocked": false,