{
  "deleted": false,
  "DATA": {
    "flags": 2,
    "grid": [17,-13]
  },
  "NAME": null,
  "RGNN": "Azura's Coast Region",
  "WHGT": null,
  "NAM5": null,
  "AMBI": null,
  "FRMR": {
    "0-453200": {
      "deleted": false,
      "persistent": false,
      "initially_disabled": false,
      "blocked": false,
      "NAME": "Ex_T_menhir_L_01",
      "XSCL": 2,
      "DATA": [139814.90625,-104255.9140625,-2881.528076171875,0,0,4.249556541442871]
    },
    "0-453201": {
      "deleted": false,
      "persistent": false,
      "initially_disabled": false,
      "blocked": false,
      "NAME": "Ex_T_menhir_L_01",
      "XSCL": 2,
      "DATA": [140162.703125,-101040.734375,-2446.790771484375,0,0,2.4168083667755127]
    },
    "0-453202": {
      "deleted": false,
      "persistent": false,
      "initially_disabled": false,
      "blocked": false,
      "NAME": "Ex_T_menhir_L_01",
      "XSCL": 2,
      "DATA": [140240.015625,-103864.34375,-2885.751708984375,0,0,3.983180046081543]
    },
    "0-453203": {
      "deleted": false,
      "persistent": false,
      "initially_disabled": false,
      "blocked": false,
      "NAME": "Ex_T_menhir_L_01",
      "XSCL": 2,
      "DATA": [140470.265625,-103226.28125,-3117.197021484375,0,0,1.5999987125396729]
    },
    "0-453204": {
      "deleted": false,
      "persistent": false,
      "initially_disabled": false,
      "blocked": false,
      "NAME": "Ex_T_menhir_L_01",
      "XSCL": 2,
      "DATA": [140805.03125,-101627.4609375,-2393.161865234375,0,0,0.7999938130378723]
    },
    "0-453205": {
      "deleted": false,
      "persistent": false,
      "initially_disabled": false,
      "blocked": false,
      "NAME": "Ex_T_menhir_L_01",
      "XSCL": 2,
      "DATA": [140857.4375,-104477.328125,-2939.381103515625,0,0,5.59999418258667]
    }
  }
}