{
  "deleted": false,
  "DATA": {
    "flags": 2,
    "grid": [17,-12]
  },
  "NAME": null,
  "RGNN": "Azura's Coast Region",
  "WHGT": null,
  "NAM5": null,
  "AMBI": null,
  "FRMR": {
    "0-453188": {
      "deleted": false,
      "persistent": false,
      "initially_disabled": false,
      "blocked": false,
      "NAME": "Ex_T_menhir_L_01",
      "XSCL": 2,
      "DATA": [141836.578125,-91667.609375,-2369.384033203125,0,0,4.466366767883301]
    },
    "0-453189": {
      "deleted": false,
      "persistent": false,
      "initially_disabled": false,
      "blocked": false,
      "NAME": "Ex_T_menhir_L_01",
      "XSCL": 2,
      "DATA": [139966.046875,-91577.75,-2496.337158203125,0,0,5.5831804275512695]
    },
    "0-453190": {
      "deleted": false,
      "persistent": false,
      "initially_disabled": false,
      "blocked": false,
      "NAME": "Ex_T_menhir_L_01",
      "XSCL": 1.4800000190734863,
      "DATA": [139575.640625,-91927.0390625,-2030.555908203125,0,0,4.5831804275512695]
    },
    "0-453191": {
      "deleted": false,
      "persistent": false,
      "initially_disabled": false,
      "blocked": false,
      "NAME": "Ex_T_menhir_L_01",
      "XSCL": 2,
      "DATA": [140637.40625,-96598.2890625,-1893.0084228515625,0,0,3.899993896484375]
    },
    "0-453192": {
      "deleted": false,
      "persistent": false,
      "initially_disabled": false,
      "blocked": false,
      "NAME": "Ex_T_menhir_L_01",
      "XSCL": 2,
      "DATA": [141303.59375,-97157.796875,-1946.6373291015625,0,0,5.516808032989502]
    },
    "0-453193": {
      "deleted": false,
      "persistent": false,
      "initially_disabled": false,
      "blocked": false,
      "NAME": "Ex_T_menhir_L_01",
      "XSCL": 2,
      "DATA": [142137.359375,-93199.09375,-2150.297607421875,0,0,2.665757417678833]
    },
    "0-453194": {
      "deleted": false,
      "persistent": false,
      "initially_disabled": false,
      "blocked": false,
      "NAME": "Ex_T_menhir_L_01",
      "XSCL": 2,
      "DATA": [142209.921875,-93863.4609375,-2263.922607421875,0,0,5.849557399749756]
    },
    "0-453195": {
      "deleted": false,
      "persistent": false,
      "initially_disabled": false,
      "blocked": false,
      "NAME": "Ex_T_menhir_L_01",
      "XSCL": 2,
      "DATA": [141517.40625,-93930.921875,-2381.373779296875,0,0,1.0663703680038452]
    },
    "0-453196": {
      "deleted": false,
      "persistent": false,
      "initially_disabled": false,
      "blocked": false,
      "NAME": "Ex_T_menhir_L_01",
      "XSCL": 2,
      "DATA": [140466.5625,-93753.046875,-2439.226318359375,0,0,2.4168083667755127]
    },
    "0-453197": {
      "deleted": false,
      "persistent": false,
      "initially_disabled": false,
      "blocked": false,
      "NAME": "Ex_T_menhir_L_01",
      "XSCL": 2,
      "DATA": [141108.90625,-94339.8203125,-2385.597412109375,0,0,0.7999938726425171]
    },
    "0-453198": {
      "deleted": false,
      "persistent": false,
      "initially_disabled": false,
      "blocked": false,
      "NAME": "Ex_T_menhir_L_01",
      "XSCL": 2,
      "DATA": [140905.40625,-94986.9140625,-2617.04248046875,0,0,4.699998378753662]
    },
    "0-453199": {
      "deleted": false,
      "persistent": false,
      "initially_disabled": false,
      "blocked": false,
      "NAME": "Ex_T_menhir_L_01",
      "XSCL": 2,
      "DATA": [143229.28125,-92752.390625,-2674.15380859375,0,0,3.8663687705993652]
    }
  }
}