{
  "deleted": false,
  "DATA": {
    "flags": 2,
    "grid": [17,12]
  },
  "NAME": null,
  "RGNN": "Azura's Coast Region",
  "WHGT": null,
  "NAM5": null,
  "AMBI": null,
  "FRMR": {
    "0-440531": {
      "deleted": false,
      "persistent": false,
      "initially_disabled": false,
      "blocked": false,
      "NAME": "Ex_T_menhir_L_01",
      "XSCL": 2,
      "DATA": [140432.921875,99658.5625,-1471.9107666015625,0,0,6.266368865966797]
    },
    "0-440532": {
      "deleted": false,
      "persistent": false,
      "initially_disabled": false,
      "blocked": false,
      "NAME": "Ex_T_menhir_L_01",
      "XSCL": 2,
      "DATA": [140581.46875,98841.1796875,-1412.0816650390625,0,0,4.866371154785156]
    },
    "0-440533": {
      "deleted": false,
      "persistent": false,
      "initially_disabled": false,
      "blocked": false,
      "NAME": "Ex_T_menhir_L_01",
      "XSCL": 2,
      "DATA": [141997.9375,98912.9375,-1656.780029296875,0,0,2.2831871509552]
    },
    "0-440534": {
      "deleted": false,
      "persistent": false,
      "initially_disabled": false,
      "blocked": false,
      "NAME": "Ex_T_menhir_L_01",
      "XSCL": 2,
      "DATA": [140034.578125,98385.2109375,-1719.9442138671875,0,0,0.2663704752922058]
    },
    "0-440535": {
      "deleted": false,
      "persistent": false,
      "initially_disabled": false,
      "blocked": false,
      "NAME": "Ex_T_menhir_L_01",
      "XSCL": 1.53000009059906,
      "DATA": [140690.84375,102008.2734375,-979.3199462890625,0,0,4.066371917724609]
    },
    "0-440536": {
      "deleted": false,
      "persistent": false,
      "initially_disabled": false,
      "blocked": false,
      "NAME": "Ex_T_menhir_L_01",
      "XSCL": 2,
      "DATA": [140013.578125,102238.640625,-1929.2264404296875,0,0,5.583185195922852]
    },
    "0-440537": {
      "deleted": false,
      "persistent": false,
      "initially_disabled": false,
      "blocked": false,
      "NAME": "Ex_T_menhir_L_01",
      "XSCL": 2,
      "DATA": [140875.78125,104706.2734375,-1966.9959716796875,0,0,3.1663694381713867]
    },
    "0-440538": {
      "deleted": false,
      "persistent": false,
      "initially_disabled": false,
      "blocked": false,
      "NAME": "Ex_T_menhir_L_01",
      "XSCL": 2,
      "DATA": [141228.03125,105877.2734375,-1998.9764404296875,0,0,1.7663719654083252]
    },
    "0-440539": {
      "deleted": false,
      "persistent": false,
      "initially_disabled": false,
      "blocked": false,
      "NAME": "Ex_T_menhir_L_01",
      "XSCL": 2,
      "DATA": [140453.8125,104132.6484375,-1659.133056640625,0,0,1.483185887336731]
    },
    "0-440540": {
      "deleted": false,
      "persistent": false,
      "initially_disabled": false,
      "blocked": false,
      "NAME": "Ex_T_menhir_L_01",
      "XSCL": 2,
      "DATA": [139648.71875,100489.8203125,-1961.8563232421875,0,0,2.4000000953674316]
    },
    "0-440541": {
      "deleted": false,
      "persistent": false,
      "initially_disabled": false,
      "blocked": false,
      "NAME": "Ex_T_menhir_L_01",
      "XSCL": 2,
      "DATA": [139270.1875,103710.796875,-1813.3514404296875,0,0,0.9168123006820679]
    },
    "0-440542": {
      "deleted": false,
      "persistent": false,
      "initially_disabled": false,
      "blocked": false,
      "NAME": "Ex_T_menhir_L_01",
      "XSCL": 2,
      "DATA": [139440.71875,105640.2265625,-2051.495361328125,0,0,2.1999995708465576]
    }
  }
}