{
  "deleted": false,
  "DATA": {
    "flags": 2,
    "grid": [18,-11]
  },
  "NAME": null,
  "RGNN": "Azura's Coast Region",
  "WHGT": null,
  "NAM5": null,
  "AMBI": null,
  "FRMR": {
    "0-453015": {
      "deleted": false,
      "persistent": false,
      "initially_disabled": false,
      "blocked": false,
      "NAME": "Ex_T_menhir_L_01",
      "XSCL": 2,
      "DATA": [154230.421875,-82502.1171875,-2426.93603515625,0,0,5.56636905670166]
    },
    "0-453016": {
      "deleted": false,
      "persistent": false,
      "initially_disabled": false,
      "blocked": false,
      "NAME": "Ex_T_menhir_L_01",
      "XSCL": 2,
      "DATA": [153582.09375,-82738.3046875,-2270.70263671875,0,0,0.7831838130950928]
    },
    "0-453017": {
      "deleted": false,
      "persistent": false,
      "initially_disabled": false,
      "blocked": false,
      "NAME": "Ex_T_menhir_L_01",
      "XSCL": 2,
      "DATA": [148690.484375,-82841.75,-2230.809326171875,0,0,2.166370153427124]
    },
    "0-453018": {
      "deleted": false,
      "persistent": false,
      "initially_disabled": false,
      "blocked": false,
      "NAME": "Ex_T_menhir_L_01",
      "XSCL": 2,
      "DATA": [150780.171875,-82389.5546875,-2511.476806640625,0,0,2.0999937057495117]
    },
    "0-453019": {
      "deleted": false,
      "persistent": false,
      "initially_disabled": false,
      "blocked": false,
      "NAME": "Ex_T_menhir_L_01",
      "XSCL": 2,
      "DATA": [150253.828125,-83093.1640625,-2279.422607421875,0,0,5.883179664611816]
    }
  }
}