{
  "deleted": false,
  "DATA": {
    "flags": 2,
    "grid": [19,10]
  },
  "NAME": null,
  "RGNN": "Azura's Coast Region",
  "WHGT": null,
  "NAM5": null,
  "AMBI": null,
  "FRMR": {
    "0-444397": {
      "deleted": false,
      "persistent": false,
      "initially_disabled": false,
      "blocked": false,
      "NAME": "Ex_T_menhir_L_01",
      "XSCL": 2,
      "DATA": [157986.234375,82658.265625,-2542.50634765625,0,0,3.599999189376831]
    },
    "0-444398": {
      "deleted": false,
      "persistent": false,
      "initially_disabled": false,
      "blocked": false,
      "NAME": "Ex_T_menhir_L_01",
      "XSCL": 2,
      "DATA": [156551.859375,83019.4453125,-2663.280029296875,0,0,4.666370868682861]
    },
    "0-444399": {
      "deleted": false,
      "persistent": false,
      "initially_disabled": false,
      "blocked": false,
      "NAME": "Ex_T_menhir_L_01",
      "XSCL": 2,
      "DATA": [156106.40625,82463.890625,-2854.26611328125,0,0,0.06637001037597656]
    },
    "0-444400": {
      "deleted": false,
      "persistent": false,
      "initially_disabled": false,
      "blocked": false,
      "NAME": "Ex_T_menhir_L_01",
      "XSCL": 2,
      "DATA": [157925.828125,83371.15625,-2394.74560546875,0,0,2.0831873416900635]
    },
    "0-444401": {
      "deleted": false,
      "persistent": false,
      "initially_disabled": false,
      "blocked": false,
      "NAME": "Ex_T_menhir_L_01",
      "XSCL": 2,
      "DATA": [155972.28125,83707.5,-2120.819580078125,0,0,6.066368103027344]
    }
  }
}