{
  "deleted": false,
  "DATA": {
    "flags": 2,
    "grid": [2,10]
  },
  "NAME": null,
  "RGNN": "Red Mountain Region",
  "WHGT": null,
  "NAM5": null,
  "AMBI": null,
  "FRMR": {
    "0-223393": {
      "deleted": false,
      "persistent": false,
      "initially_disabled": false,
      "blocked": false,
      "NAME": "terrain_rock_rm_19",
      "XSCL": 2,
      "DATA": [17257.28515625,83008.0859375,15179.48046875,0,0,5.666369438171387]
    },
    "0-223394": {
      "deleted": false,
      "persistent": false,
      "initially_disabled": false,
      "blocked": false,
      "NAME": "terrain_rock_rm_17",
      "XSCL": 2,
      "DATA": [18167.162109375,83325.703125,15767.1025390625,0,0,0.4000000059604645]
    },
    "0-238875": {
      "deleted": false,
      "persistent": false,
      "initially_disabled": false,
      "blocked": false,
      "NAME": "terrain_rock_ma_550",
      "XSCL": 2,
      "DATA": [22009.77734375,82452.5078125,14504.6162109375,0.2999998927116394,5.883185863494873,2.483187437057495]
    },
    "0-238876": {
      "deleted": false,
      "persistent": false,
      "initially_disabled": false,
      "blocked": false,
      "NAME": "terrain_rock_ma_550",
      "XSCL": 2,
      "DATA": [22220.177734375,82230.9765625,14495.74609375,0,5.983185768127441,1.2831881046295166]
    },
    "0-238877": {
      "deleted": false,
      "persistent": false,
      "initially_disabled": false,
      "blocked": false,
      "NAME": "terrain_rock_ma_55",
      "XSCL": 2,
      "DATA": [21774.251953125,82156.015625,14396.4130859375,0,0,1.5663762092590332]
    },
    "0-238878": {
      "deleted": false,
      "persistent": false,
      "initially_disabled": false,
      "blocked": false,
      "NAME": "flora_ashtree_07",
      "XSCL": 2,
      "DATA": [23127.296875,88098.796875,12344.8603515625,0,0,2.7831850051879883]
    },
    "0-238879": {
      "deleted": false,
      "persistent": false,
      "initially_disabled": false,
      "blocked": false,
      "NAME": "flora_ashtree_06",
      "XSCL": 2,
      "DATA": [23490.69921875,88264.1640625,12215.078125,0,0,4.283185958862305]
    },
    "0-238880": {
      "deleted": false,
      "persistent": false,
      "initially_disabled": false,
      "blocked": false,
      "NAME": "terrain_rock_ma_07",
      "XSCL": 2,
      "DATA": [23860.087890625,87329.8125,11413.3173828125,0,0,5.966296672821045]
    },
    "0-238881": {
      "deleted": false,
      "persistent": false,
      "initially_disabled": false,
      "blocked": false,
      "NAME": "terrain_rock_ma_55",
      "XSCL": 2,
      "DATA": [23433.46875,87180.4296875,11582.0849609375,0,0,1.0831875801086426]
    },
    "0-238882": {
      "deleted": false,
      "persistent": false,
      "initially_disabled": false,
      "blocked": false,
      "NAME": "terrain_rock_ma_10",
      "XSCL": 2,
      "DATA": [23780.3828125,86974.859375,11353.9912109375,0,0,0.18394717574119568]
    },
    "0-238883": {
      "deleted": false,
      "persistent": false,
      "initially_disabled": false,
      "blocked": false,
      "NAME": "terrain_rock_ma_02",
      "XSCL": 1.4200000762939453,
      "DATA": [23720.51953125,86855.6328125,11477.6494140625,0,0,0.8831121325492859]
    },
    "0-238884": {
      "deleted": false,
      "persistent": false,
      "initially_disabled": false,
      "blocked": false,
      "NAME": "flora_ashtree_04",
      "XSCL": 2,
      "DATA": [23323.853515625,87590.4453125,12172.693359375,0,0,3.1831107139587402]
    },
    "0-238885": {
      "deleted": false,
      "persistent": false,
      "initially_disabled": false,
      "blocked": false,
      "NAME": "flora_ashtree_06",
      "XSCL": 2,
      "DATA": [21613.53515625,84796.5625,13730.5029296875,0,0,1.9831870794296265]
    },
    "0-238886": {
      "deleted": false,
      "persistent": false,
      "initially_disabled": false,
      "blocked": false,
      "NAME": "flora_ashtree_04",
      "XSCL": 2,
      "DATA": [21795.740234375,84621.2109375,13718.8037109375,0,0,1.2831122875213623]
    },
    "0-238887": {
      "deleted": false,
      "persistent": false,
      "initially_disabled": false,
      "blocked": false,
      "NAME": "flora_ashtree_06",
      "XSCL": 2,
      "DATA": [22174.6875,84931.1796875,13309.0390625,0,0,3.2663726806640625]
    },
    "0-238888": {
      "deleted": false,
      "persistent": false,
      "initially_disabled": false,
      "blocked": false,
      "NAME": "flora_ashtree_07",
      "XSCL": 2,
      "DATA": [21813.849609375,84258.3125,13894.5341796875,0,0,0.883187472820282]
    },
    "0-238889": {
      "deleted": false,
      "persistent": false,
      "initially_disabled": false,
      "blocked": false,
      "NAME": "flora_ashtree_03",
      "XSCL": 2,
      "DATA": [22241.978515625,85260.1953125,13021.1376953125,0,0,4.466371059417725]
    },
    "0-238890": {
      "deleted": false,
      "persistent": false,
      "initially_disabled": false,
      "blocked": false,
      "NAME": "terrain_rock_ma_550",
      "XSCL": 2,
      "DATA": [22569.74609375,85241.3203125,12558.556640625,0.4000000059604645,5.683186054229736,5.566372394561768]
    },
    "0-238891": {
      "deleted": false,
      "persistent": false,
      "initially_disabled": false,
      "blocked": false,
      "NAME": "terrain_rock_ma_550",
      "XSCL": 2,
      "DATA": [22367.994140625,83519.703125,13698.080078125,0,5.883185863494873,3.283186197280884]
    },
    "0-238892": {
      "deleted": false,
      "persistent": false,
      "initially_disabled": false,
      "blocked": false,
      "NAME": "flora_ashtree_04",
      "XSCL": 2,
      "DATA": [22598.09765625,84035.9921875,13869.2216796875,0,0,2.76627254486084]
    },
    "0-238893": {
      "deleted": false,
      "persistent": false,
      "initially_disabled": false,
      "blocked": false,
      "NAME": "terrain_rock_ma_79",
      "XSCL": 2,
      "DATA": [24073.451171875,83460.765625,12974.0048828125,0,0,6.066371917724609]
    },
    "0-238894": {
      "deleted": false,
      "persistent": false,
      "initially_disabled": false,
      "blocked": false,
      "NAME": "terrain_rock_ma_02",
      "XSCL": 1.9900001287460327,
      "DATA": [23925.525390625,83343.5390625,12878.2197265625,0,0,4.0663018226623535]
    },
    "0-238895": {
      "deleted": false,
      "persistent": false,
      "initially_disabled": false,
      "blocked": false,
      "NAME": "flora_ash_grass_w_01",
      "DATA": [23459.951171875,82955.8046875,13360.2900390625,0,0,2.683187246322632]
    },
    "0-238896": {
      "deleted": false,
      "persistent": false,
      "initially_disabled": false,
      "blocked": false,
      "NAME": "flora_ash_grass_w_01",
      "DATA": [23818.02734375,82952.2421875,13330.8876953125,0,0,6.266373157501221]
    },
    "0-238897": {
      "deleted": false,
      "persistent": false,
      "initially_disabled": false,
      "blocked": false,
      "NAME": "flora_ash_grass_w_01",
      "DATA": [23919.14453125,82805.1875,13404.1279296875,0.19948376715183258,0.199286550283432,1.483087182044983]
    },
    "0-238898": {
      "deleted": false,
      "persistent": false,
      "initially_disabled": false,
      "blocked": false,
      "NAME": "flora_ash_grass_w_01",
      "DATA": [23509.208984375,83081.3046875,13289.6533203125,0,0,4.983186721801758]
    },
    "0-238899": {
      "deleted": false,
      "persistent": false,
      "initially_disabled": false,
      "blocked": false,
      "NAME": "terrain_rock_ma_10",
      "XSCL": 2,
      "DATA": [23775.3984375,83536,12858.6142578125,0,0,2.2671358585357666]
    },
    "0-238900": {
      "deleted": false,
      "persistent": false,
      "initially_disabled": false,
      "blocked": false,
      "NAME": "terrain_rock_ma_02",
      "XSCL": 1.9900001287460327,
      "DATA": [23848.77734375,83644.8125,12825.48828125,0,0,1.5663014650344849]
    },
    "0-238901": {
      "deleted": false,
      "persistent": false,
      "initially_disabled": false,