{
  "deleted": false,
  "DATA": {
    "flags": 2,
    "grid": [2,26]
  },
  "NAME": null,
  "RGNN": "Sheogorad",
  "WHGT": null,
  "NAM5": null,
  "AMBI": null,
  "FRMR": {
    "0-433577": {
      "deleted": false,
      "persistent": false,
      "initially_disabled": false,
      "blocked": false,
      "NAME": "Ex_T_menhir_L_01",
      "XSCL": 2,
      "DATA": [16732.822265625,214020.171875,-1865.614501953125,0,0,3.0999996662139893]
    },
    "0-433578": {
      "deleted": false,
      "persistent": false,
      "initially_disabled": false,
      "blocked": false,
      "NAME": "Ex_T_menhir_L_01",
      "XSCL": 2,
      "DATA": [18026.564453125,214488.921875,-2152.902587890625,0,0,4.699999809265137]
    },
    "0-433579": {
      "deleted": false,
      "persistent": false,
      "initially_disabled": false,
      "blocked": false,
      "NAME": "Ex_T_menhir_L_01",
      "XSCL": 2,
      "DATA": [18492.876953125,213526.359375,-2361.399658203125,0,0,5.416812419891357]
    },
    "0-433580": {
      "deleted": false,
      "persistent": false,
      "initially_disabled": false,
      "blocked": false,
      "NAME": "Ex_T_menhir_L_01",
      "XSCL": 2,
      "DATA": [21592.873046875,213978.1875,-2498.479248046875,0,0,4.016814708709717]
    },
    "0-433581": {
      "deleted": false,
      "persistent": false,
      "initially_disabled": false,
      "blocked": false,
      "NAME": "Ex_T_menhir_L_01",
      "XSCL": 2,
      "DATA": [20026.447265625,214693.953125,-2028.428955078125,0,0,5.5168137550354]
    },
    "0-433582": {
      "deleted": false,
      "persistent": false,
      "initially_disabled": false,
      "blocked": false,
      "NAME": "Ex_T_menhir_L_01",
      "XSCL": 2,
      "DATA": [19548.341796875,213781.171875,-2034.280029296875,0,0,3.3168137073516846]
    },
    "0-433583": {
      "deleted": false,
      "persistent": false,
      "initially_disabled": false,
      "blocked": false,
      "NAME": "Ex_T_menhir_L_01",
      "XSCL": 2,
      "DATA": [18031.298828125,213117.0625,-1926.005615234375,0,0,4.116813659667969]
    },
    "0-433584": {
      "deleted": false,
      "persistent": false,
      "initially_disabled": false,
      "blocked": false,
      "NAME": "Ex_T_menhir_L_01",
      "XSCL": 2,
      "DATA": [22607.693359375,213234.640625,-2302.261962890625,0,0,1.2336266040802002]
    }
  }
}