{
  "deleted": false,
  "DATA": {
    "flags": 2,
    "grid": [2,3]
  },
  "NAME": null,
  "RGNN": "Ashlands Region",
  "WHGT": null,
  "NAM5": null,
  "AMBI": null,
  "FRMR": {
    "0-223693": {
      "deleted": false,
      "persistent": false,
      "initially_disabled": false,
      "blocked": false,
      "NAME": "flora_ashtree_04",
      "XSCL": 2,
      "DATA": [16529.078125,30402.6875,2354.176025390625,0,0,4.5662994384765625]
    },
    "0-223694": {
      "deleted": false,
      "persistent": false,
      "initially_disabled": false,
      "blocked": false,
      "NAME": "flora_ashtree_07",
      "XSCL": 2,
      "DATA": [16787.572265625,30708.814453125,2595.6171875,0,0,5.666374206542969]
    },
    "0-223695": {
      "deleted": false,
      "persistent": false,
      "initially_disabled": false,
      "blocked": false,
      "NAME": "terrain_rock_rm_17",
      "XSCL": 1.8700001239776611,
      "DATA": [18543.20703125,28197.509765625,4034.443359375,0,0,3.9831860065460205]
    },
    "0-223696": {
      "deleted": false,
      "persistent": false,
      "initially_disabled": false,
      "blocked": false,
      "NAME": "terrain_rock_rm_17",
      "XSCL": 2,
      "DATA": [21961.46484375,28276.087890625,4017.03466796875,0,0,2.1999998092651367]
    },
    "0-223697": {
      "deleted": false,
      "persistent": false,
      "initially_disabled": false,
      "blocked": false,
      "NAME": "Flora_ashtree_01",
      "XSCL": 1.9000000953674316,
      "DATA": [18258.314453125,32051.96875,2286.56982421875,0,0,4.966372489929199]
    },
    "0-223698": {
      "deleted": false,
      "persistent": false,
      "initially_disabled": false,
      "blocked": false,
      "NAME": "flora_ashtree_02",
      "XSCL": 2,
      "DATA": [18605.08984375,32321.873046875,2247.53759765625,0,0,4.066372394561768]
    },
    "0-223699": {
      "deleted": false,
      "persistent": false,
      "initially_disabled": false,
      "blocked": false,
      "NAME": "flora_ashtree_05",
      "XSCL": 2,
      "DATA": [18770.294921875,32462.17578125,2682.23486328125,0,0,1.7838479280471802]
    },
    "0-223700": {
      "deleted": false,
      "persistent": false,
      "initially_disabled": false,
      "blocked": false,
      "NAME": "flora_ashtree_03",
      "XSCL": 2,
      "DATA": [17979.236328125,32197.38671875,2288.89013671875,0,0,1.1833332777023315]
    },
    "0-223701": {
      "deleted": false,
      "persistent": false,
      "initially_disabled": false,
      "blocked": false,
      "NAME": "flora_ashtree_07",
      "XSCL": 2,
      "DATA": [17508.359375,31865.998046875,2541.0048828125,0,0,5.866374492645264]
    },
    "0-223702": {
      "deleted": false,
      "persistent": false,
      "initially_disabled": false,
      "blocked": false,
      "NAME": "terrain_rock_ma_55",
      "XSCL": 2,
      "DATA": [17172.912109375,31854.03515625,1567.0458984375,0,0,0.383187860250473]
    },
    "0-223703": {
      "deleted": false,
      "persistent": false,
      "initially_disabled": false,
      "blocked": false,
      "NAME": "terrain_rock_ma_550",
      "XSCL": 2,
      "DATA": [16929.248046875,32211.80078125,1216.48095703125,0,0,1.1000009775161743]
    },
    "0-223704": {
      "deleted": false,
      "persistent": false,
      "initially_disabled": false,
      "blocked": false,
      "NAME": "terrain_rock_ma_550",
      "XSCL": 2,
      "DATA": [17134.07421875,32542.080078125,1179.4046630859375,0.10000000149011612,0.10000000149011612,0.1000007912516594]
    },
    "0-223705": {
      "deleted": false,
      "persistent": false,
      "initially_disabled": false,
      "blocked": false,
      "NAME": "terrain_rock_rm_15",
      "XSCL": 2,
      "DATA": [24311.357421875,30476.818359375,2239.52880859375,0,0,2.1999998092651367]
    },
    "0-241494": {
      "deleted": false,
      "persistent": false,
      "initially_disabled": false,
      "blocked": false,
      "NAME": "terrain_rock_rm_23",
      "XSCL": 2,
      "DATA": [20374.8984375,24606.16015625,3066.60791015625,0,0,3.9831860065460205]
    },
    "0-265536": {
      "deleted": false,
      "persistent": false,
      "initially_disabled": false,
      "blocked": false,
      "NAME": "terrain_rock_rm_19",
      "XSCL": 2,
      "DATA": [19583.06640625,25169.28515625,4772.36669921875,0,0,1.7999999523162842]
    },
    "0-396067": {
      "deleted": false,
      "persistent": false,
      "initially_disabled": false,
      "blocked": false,
      "NAME": "ex_shore_cliffracer_lev-2",
      "DATA": [23647.78125,26526.453125,3643.625732421875,0,0,4.283185958862305]
    },
    "0-396068": {
      "deleted": false,
      "persistent": false,
      "initially_disabled": false,
      "blocked": false,
      "NAME": "ex_shore_cliffracer_lev-2",
      "DATA": [22119.048828125,32021.7265625,4747.98486328125,0,0,2.700000047683716]
    },
    "0-396069": {
      "deleted": false,
      "persistent": false,
      "initially_disabled": false,
      "blocked": false,
      "NAME": "ex_shore_cliffracer_lev-2",
      "DATA": [20397.01953125,29905.052734375,5348.4130859375,0,0,2.000000238418579]
    },
    "0-396070": {
      "deleted": false,
      "persistent": false,
      "initially_disabled": false,
      "blocked": false,
      "NAME": "ex_shore_cliffracer_lev+2",
      "DATA": [20584.091796875,28075.5234375,4632.2294921875,0,0,0]
    },
    "0-396071": {
      "deleted": false,
      "persistent": false,
      "initially_disabled": false,
      "blocked": false,
      "NAME": "ex_wild_all_lev+2",
      "DATA": [16546.712890625,25195.2578125,2757.952880859375,0,0,3]
    },
    "0-396072": {
      "deleted": false,
      "persistent": false,
      "initially_disabled": false,
      "blocked": false,
      "NAME": "ex_wild_all_lev+0",
      "DATA": [18273.27734375,31562.3515625,2271.857421875,0,0,3.883185386657715]
    },
    "0-396073": {
      "deleted": false,
      "persistent": false,
      "initially_disabled": false,
      "blocked": false,
      "NAME": "ex_shore_cliffracer_lev+2",
      "DATA": [17855.896484375,29127.439453125,3913.671630859375,0,0,1.9831856489181519]
    }
  }
}