{
  "deleted": false,
  "DATA": {
    "flags": 2,
    "grid": [2,7]
  },
  "NAME": null,
  "RGNN": "Red Mountain Region",
  "WHGT": null,
  "NAM5": null,
  "AMBI": null,
  "FRMR": {
    "0-223404": {
      "deleted": false,
      "persistent": false,
      "initially_disabled": false,
      "blocked": false,
      "NAME": "terrain_rock_rm_17",
      "XSCL": 1.590000033378601,
      "DATA": [16696,59896,13640,6.08318567276001,6.08318567276001,2.6000003814697266]
    },
    "0-223405": {
      "deleted": false,
      "persistent": false,
      "initially_disabled": false,
      "blocked": false,
      "NAME": "flora_ashtree_07",
      "XSCL": 2,
      "DATA": [22794.775390625,58113.2734375,9924.427734375,0,0,3.866373062133789]
    },
    "0-223406": {
      "deleted": false,
      "persistent": false,
      "initially_disabled": false,
      "blocked": false,
      "NAME": "flora_ashtree_04",
      "XSCL": 2,
      "DATA": [22877.271484375,57508.3671875,9324.203125,0,0,4.566298007965088]
    },
    "0-223407": {
      "deleted": false,
      "persistent": false,
      "initially_disabled": false,
      "blocked": false,
      "NAME": "terrain_rock_ma_55",
      "XSCL": 2,
      "DATA": [22056.064453125,57695.26953125,8759.0009765625,0,0,4.8663740158081055]
    },
    "0-223408": {
      "deleted": false,
      "persistent": false,
      "initially_disabled": false,
      "blocked": false,
      "NAME": "terrain_rock_ma_19",
      "XSCL": 2,
      "DATA": [22195.380859375,57350.35546875,8494.75390625,0,0,6.266249656677246]
    },
    "0-223409": {
      "deleted": false,
      "persistent": false,
      "initially_disabled": false,
      "blocked": false,
      "NAME": "terrain_rock_ma_54",
      "XSCL": 0.6500000357627869,
      "DATA": [21141.990234375,59320.953125,10110.638671875,0,0,2.983186721801758]
    },
    "0-223410": {
      "deleted": false,
      "persistent": false,
      "initially_disabled": false,
      "blocked": false,
      "NAME": "terrain_rock_ma_550",
      "XSCL": 2,
      "DATA": [21549.462890625,59571.46484375,10071.4189453125,0,0.30000001192092896,1.5831882953643799]
    },
    "0-223411": {
      "deleted": false,
      "persistent": false,
      "initially_disabled": false,
      "blocked": false,
      "NAME": "terrain_rock_ma_02",
      "XSCL": 2,
      "DATA": [21278.212890625,59498.234375,10038.7783203125,0,0,2.98311185836792]
    },
    "0-223412": {
      "deleted": false,
      "persistent": false,
      "initially_disabled": false,
      "blocked": false,
      "NAME": "flora_ashtree_04",
      "XSCL": 2,
      "DATA": [19817.626953125,60027.19921875,12076.8671875,0,0,5.099924564361572]
    },
    "0-223413": {
      "deleted": false,
      "persistent": false,
      "initially_disabled": false,
      "blocked": false,
      "NAME": "terrain_rock_ma_55",
      "XSCL": 2,
      "DATA": [19624.998046875,59689.44140625,11254.5986328125,0,0,0.3831879496574402]
    },
    "0-223414": {
      "deleted": false,
      "persistent": false,
      "initially_disabled": false,
      "blocked": false,
      "NAME": "terrain_rock_ma_550",
      "XSCL": 2,
      "DATA": [20159.341796875,59744.9765625,10877.2451171875,6.08318567276001,5.683186054229736,4.583186149597168]
    },
    "0-223415": {
      "deleted": false,
      "persistent": false,
      "initially_disabled": false,
      "blocked": false,
      "NAME": "flora_ashtree_07",
      "XSCL": 2,
      "DATA": [19554.712890625,60173.55078125,12413.7724609375,0,0,2.000001907348633]
    },
    "0-223416": {
      "deleted": false,
      "persistent": false,
      "initially_disabled": false,
      "blocked": false,
      "NAME": "flora_ashtree_06",
      "XSCL": 2,
      "DATA": [19397.615234375,59829.94921875,12389.9521484375,0,0,0.6000014543533325]
    },
    "0-223417": {
      "deleted": false,
      "persistent": false,
      "initially_disabled": false,
      "blocked": false,
      "NAME": "terrain_rock_ma_55",
      "XSCL": 2,
      "DATA": [21916.826171875,59963.85546875,10611.7255859375,0,0,0.5831879377365112]
    },
    "0-223418": {
      "deleted": false,
      "persistent": false,
      "initially_disabled": false,
      "blocked": false,
      "NAME": "terrain_rock_ma_55",
      "XSCL": 2,
      "DATA": [21993.6484375,62095.76953125,12445.716796875,0,0,4.683188438415527]
    },
    "0-223419": {
      "deleted": false,
      "persistent": false,
      "initially_disabled": false,
      "blocked": false,
      "NAME": "flora_ashtree_07",
      "XSCL": 2,
      "DATA": [22430.958984375,62137.58203125,13307.1865234375,0,0,3.883190155029297]
    },
    "0-223420": {
      "deleted": false,
      "persistent": false,
      "initially_disabled": false,
      "blocked": false,
      "NAME": "terrain_rock_ma_67",
      "XSCL": 2,
      "DATA": [20437.6484375,59889.21484375,10777.0166015625,5.883185863494873,6.08318567276001,5.983797550201416]
    },
    "0-223421": {
      "deleted": false,
      "persistent": false,
      "initially_disabled": false,
      "blocked": false,
      "NAME": "terrain_rock_ma_58",
      "XSCL": 2,
      "DATA": [20053.59375,59883.2421875,11188.1376953125,0,0,2.2000017166137695]
    },
    "0-223422": {
      "deleted": false,
      "persistent": false,
      "initially_disabled": false,
      "blocked": false,
      "NAME": "terrain_rock_ma_550",
      "XSCL": 2,
      "DATA": [21816.654296875,61676.48046875,12105.953125,5.583186149597168,0,5.400001525878906]
    },
    "0-223423": {
      "deleted": false,
      "persistent": false,
      "initially_disabled": false,
      "blocked": false,
      "NAME": "terrain_rock_ma_550",
      "XSCL": 2,
      "DATA": [21483.796875,61792.12890625,12366.4306640625,5.583186149597168,0,5.300001621246338]
    },
    "0-223424": {
      "deleted": false,
      "persistent": false,
      "initially_disabled": false,
      "blocked": false,
      "NAME": "terrain_rock_ma_79",
      "XSCL": 2,
      "DATA": [21479.396484375,58955.2421875,9625.5380859375,0,0,3.0831871032714844]
    },
    "0-223425": {
      "deleted": false,
      "persistent": false,
      "initially_disabled": false,
      "blocked": false,
      "NAME": "terrain_rock_ma_10",
      "XSCL": 2,
      "DATA": [21629.5234375,58917.21484375,9734.6943359375,0,0,1.7839511632919312]
    },
    "0-223426": {
      "deleted": false,
      "persistent": false,
      "initially_disabled": false,
      "blocked": false,
      "NAME": "terrain_rock_ma_02",
      "XSCL": 2,
      "DATA": [21643.94921875,59047.65625,9690.6982421875,0,0,1.0831170082092285]
    },
    "0-223427": {
      "deleted": false,
      "persistent": false,
      "initially_disabled": false,
      "blocked": false,
      "NAME": "terrain_rock_ma_550",
      "XSCL": 2,
      "DATA": [22026.19140625,59119.72265625,9909.5966796875,0,0.30000001192092896,5.083186626434326]
    },
    "0-223428": {
      "deleted": false,
      "persistent": false,
      "initially_disabled": false,
      "blocked": false,
      "NAME": "terrain_rock_ma_55",
      "XSCL": 2,
      "DATA": [22160.943359375,60290.2734375,10922.8486328125,0,0,3.283188581466675]
    },
    "0-223429": {
      "deleted": false,
      "persistent": false,
      "initially_disabled": false,
      "blocked": false,
      "NAME": "terrain_rock_ma_550",
      "XSCL": 2,
      "DATA": [21614.41796875,60143.36328125,10509.953125,5.983185291290283,0.30000001192092896,1.2000017166137695]
    },
    "0-223430": {
      "deleted": false,
      "persistent": false,
      "initially_disabled": false,
      "blocked": false,
      "NAME": "terrain_rock_ma_02",
      "XSCL": 2,
      "DATA": [20653.85546875,62182.984375,12708.73828125,0,0,0.49992528557777405]
    },
    "0-223431": {
      "deleted": false,
      "persistent": false,
      "initially_disabled": false,
      "blocked": false,
      "NAME": "terrain_rock_ma_54",
      "XSCL": 0.6500000357627869,