{
  "deleted": false,
  "DATA": {
    "flags": 2,
    "grid": [20,-11]
  },
  "NAME": null,
  "RGNN": "Azura's Coast Region",
  "WHGT": null,
  "NAM5": null,
  "AMBI": null,
  "FRMR": {
    "0-452717": {
      "deleted": false,
      "persistent": false,
      "initially_disabled": false,
      "blocked": false,
      "NAME": "Ex_T_menhir_L_01",
      "XSCL": 2,
      "DATA": [171521.078125,-82967.640625,-2094.849853515625,0,0,1.9663690328598022]
    },
    "0-452718": {
      "deleted": false,
      "persistent": false,
      "initially_disabled": false,
      "blocked": false,
      "NAME": "Ex_T_menhir_L_01",
      "XSCL": 2,
      "DATA": [171036.546875,-83367.4453125,-2323.68310546875,0,0,4.949553966522217]
    },
    "0-452719": {
      "deleted": false,
      "persistent": false,
      "initially_disabled": false,
      "blocked": false,
      "NAME": "Ex_T_menhir_L_01",
      "XSCL": 2,
      "DATA": [169421.90625,-82418.796875,-2450.635986328125,0,0,6.0663676261901855]
    },
    "0-452720": {
      "deleted": false,
      "persistent": false,
      "initially_disabled": false,
      "blocked": false,
      "NAME": "Ex_T_menhir_L_01",
      "XSCL": 1.4800000190734863,
      "DATA": [168913.890625,-82546.6640625,-1984.8544921875,0,0,5.0663676261901855]
    },
    "0-452721": {
      "deleted": false,
      "persistent": false,
      "initially_disabled": false,
      "blocked": false,
      "NAME": "Ex_T_menhir_L_01",
      "XSCL": 2,
      "DATA": [167102.96875,-82672.7890625,-2149.4931640625,0,0,3.5663697719573975]
    },
    "0-452722": {
      "deleted": false,
      "persistent": false,
      "initially_disabled": false,
      "blocked": false,
      "NAME": "Ex_T_menhir_L_01",
      "XSCL": 2,
      "DATA": [166717.5,-82176.7578125,-2378.32568359375,0,0,0.2663692533969879]
    }
  }
}