{
  "deleted": false,
  "DATA": {
    "flags": 2,
    "grid": [21,-6]
  },
  "NAME": null,
  "RGNN": "Azura's Coast Region",
  "WHGT": null,
  "NAM5": null,
  "AMBI": null,
  "FRMR": {
    "0-451056": {
      "deleted": false,
      "persistent": false,
      "initially_disabled": false,
      "blocked": false,
      "NAME": "Ex_T_menhir_L_01",
      "XSCL": 2,
      "DATA": [176991.3125,-41480.96484375,-2123.919677734375,0,0,5.583181858062744]
    },
    "0-451057": {
      "deleted": false,
      "persistent": false,
      "initially_disabled": false,
      "blocked": false,
      "NAME": "Ex_T_menhir_L_01",
      "XSCL": 2,
      "DATA": [175383.8125,-42844.5234375,-2294.618896484375,0,0,3.965756893157959]
    },
    "0-451058": {
      "deleted": false,
      "persistent": false,
      "initially_disabled": false,
      "blocked": false,
      "NAME": "Ex_T_menhir_L_01",
      "XSCL": 2,
      "DATA": [174621.484375,-42891.5234375,-2273.152099609375,0,0,0.8663700819015503]
    },
    "0-451059": {
      "deleted": false,
      "persistent": false,
      "initially_disabled": false,
      "blocked": false,
      "NAME": "Ex_T_menhir_L_01",
      "XSCL": 2,
      "DATA": [177234.640625,-44378.01171875,-2145.330810546875,0,0,1.532743215560913]
    },
    "0-451060": {
      "deleted": false,
      "persistent": false,
      "initially_disabled": false,
      "blocked": false,
      "NAME": "Ex_T_menhir_L_01",
      "XSCL": 2,
      "DATA": [177709.328125,-44898.52734375,-2560.22509765625,0,0,2.9327406883239746]
    },
    "0-451061": {
      "deleted": false,
      "persistent": false,
      "initially_disabled": false,
      "blocked": false,
      "NAME": "Flora_kelp_01",
      "XSCL": 2,
      "DATA": [173230.453125,-43749.16796875,-1318.00048828125,0,0,2.8168141841888428]
    },
    "0-451062": {
      "deleted": false,
      "persistent": false,
      "initially_disabled": false,
      "blocked": false,
      "NAME": "Flora_kelp_01",
      "XSCL": 2,
      "DATA": [173411.8125,-43755.7890625,-1395.4713134765625,0,0,2.016815662384033]
    },
    "0-451063": {
      "deleted": false,
      "persistent": false,
      "initially_disabled": false,
      "blocked": false,
      "NAME": "Ex_barnacles_02",
      "XSCL": 1.970000147819519,
      "DATA": [173444.875,-43934.16015625,-1534.3345947265625,6.183184623718262,5.983185291290283,4.800002098083496]
    },
    "0-451064": {
      "deleted": false,
      "persistent": false,
      "initially_disabled": false,
      "blocked": false,
      "NAME": "Ex_barnacles_02",
      "XSCL": 2,
      "DATA": [173330.3125,-43828.1015625,-1494.5850830078125,6.283183574676514,6.28318452835083,2.7000014781951904]
    },
    "0-451065": {
      "deleted": false,
      "persistent": false,
      "initially_disabled": false,
      "blocked": false,
      "NAME": "Flora_kelp_03",
      "XSCL": 1.5000001192092896,
      "DATA": [173491.375,-43863.375,-1444.687744140625,0,0,4.61681604385376]
    },
    "0-451066": {
      "deleted": false,
      "persistent": false,
      "initially_disabled": false,
      "blocked": false,
      "NAME": "blue coast ref 1024",
      "DATA": [173323.84375,-43943.10546875,-1230.6300048828125,0,0,5.116815567016602]
    },
    "0-451067": {
      "deleted": false,
      "persistent": false,
      "initially_disabled": false,
      "blocked": false,
      "NAME": "Ex_barnacles_02",
      "XSCL": 2,
      "DATA": [173317.125,-44004.6796875,-1529.331298828125,6.166372776031494,5.883186340332031,2.116814136505127]
    },
    "0-451068": {
      "deleted": false,
      "persistent": false,
      "initially_disabled": false,
      "blocked": false,
      "NAME": "Ex_barnacles_03",
      "XSCL": 2,
      "DATA": [173191.15625,-43888.81640625,-1468.3143310546875,2.999630928039551,3.2005417346954346,1.61722993850708]
    },
    "0-451069": {
      "deleted": false,
      "persistent": false,
      "initially_disabled": false,
      "blocked": false,
      "NAME": "in_cave_plant00",
      "XSCL": 2,
      "DATA": [173176.59375,-44034.49609375,-1538.9210205078125,0,0,2.016815662384033]
    },
    "0-451070": {
      "deleted": false,
      "persistent": false,
      "initially_disabled": false,
      "blocked": false,
      "NAME": "Ex_T_menhir_L_01",
      "XSCL": 2,
      "DATA": [174381.375,-44776.0390625,-2250.260498046875,0,0,2.466369390487671]
    },
    "0-451071": {
      "deleted": false,
      "persistent": false,
      "initially_disabled": false,
      "blocked": false,
      "NAME": "Ex_T_menhir_L_01",
      "XSCL": 2,
      "DATA": [174439.78125,-45297.859375,-2566.46240234375,0,0,0.9663702249526978]
    },
    "0-451072": {
      "deleted": false,
      "persistent": false,
      "initially_disabled": false,
      "blocked": false,
      "NAME": "Ex_T_menhir_L_01",
      "XSCL": 2,
      "DATA": [175197.875,-45276.3203125,-2587.92919921875,0,0,4.065756797790527]
    },
    "0-451073": {
      "deleted": false,
      "persistent": false,
      "initially_disabled": false,
      "blocked": false,
      "NAME": "Ex_T_menhir_L_01",
      "XSCL": 2,
      "DATA": [173824.96875,-46038.796875,-2355.099609375,0,0,3.1663687229156494]
    },
    "0-451074": {
      "deleted": false,
      "persistent": false,
      "initially_disabled": false,
      "blocked": false,
      "NAME": "Ex_T_menhir_L_01",
      "XSCL": 2,
      "DATA": [172954.640625,-45918.0390625,-2123.045654296875,0,0,0.666369616985321]
    },
    "0-451075": {
      "deleted": false,
      "persistent": false,
      "initially_disabled": false,
      "blocked": false,
      "NAME": "Ex_T_menhir_L_01",
      "XSCL": 2,
      "DATA": [174712.1875,-44098.68359375,-2514.05615234375,0,0,3.049556016921997]
    },
    "0-451076": {
      "deleted": false,
      "persistent": false,
      "initially_disabled": false,
      "blocked": false,
      "NAME": "Ex_T_menhir_L_01",
      "XSCL": 2,
      "DATA": [174177.3125,-43769.45703125,-2285.221435546875,0,0,0.06637001037597656]
    },
    "0-451077": {
      "deleted": false,
      "persistent": false,
      "initially_disabled": false,
      "blocked": false,
      "NAME": "h2o_all_lev-2",
      "DATA": [173422.34375,-44252.53515625,-807.62548828125,0,0,0.3999994099140167]
    },
    "0-451078": {
      "deleted": false,
      "persistent": false,
      "initially_disabled": false,
      "blocked": false,
      "NAME": "in_cave_plant00",
      "XSCL": 2,
      "DATA": [173481.265625,-44080.0703125,-1591.762939453125,0,0,1.5168161392211914]
    },
    "0-451079": {
      "deleted": false,
      "persistent": false,
      "initially_disabled": false,
      "blocked": false,
      "NAME": "Flora_kelp_02",
      "XSCL": 1.9800001382827759,
      "DATA": [173299.53125,-44170.953125,-1408.72314453125,0,0,4.61681604385376]
    },
    "0-451080": {
      "deleted": false,
      "persistent": false,
      "initially_disabled": false,
      "blocked": false,
      "NAME": "Ex_T_menhir_L_01",
      "XSCL": 2,
      "DATA": [177635.203125,-47930.2109375,-2906.2568359375,0,0,1.099998116493225]
    },
    "0-451081": {
      "deleted": false,
      "persistent": false,
      "initially_disabled": false,
      "blocked": false,
      "NAME": "Ex_T_menhir_L_01",
      "XSCL": 2,
      "DATA": [177623.734375,-47213.00390625,-3027.097412109375,0,0,0.6168114542961121]
    },
    "0-451082": {
      "deleted": false,
      "persistent": false,
      "initially_disabled": false,
      "blocked": false,
      "NAME": "Ex_T_menhir_L_01",
      "XSCL": 2,
      "DATA": [177015.109375,-48039.69140625,-2784.316650390625,0,0,4.683181285858154]
    },
    "0-451083": {
      "deleted": false,
      "persistent": false,
      "initially_disabled": false,
      "blocked": false,
      "NAME": "Ex_T_menhir_L_01",
      "XSCL": 2,
      "DATA": [179094.875,-45496.8828125,-2552.42529296875,0,0,5.3495564460754395]
    },
    "0-451084": {
      "deleted": false,
      "persistent": false,
      "initially_disabled": false,