{
  "deleted": false,
  "DATA": {
    "flags": 2,
    "grid": [21,-11]
  },
  "NAME": null,
  "RGNN": "Azura's Coast Region",
  "WHGT": null,
  "NAM5": null,
  "AMBI": null,
  "FRMR": {
    "0-452680": {
      "deleted": false,
      "persistent": false,
      "initially_disabled": false,
      "blocked": false,
      "NAME": "Ex_T_menhir_L_01",
      "XSCL": 2,
      "DATA": [177031.875,-83215.078125,-2863.76416015625,0,0,5.099995136260986]
    },
    "0-452681": {
      "deleted": false,
      "persistent": false,
      "initially_disabled": false,
      "blocked": false,
      "NAME": "Ex_T_menhir_L_01",
      "XSCL": 2,
      "DATA": [176196.171875,-82973.1484375,-2810.13427734375,0,0,3.4831817150115967]
    },
    "0-452682": {
      "deleted": false,
      "persistent": false,
      "initially_disabled": false,
      "blocked": false,
      "NAME": "Ex_T_menhir_L_01",
      "XSCL": 2,
      "DATA": [178618.28125,-82151.4921875,-2898.76318359375,0,0,0.8168109655380249]
    },
    "0-452683": {
      "deleted": false,
      "persistent": false,
      "initially_disabled": false,
      "blocked": false,
      "NAME": "Ex_T_menhir_L_01",
      "XSCL": 2,
      "DATA": [178053.53125,-82429.8828125,-2776.82275390625,0,0,4.399994373321533]
    },
    "0-452684": {
      "deleted": false,
      "persistent": false,
      "initially_disabled": false,
      "blocked": false,
      "NAME": "Ex_T_menhir_L_01",
      "XSCL": 2,
      "DATA": [176092.34375,-82302.7578125,-3041.58056640625,0,0,1.0999979972839355]
    }
  }
}