{
  "deleted": false,
  "DATA": {
    "flags": 2,
    "grid": [21,-2]
  },
  "NAME": null,
  "RGNN": "Azura's Coast Region",
  "WHGT": null,
  "NAM5": null,
  "AMBI": null,
  "FRMR": {
    "0-447419": {
      "deleted": false,
      "persistent": false,
      "initially_disabled": false,
      "blocked": false,
      "NAME": "Ex_T_menhir_L_01",
      "XSCL": 2,
      "DATA": [172339.53125,-10692.1689453125,-1552.90625,0,0,4.849556922912598]
    },
    "0-447420": {
      "deleted": false,
      "persistent": false,
      "initially_disabled": false,
      "blocked": false,
      "NAME": "Ex_T_menhir_L_01",
      "XSCL": 2,
      "DATA": [172440.78125,-12736.427734375,-1714.5025634765625,0,0,3.532740592956543]
    },
    "0-447421": {
      "deleted": false,
      "persistent": false,
      "initially_disabled": false,
      "blocked": false,
      "NAME": "Ex_T_menhir_L_01",
      "XSCL": 2,
      "DATA": [176028.703125,-9841.3046875,-2080.607666015625,0,0,2.0327417850494385]
    },
    "0-447422": {
      "deleted": false,
      "persistent": false,
      "initially_disabled": false,
      "blocked": false,
      "NAME": "Ex_T_menhir_L_01",
      "XSCL": 2,
      "DATA": [176123.9375,-10542.54296875,-2126.772216796875,0,0,0.34955674409866333]
    },
    "0-447423": {
      "deleted": false,
      "persistent": false,
      "initially_disabled": false,
      "blocked": false,
      "NAME": "Ex_T_menhir_L_01",
      "XSCL": 2,
      "DATA": [175260.28125,-10898.87890625,-2064.559326171875,0,0,4.40000057220459]
    },
    "0-447424": {
      "deleted": false,
      "persistent": false,
      "initially_disabled": false,
      "blocked": false,
      "NAME": "Ex_T_menhir_L_01",
      "XSCL": 2,
      "DATA": [176817.875,-10368.638671875,-2120.559326171875,0,0,1.7495558261871338]
    },
    "0-447425": {
      "deleted": false,
      "persistent": false,
      "initially_disabled": false,
      "blocked": false,
      "NAME": "Ex_T_menhir_L_01",
      "XSCL": 2,
      "DATA": [173562.78125,-14305.0888671875,-2746.673095703125,0,0,0.749556303024292]
    },
    "0-447426": {
      "deleted": false,
      "persistent": false,
      "initially_disabled": false,
      "blocked": false,
      "NAME": "Ex_T_menhir_L_01",
      "XSCL": 2,
      "DATA": [174106.359375,-13398.900390625,-2546.967529296875,0,0,5.149557590484619]
    },
    "0-447427": {
      "deleted": false,
      "persistent": false,
      "initially_disabled": false,
      "blocked": false,
      "NAME": "Ex_T_menhir_L_01",
      "XSCL": 2,
      "DATA": [174004.125,-12678.7490234375,-2246.436279296875,0,0,0.2663702964782715]
    },
    "0-447428": {
      "deleted": false,
      "persistent": false,
      "initially_disabled": false,
      "blocked": false,
      "NAME": "Ex_T_menhir_L_01",
      "XSCL": 2,
      "DATA": [174482.21875,-14098.57421875,-2712.972412109375,0,0,5.34955358505249]
    }
  }
}