{
  "deleted": false,
  "DATA": {
    "flags": 2,
    "grid": [21,-7]
  },
  "NAME": null,
  "RGNN": "Azura's Coast Region",
  "WHGT": null,
  "NAM5": null,
  "AMBI": null,
  "FRMR": {
    "0-451103": {
      "deleted": false,
      "persistent": false,
      "initially_disabled": false,
      "blocked": false,
      "NAME": "Ex_T_menhir_L_01",
      "XSCL": 2,
      "DATA": [172837,-52853.83984375,-2215.568603515625,0,0,4.46636962890625]
    },
    "0-451104": {
      "deleted": false,
      "persistent": false,
      "initially_disabled": false,
      "blocked": false,
      "NAME": "Ex_T_menhir_L_01",
      "XSCL": 1.4800000190734863,
      "DATA": [172415.171875,-56063.37109375,-1587.955810546875,0,0,5.866368293762207]
    },
    "0-451105": {
      "deleted": false,
      "persistent": false,
      "initially_disabled": false,
      "blocked": false,
      "NAME": "Ex_T_menhir_L_01",
      "XSCL": 2,
      "DATA": [172860.890625,-56338.66796875,-2053.73779296875,0,0,0.5831828117370605]
    },
    "0-451106": {
      "deleted": false,
      "persistent": false,
      "initially_disabled": false,
      "blocked": false,
      "NAME": "ex_t_menhir_01",
      "XSCL": 2,
      "DATA": [172892.921875,-55805.296875,-1145.6351318359375,0,0,1.6831859350204468]
    },
    "0-451107": {
      "deleted": false,
      "persistent": false,
      "initially_disabled": false,
      "blocked": false,
      "NAME": "Ex_T_menhir_L_01",
      "XSCL": 2,
      "DATA": [172173.671875,-52696.390625,-2402.201171875,0,0,2.966369867324829]
    },
    "0-451108": {
      "deleted": false,
      "persistent": false,
      "initially_disabled": false,
      "blocked": false,
      "NAME": "Ex_T_menhir_L_01",
      "XSCL": 2,
      "DATA": [178637.953125,-51303.21875,-3370.94287109375,0,0,5.165756702423096]
    },
    "0-451109": {
      "deleted": false,
      "persistent": false,
      "initially_disabled": false,
      "blocked": false,
      "NAME": "Ex_T_menhir_L_01",
      "XSCL": 2,
      "DATA": [178317.921875,-50609.73046875,-3349.47607421875,0,0,2.0663702487945557]
    },
    "0-451110": {
      "deleted": false,
      "persistent": false,
      "initially_disabled": false,
      "blocked": false,
      "NAME": "Ex_T_menhir_L_01",
      "XSCL": 2,
      "DATA": [177879.328125,-53583.93359375,-2689.523681640625,0,0,2.7327427864074707]
    },
    "0-451111": {
      "deleted": false,
      "persistent": false,
      "initially_disabled": false,
      "blocked": false,
      "NAME": "Ex_T_menhir_L_01",
      "XSCL": 2,
      "DATA": [177566.1875,-54214.95703125,-3104.418212890625,0,0,4.132740020751953]
    },
    "0-451112": {
      "deleted": false,
      "persistent": false,
      "initially_disabled": false,
      "blocked": false,
      "NAME": "Flora_kelp_01",
      "XSCL": 2,
      "DATA": [173148.34375,-51124.80078125,-1051.6102294921875,0,0,2.116814136505127]
    },
    "0-451113": {
      "deleted": false,
      "persistent": false,
      "initially_disabled": false,
      "blocked": false,
      "NAME": "Flora_kelp_01",
      "XSCL": 2,
      "DATA": [173291.3125,-51013.02734375,-1081.7186279296875,0,0,1.3168152570724487]
    },
    "0-451114": {
      "deleted": false,
      "persistent": false,
      "initially_disabled": false,
      "blocked": false,
      "NAME": "Ex_barnacles_02",
      "XSCL": 1.970000147819519,
      "DATA": [173431.53125,-51128.15234375,-1268.92626953125,6.28318452835083,5.883185386657715,2.700002431869507]
    },
    "0-451115": {
      "deleted": false,
      "persistent": false,
      "initially_disabled": false,
      "blocked": false,
      "NAME": "Ex_barnacles_02",
      "XSCL": 2,
      "DATA": [173275.546875,-51120.83984375,-1226.3751220703125,0.09999790042638779,6.083184719085693,2.0000014305114746]
    },
    "0-451116": {
      "deleted": false,
      "persistent": false,
      "initially_disabled": false,
      "blocked": false,
      "NAME": "Flora_kelp_03",
      "XSCL": 1.5000001192092896,
      "DATA": [173421.484375,-51044.05078125,-1184.7095947265625,0,0,3.9168167114257812]
    },
    "0-451117": {
      "deleted": false,
      "persistent": false,
      "initially_disabled": false,
      "blocked": false,
      "NAME": "blue coast ref 1024",
      "DATA": [173344.703125,-51212.96875,-916.877197265625,0,0,4.416816234588623]
    },
    "0-451118": {
      "deleted": false,
      "persistent": false,
      "initially_disabled": false,
      "blocked": false,
      "NAME": "Ex_barnacles_02",
      "XSCL": 2,
      "DATA": [173379.25,-51264.39453125,-1234.1158447265625,6.166372776031494,5.883186340332031,1.4168137311935425]
    },
    "0-451119": {
      "deleted": false,
      "persistent": false,
      "initially_disabled": false,
      "blocked": false,
      "NAME": "Ex_barnacles_03",
      "XSCL": 2,
      "DATA": [173208.25,-51256.9296875,-1189.6593017578125,3.1996307373046875,3.4005417823791504,0.9172295331954956]
    },
    "0-451120": {
      "deleted": false,
      "persistent": false,
      "initially_disabled": false,
      "blocked": false,
      "NAME": "in_cave_plant00",
      "XSCL": 2,
      "DATA": [173290.96875,-51377.7265625,-1245.255126953125,0,0,1.3168152570724487]
    },
    "0-451121": {
      "deleted": false,
      "persistent": false,
      "initially_disabled": false,
      "blocked": false,
      "NAME": "Ex_T_menhir_L_01",
      "XSCL": 2,
      "DATA": [176474.453125,-51068.8046875,-2459.130615234375,0,0,3.6663689613342285]
    },
    "0-451122": {
      "deleted": false,
      "persistent": false,
      "initially_disabled": false,
      "blocked": false,
      "NAME": "Ex_T_menhir_L_01",
      "XSCL": 2,
      "DATA": [176009.265625,-51312.328125,-2775.332763671875,0,0,2.166370153427124]
    },
    "0-451123": {
      "deleted": false,
      "persistent": false,
      "initially_disabled": false,
      "blocked": false,
      "NAME": "Ex_T_menhir_L_01",
      "XSCL": 2,
      "DATA": [176304.03125,-52011.09375,-2796.799560546875,0,0,5.265756607055664]
    },
    "0-451124": {
      "deleted": false,
      "persistent": false,
      "initially_disabled": false,
      "blocked": false,
      "NAME": "Ex_T_menhir_L_01",
      "XSCL": 2,
      "DATA": [175095.90625,-51007.7890625,-3034.217529296875,0,0,4.366368293762207]
    },
    "0-451125": {
      "deleted": false,
      "persistent": false,
      "initially_disabled": false,
      "blocked": false,
      "NAME": "Ex_T_menhir_L_01",
      "XSCL": 2,
      "DATA": [174893.0625,-50152.83984375,-2802.162841796875,0,0,1.8663697242736816]
    },
    "0-451126": {
      "deleted": false,
      "persistent": false,
      "initially_disabled": false,
      "blocked": false,
      "NAME": "Ex_T_menhir_L_01",
      "XSCL": 2,
      "DATA": [177225.671875,-51131.6953125,-3342.380859375,0,0,4.249555587768555]
    },
    "0-451127": {
      "deleted": false,
      "persistent": false,
      "initially_disabled": false,
      "blocked": false,
      "NAME": "Ex_T_menhir_L_01",
      "XSCL": 2,
      "DATA": [177338.671875,-50513.86328125,-3113.5458984375,0,0,1.266370177268982]
    },
    "0-451128": {
      "deleted": false,
      "persistent": false,
      "initially_disabled": false,
      "blocked": false,
      "NAME": "h2o_all_lev-2",
      "DATA": [173619.390625,-51386.1796875,-493.873046875,0,0,5.983185291290283]
    },
    "0-451129": {
      "deleted": false,
      "persistent": false,
      "initially_disabled": false,
      "blocked": false,
      "NAME": "in_cave_plant00",
      "XSCL": 2,
      "DATA": [173553.34375,-51216.31640625,-1339.624755859375,0,0,0.8168157339096069]
    },
    "0-451130": {
      "deleted": false,
      "persistent": false,
      "initially_disabled": false,
      "blocked": false,
      "NAME": "Flora_kelp_02",
      "XSCL": 1.9800001382827759,
      "DATA": [173472.890625,-51402.890625,-1138.0374755859375,0,0,3.9168167114257812]
    },
    "0-451131": {
      "deleted": false,
      "persistent": false,