{
  "deleted": false,
  "DATA": {
    "flags": 2,
    "grid": [21,0]
  },
  "NAME": null,
  "RGNN": "Azura's Coast Region",
  "WHGT": null,
  "NAM5": null,
  "AMBI": null,
  "FRMR": {
    "0-447353": {
      "deleted": false,
      "persistent": false,
      "initially_disabled": false,
      "blocked": false,
      "NAME": "Ex_T_menhir_L_01",
      "XSCL": 2,
      "DATA": [177257.578125,7465.99951171875,-1044.423095703125,0,0,2.9327456951141357]
    },
    "0-447354": {
      "deleted": false,
      "persistent": false,
      "initially_disabled": false,
      "blocked": false,
      "NAME": "Ex_T_menhir_L_01",
      "XSCL": 2,
      "DATA": [179972.640625,7076.96630859375,-1843.5260009765625,0,0,0.23274248838424683]
    },
    "0-447355": {
      "deleted": false,
      "persistent": false,
      "initially_disabled": false,
      "blocked": false,
      "NAME": "Ex_T_menhir_L_01",
      "XSCL": 2,
      "DATA": [177774.21875,8155.4501953125,-1177.9949951171875,0,0,0.6999993324279785]
    },
    "0-447356": {
      "deleted": false,
      "persistent": false,
      "initially_disabled": false,
      "blocked": false,
      "NAME": "Ex_T_menhir_L_01",
      "XSCL": 2,
      "DATA": [179997.46875,8133.40576171875,-2042.0225830078125,0,0,4.632744789123535]
    },
    "0-447357": {
      "deleted": false,
      "persistent": false,
      "initially_disabled": false,
      "blocked": false,
      "NAME": "Ex_T_menhir_L_01",
      "XSCL": 2,
      "DATA": [172847.9375,746.9575805664062,-2248.687255859375,0,0,2.299999237060547]
    },
    "0-447358": {
      "deleted": false,
      "persistent": false,
      "initially_disabled": false,
      "blocked": false,
      "NAME": "Ex_T_menhir_L_01",
      "XSCL": 2,
      "DATA": [176943.515625,5448.1201171875,-1909.5076904296875,0,0,1.300000548362732]
    },
    "0-447359": {
      "deleted": false,
      "persistent": false,
      "initially_disabled": false,
      "blocked": false,
      "NAME": "Flora_kelp_01",
      "XSCL": 2,
      "DATA": [173820.125,2577.0166015625,-909.3745727539062,0,0,4.232746124267578]
    },
    "0-447360": {
      "deleted": false,
      "persistent": false,
      "initially_disabled": false,
      "blocked": false,
      "NAME": "Ex_barnacles_02",
      "XSCL": 1.9800001382827759,
      "DATA": [173606.578125,2706.469970703125,-1121.0445556640625,5.983185768127441,0.4000001847743988,0.5327433943748474]
    },
    "0-447361": {
      "deleted": false,
      "persistent": false,
      "initially_disabled": false,
      "blocked": false,
      "NAME": "Flora_kelp_03",
      "XSCL": 1.5100001096725464,
      "DATA": [173661.703125,2595.91650390625,-1033.3291015625,0,0,0.5495571494102478]
    },
    "0-447362": {
      "deleted": false,
      "persistent": false,
      "initially_disabled": false,
      "blocked": false,
      "NAME": "in_cave_plant00",
      "XSCL": 2,
      "DATA": [173491.828125,2762.42431640625,-1198.86474609375,0,0,3.7327468395233154]
    },
    "0-447363": {
      "deleted": false,
      "persistent": false,
      "initially_disabled": false,
      "blocked": false,
      "NAME": "Ex_barnacles_02",
      "XSCL": 2,
      "DATA": [173668.5625,2842.39697265625,-1072.8753662109375,5.866373538970947,0.40000003576278687,4.332746505737305]
    },
    "0-447364": {
      "deleted": false,
      "persistent": false,
      "initially_disabled": false,
      "blocked": false,
      "NAME": "Ex_barnacles_02",
      "XSCL": 2,
      "DATA": [173778.25,2694.7861328125,-1051.5980224609375,6.083183765411377,0.20000001788139343,4.715933799743652]
    },
    "0-447365": {
      "deleted": false,
      "persistent": false,
      "initially_disabled": false,
      "blocked": false,
      "NAME": "Ex_barnacles_03",
      "XSCL": 2,
      "DATA": [173825,2847.924560546875,-1003.594482421875,2.9996321201324463,2.9005422592163086,3.7331626415252686]
    },
    "0-447366": {
      "deleted": false,
      "persistent": false,
      "initially_disabled": false,
      "blocked": false,
      "NAME": "in_cave_plant00",
      "XSCL": 2,
      "DATA": [173749.640625,2965.282470703125,-1074.8629150390625,0,0,3.132746696472168]
    },
    "0-447367": {
      "deleted": false,
      "persistent": false,
      "initially_disabled": false,
      "blocked": false,
      "NAME": "blue coast ref 1024",
      "DATA": [173714.5,2753.0341796875,-844.75390625,0,0,1.049559235572815]
    },
    "0-447368": {
      "deleted": false,
      "persistent": false,
      "initially_disabled": false,
      "blocked": false,
      "NAME": "Flora_kelp_01",
      "XSCL": 2,
      "DATA": [173958.03125,2776.92041015625,-857.83837890625,0,0,5.032744407653809]
    },
    "0-447369": {
      "deleted": false,
      "persistent": false,
      "initially_disabled": false,
      "blocked": false,
      "NAME": "Ex_T_menhir_L_01",
      "XSCL": 2,
      "DATA": [173484.90625,4116.9423828125,-1827.0291748046875,0,0,0.9327427744865417]
    },
    "0-447370": {
      "deleted": false,
      "persistent": false,
      "initially_disabled": false,
      "blocked": false,
      "NAME": "Ex_T_menhir_L_01",
      "XSCL": 2,
      "DATA": [173132.5625,3513.931640625,-2057.2861328125,0,0,2.0159294605255127]
    },
    "0-447371": {
      "deleted": false,
      "persistent": false,
      "initially_disabled": false,
      "blocked": false,
      "NAME": "Ex_T_menhir_L_01",
      "XSCL": 2,
      "DATA": [175365.234375,4983.064453125,-1537.7098388671875,0,0,4.932742118835449]
    },
    "0-447372": {
      "deleted": false,
      "persistent": false,
      "initially_disabled": false,
      "blocked": false,
      "NAME": "Ex_T_menhir_L_01",
      "XSCL": 2,
      "DATA": [174197.5,3912.80615234375,-2265.348876953125,0,0,0.39999842643737793]
    },
    "0-447373": {
      "deleted": false,
      "persistent": false,
      "initially_disabled": false,
      "blocked": false,
      "NAME": "Ex_T_menhir_L_01",
      "XSCL": 2,
      "DATA": [174202.15625,951.2086181640625,-1737.3829345703125,0,0,2.483184814453125]
    },
    "0-447374": {
      "deleted": false,
      "persistent": false,
      "initially_disabled": false,
      "blocked": false,
      "NAME": "Ex_T_menhir_L_01",
      "XSCL": 2,
      "DATA": [175447.375,975.5462036132812,-2079.198974609375,0,0,5.749557971954346]
    },
    "0-447375": {
      "deleted": false,
      "persistent": false,
      "initially_disabled": false,
      "blocked": false,
      "NAME": "Ex_T_menhir_L_01",
      "XSCL": 2,
      "DATA": [176327.28125,2162.238037109375,-1828.0965576171875,0,0,2.3327438831329346]
    },
    "0-447376": {
      "deleted": false,
      "persistent": false,
      "initially_disabled": false,
      "blocked": false,
      "NAME": "Ex_T_menhir_L_01",
      "XSCL": 1.4500000476837158,
      "DATA": [176065.8125,5127.9580078125,-1131.5819091796875,0,0,3.532743453979492]
    },
    "0-447377": {
      "deleted": false,
      "persistent": false,
      "initially_disabled": false,
      "blocked": false,
      "NAME": "Ex_T_menhir_L_01",
      "XSCL": 2,
      "DATA": [176131.8125,4423.3857421875,-1896.0330810546875,0,0,5.2159271240234375]
    },
    "0-447378": {
      "deleted": false,
      "persistent": false,
      "initially_disabled": false,
      "blocked": false,
      "NAME": "Ex_T_menhir_L_01",
      "XSCL": 2,
      "DATA": [173005.15625,4893.56201171875,-2076.1015625,0,0,4.132743835449219]
    },
    "0-447379": {
      "deleted": false,
      "persistent": false,
      "initially_disabled": false,
      "blocked": false,
      "NAME": "Ex_T_menhir_L_01",
      "XSCL": 2,
      "DATA": [174867.5625,774.0834350585938,-1688.5235595703125,0,0,5.283184051513672]
    },
    "0-447380": {
      "deleted": false,
      "persistent": false,
      "initially_disabled": false,
      "blocked": false,
      "NAME": "Ex_T_menhir_L_01",
      "XSCL": 2,
      "DATA": [179306.046875,3250.740966796875,-1701.8292236328125,0,0,4.832740306854248]
    },