{
  "deleted": false,
  "DATA": {
    "flags": 2,
    "grid": [21,-1]
  },
  "NAME": null,
  "RGNN": "Azura's Coast Region",
  "WHGT": null,
  "NAM5": null,
  "AMBI": null,
  "FRMR": {
    "0-447397": {
      "deleted": false,
      "persistent": false,
      "initially_disabled": false,
      "blocked": false,
      "NAME": "Ex_T_menhir_L_01",
      "XSCL": 2,
      "DATA": [175470.796875,-1927.8629150390625,-2376.721435546875,0,0,0.6327415704727173]
    },
    "0-447398": {
      "deleted": false,
      "persistent": false,
      "initially_disabled": false,
      "blocked": false,
      "NAME": "Ex_T_menhir_L_01",
      "XSCL": 2,
      "DATA": [176178,-1953.2252197265625,-2128.952880859375,0,0,5.232742786407471]
    },
    "0-447399": {
      "deleted": false,
      "persistent": false,
      "initially_disabled": false,
      "blocked": false,
      "NAME": "Ex_T_menhir_L_01",
      "XSCL": 2,
      "DATA": [176382.390625,-2864.84765625,-2322.768798828125,0,0,3.000000476837158]
    },
    "0-447400": {
      "deleted": false,
      "persistent": false,
      "initially_disabled": false,
      "blocked": false,
      "NAME": "Ex_T_menhir_L_01",
      "XSCL": 2,
      "DATA": [172318.921875,-2134.564453125,-2002.8780517578125,0,0,0.14955386519432068]
    },
    "0-447401": {
      "deleted": false,
      "persistent": false,
      "initially_disabled": false,
      "blocked": false,
      "NAME": "Ex_T_menhir_L_01",
      "XSCL": 2,
      "DATA": [176124.59375,-1239.7994384765625,-2227.159423828125,0,0,0.34955576062202454]
    },
    "0-447402": {
      "deleted": false,
      "persistent": false,
      "initially_disabled": false,
      "blocked": false,
      "NAME": "Ex_T_menhir_L_01",
      "XSCL": 2,
      "DATA": [172760.96875,-1474.6953125,-2431.99609375,0,0,6.232743263244629]
    },
    "0-447403": {
      "deleted": false,
      "persistent": false,
      "initially_disabled": false,
      "blocked": false,
      "NAME": "Ex_T_menhir_L_01",
      "XSCL": 2,
      "DATA": [173349.265625,-1046.976806640625,-2450.5439453125,0,0,1.34955632686615]
    },
    "0-447404": {
      "deleted": false,
      "persistent": false,
      "initially_disabled": false,
      "blocked": false,
      "NAME": "Ex_T_menhir_L_01",
      "XSCL": 2,
      "DATA": [179308.328125,-1122.01904296875,-2417.084228515625,0,0,3.466370105743408]
    },
    "0-447405": {
      "deleted": false,
      "persistent": false,
      "initially_disabled": false,
      "blocked": false,
      "NAME": "Ex_T_menhir_L_01",
      "XSCL": 1.4700000286102295,
      "DATA": [178882.71875,-695.4285278320312,-1801.1976318359375,0,0,2.5999984741210938]
    },
    "0-447406": {
      "deleted": false,
      "persistent": false,
      "initially_disabled": false,
      "blocked": false,
      "NAME": "Ex_T_menhir_L_01",
      "XSCL": 2,
      "DATA": [174406.75,-7782.7958984375,-1612.634765625,0,0,0.06637096405029297]
    },
    "0-447407": {
      "deleted": false,
      "persistent": false,
      "initially_disabled": false,
      "blocked": false,
      "NAME": "Ex_T_menhir_L_01",
      "XSCL": 2,
      "DATA": [172390.25,-6088.23779296875,-1588.71240234375,0,0,2.865758180618286]
    },
    "0-447408": {
      "deleted": false,
      "persistent": false,
      "initially_disabled": false,
      "blocked": false,
      "NAME": "Ex_T_menhir_L_01",
      "XSCL": 2,
      "DATA": [172329.296875,-6753.73486328125,-1132.86669921875,0,0,6.049556732177734]
    },
    "0-447409": {
      "deleted": false,
      "persistent": false,
      "initially_disabled": false,
      "blocked": false,
      "NAME": "Ex_T_menhir_L_01",
      "XSCL": 2,
      "DATA": [172432.84375,-4268.4267578125,-1567.949951171875,0,0,3.399554967880249]
    },
    "0-447410": {
      "deleted": false,
      "persistent": false,
      "initially_disabled": false,
      "blocked": false,
      "NAME": "Ex_T_menhir_L_01",
      "XSCL": 2,
      "DATA": [179450.5,-5116.62060546875,-2335.4990234375,0,0,5.632742404937744]
    },
    "0-447411": {
      "deleted": false,
      "persistent": false,
      "initially_disabled": false,
      "blocked": false,
      "NAME": "Ex_T_menhir_L_01",
      "XSCL": 2,
      "DATA": [178649.875,-4426.91943359375,-2533.995849609375,0,0,3.7495577335357666]
    },
    "0-447412": {
      "deleted": false,
      "persistent": false,
      "initially_disabled": false,
      "blocked": false,
      "NAME": "Ex_T_menhir_L_01",
      "XSCL": 2,
      "DATA": [177922.84375,-4405.25634765625,-2552.543701171875,0,0,5.1495561599731445]
    },
    "0-447413": {
      "deleted": false,
      "persistent": false,
      "initially_disabled": false,
      "blocked": false,
      "NAME": "Ex_T_menhir_L_01",
      "XSCL": 2,
      "DATA": [177221.765625,-6130.96435546875,-2350.6875,0,0,6.099998474121094]
    },
    "0-447414": {
      "deleted": false,
      "persistent": false,
      "initially_disabled": false,
      "blocked": false,
      "NAME": "Ex_T_menhir_L_01",
      "XSCL": 2,
      "DATA": [176025.609375,-5463.92724609375,-1839.3828125,0,0,6.283184051513672]
    },
    "0-447415": {
      "deleted": false,
      "persistent": false,
      "initially_disabled": false,
      "blocked": false,
      "NAME": "Ex_T_menhir_L_01",
      "XSCL": 2,
      "DATA": [175025.8125,-4721.28759765625,-2181.19921875,0,0,3.266371965408325]
    },
    "0-447416": {
      "deleted": false,
      "persistent": false,
      "initially_disabled": false,
      "blocked": false,
      "NAME": "Ex_T_menhir_L_01",
      "XSCL": 2,
      "DATA": [175607.671875,-4916.68896484375,-1790.5234375,0,0,2.7999980449676514]
    },
    "0-447417": {
      "deleted": false,
      "persistent": false,
      "initially_disabled": false,
      "blocked": false,
      "NAME": "Ex_T_menhir_L_01",
      "XSCL": 2,
      "DATA": [177426.640625,-6967.80712890625,-2217.1162109375,0,0,2.0495588779449463]
    },
    "0-447418": {
      "deleted": false,
      "persistent": false,
      "initially_disabled": false,
      "blocked": false,
      "NAME": "Ex_T_menhir_L_01",
      "XSCL": 2,
      "DATA": [179403.25,-4175.46044921875,-2104.8779296875,0,0,3.9495537281036377]
    }
  }
}