{
  "deleted": false,
  "DATA": {
    "flags": 2,
    "grid": [22,-1]
  },
  "NAME": null,
  "RGNN": "Azura's Coast Region",
  "WHGT": null,
  "NAM5": null,
  "AMBI": null,
  "FRMR": {
    "0-447070": {
      "deleted": false,
      "persistent": false,
      "initially_disabled": false,
      "blocked": false,
      "NAME": "Ex_T_menhir_L_01",
      "XSCL": 2,
      "DATA": [181245.90625,-2704.85302734375,-2478.900390625,0,0,2.2168140411376953]
    },
    "0-447071": {
      "deleted": false,
      "persistent": false,
      "initially_disabled": false,
      "blocked": false,
      "NAME": "Ex_T_menhir_L_01",
      "XSCL": 2,
      "DATA": [181099.953125,-1508.725830078125,-2757.900390625,0,0,1.832742691040039]
    },
    "0-447072": {
      "deleted": false,
      "persistent": false,
      "initially_disabled": false,
      "blocked": false,
      "NAME": "Ex_T_menhir_L_01",
      "XSCL": 2,
      "DATA": [182941.4375,-5558.22998046875,-2998.122314453125,0,0,1.8663703203201294]
    },
    "0-447073": {
      "deleted": false,
      "persistent": false,
      "initially_disabled": false,
      "blocked": false,
      "NAME": "Ex_T_menhir_L_01",
      "XSCL": 2,
      "DATA": [182527.46875,-5996.11279296875,-2382.235595703125,0,0,0.9999984502792358]
    },
    "0-447074": {
      "deleted": false,
      "persistent": false,
      "initially_disabled": false,
      "blocked": false,
      "NAME": "Ex_T_menhir_L_01",
      "XSCL": 2,
      "DATA": [181658.390625,-5069.0966796875,-2907.210693359375,0,0,2.266371250152588]
    },
    "0-447075": {
      "deleted": false,
      "persistent": false,
      "initially_disabled": false,
      "blocked": false,
      "NAME": "Ex_T_menhir_L_01",
      "XSCL": 2,
      "DATA": [181768.171875,-6994.994140625,-2817.415771484375,0,0,2.0663700103759766]
    },
    "0-447076": {
      "deleted": false,
      "persistent": false,
      "initially_disabled": false,
      "blocked": false,
      "NAME": "Ex_T_menhir_L_01",
      "XSCL": 2,
      "DATA": [180674.140625,-7675.69091796875,-2161.099365234375,0,0,0.44955766201019287]
    }
  }
}