{
  "deleted": false,
  "DATA": {
    "flags": 2,
    "grid": [22,-9]
  },
  "NAME": null,
  "RGNN": "Azura's Coast Region",
  "WHGT": null,
  "NAM5": null,
  "AMBI": null,
  "FRMR": {
    "0-450987": {
      "deleted": false,
      "persistent": false,
      "initially_disabled": false,
      "blocked": false,
      "NAME": "Ex_T_menhir_L_01",
      "XSCL": 2,
      "DATA": [180756.09375,-71781.4453125,-2575.06298828125,0,0,5.54955530166626]
    },
    "0-450988": {
      "deleted": false,
      "persistent": false,
      "initially_disabled": false,
      "blocked": false,
      "NAME": "Ex_T_menhir_L_01",
      "XSCL": 2,
      "DATA": [180490.484375,-71168.171875,-2461.438232421875,0,0,2.3657565116882324]
    },
    "0-450989": {
      "deleted": false,
      "persistent": false,
      "initially_disabled": false,
      "blocked": false,
      "NAME": "Ex_T_menhir_L_01",
      "XSCL": 1.4800000190734863,
      "DATA": [181115.59375,-67855.859375,-1985.9063720703125,0,0,2.666368007659912]
    },
    "0-450990": {
      "deleted": false,
      "persistent": false,
      "initially_disabled": false,
      "blocked": false,
      "NAME": "Ex_T_menhir_L_01",
      "XSCL": 2,
      "DATA": [180654.5625,-67607.0390625,-2451.68798828125,0,0,3.666368007659912]
    },
    "0-452640": {
      "deleted": false,
      "persistent": false,
      "initially_disabled": false,
      "blocked": false,
      "NAME": "Ex_T_menhir_L_01",
      "XSCL": 2,
      "DATA": [180622.59375,-73505.9140625,-3025.650146484375,0,0,3.6663711071014404]
    }
  }
}