{
  "deleted": false,
  "DATA": {
    "flags": 2,
    "grid": [22,3]
  },
  "NAME": null,
  "RGNN": "Azura's Coast Region",
  "WHGT": null,
  "NAM5": null,
  "AMBI": null,
  "FRMR": {
    "0-447057": {
      "deleted": false,
      "persistent": false,
      "initially_disabled": false,
      "blocked": false,
      "NAME": "Ex_T_menhir_L_01",
      "XSCL": 2,
      "DATA": [180487.015625,25682.625,-1701.0986328125,0,0,1.7999992370605469]
    },
    "0-447058": {
      "deleted": false,
      "persistent": false,
      "initially_disabled": false,
      "blocked": false,
      "NAME": "Ex_T_menhir_L_01",
      "XSCL": 2,
      "DATA": [180380.515625,28616.51953125,-1822.2891845703125,0,0,2.183185338973999]
    },
    "0-447059": {
      "deleted": false,
      "persistent": false,
      "initially_disabled": false,
      "blocked": false,
      "NAME": "Ex_T_menhir_L_01",
      "XSCL": 2,
      "DATA": [180476.09375,31086.82421875,-1625.5111083984375,0,0,2.8663687705993652]
    }
  }
}