{
  "deleted": false,
  "DATA": {
    "flags": 2,
    "grid": [22,0]
  },
  "NAME": null,
  "RGNN": "Azura's Coast Region",
  "WHGT": null,
  "NAM5": null,
  "AMBI": null,
  "FRMR": {
    "0-447066": {
      "deleted": false,
      "persistent": false,
      "initially_disabled": false,
      "blocked": false,
      "NAME": "Ex_T_menhir_L_01",
      "XSCL": 2,
      "DATA": [181163.984375,7257.79248046875,-1564.5260009765625,0,0,0.6168140769004822]
    },
    "0-447067": {
      "deleted": false,
      "persistent": false,
      "initially_disabled": false,
      "blocked": false,
      "NAME": "Ex_T_menhir_L_01",
      "XSCL": 2,
      "DATA": [180669.953125,7710.82958984375,-1612.9044189453125,0,0,4.832740783691406]
    },
    "0-447068": {
      "deleted": false,
      "persistent": false,
      "initially_disabled": false,
      "blocked": false,
      "NAME": "Ex_T_menhir_L_01",
      "XSCL": 2,
      "DATA": [180941.25,786.6415405273438,-2190.760498046875,0,0,6.215926647186279]
    },
    "0-447069": {
      "deleted": false,
      "persistent": false,
      "initially_disabled": false,
      "blocked": false,
      "NAME": "Ex_T_menhir_L_01",
      "XSCL": 2,
      "DATA": [180733.765625,3966.23828125,-2398.5869140625,0,0,6.049554824829102]
    }
  }
}