{
  "deleted": false,
  "DATA": {
    "flags": 2,
    "grid": [22,-7]
  },
  "NAME": null,
  "RGNN": "Azura's Coast Region",
  "WHGT": null,
  "NAM5": null,
  "AMBI": null,
  "FRMR": {
    "0-450985": {
      "deleted": false,
      "persistent": false,
      "initially_disabled": false,
      "blocked": false,
      "NAME": "Ex_T_menhir_L_01",
      "XSCL": 2,
      "DATA": [180491.3125,-52307.36328125,-2973.688720703125,0,0,0.4999965727329254]
    },
    "0-450986": {
      "deleted": false,
      "persistent": false,
      "initially_disabled": false,
      "blocked": false,
      "NAME": "Ex_T_menhir_L_01",
      "XSCL": 2,
      "DATA": [180825.4375,-51504.078125,-2920.059814453125,0,0,5.1663689613342285]
    }
  }
}