{
  "deleted": false,
  "DATA": {
    "flags": 2,
    "grid": [22,2]
  },
  "NAME": null,
  "RGNN": "Azura's Coast Region",
  "WHGT": null,
  "NAM5": null,
  "AMBI": null,
  "FRMR": {
    "0-447060": {
      "deleted": false,
      "persistent": false,
      "initially_disabled": false,
      "blocked": false,
      "NAME": "Ex_T_menhir_L_01",
      "XSCL": 2,
      "DATA": [181096.625,21186.72265625,-2174.288330078125,0,0,1.4000009298324585]
    },
    "0-447061": {
      "deleted": false,
      "persistent": false,
      "initially_disabled": false,
      "blocked": false,
      "NAME": "Ex_T_menhir_L_01",
      "XSCL": 2,
      "DATA": [180485.296875,17103.669921875,-2137.305419921875,0,0,4.832740783691406]
    },
    "0-447062": {
      "deleted": false,
      "persistent": false,
      "initially_disabled": false,
      "blocked": false,
      "NAME": "Ex_T_menhir_L_01",
      "XSCL": 2,
      "DATA": [180979.328125,16650.6328125,-2088.927001953125,0,0,0.6168140769004822]
    }
  }
}