{
  "deleted": false,
  "DATA": {
    "flags": 2,
    "grid": [22,5]
  },
  "NAME": null,
  "RGNN": "Azura's Coast Region",
  "WHGT": null,
  "NAM5": null,
  "AMBI": null,
  "FRMR": {
    "0-447043": {
      "deleted": false,
      "persistent": false,
      "initially_disabled": false,
      "blocked": false,
      "NAME": "Ex_T_menhir_L_01",
      "XSCL": 2,
      "DATA": [180647.296875,41877.5703125,-2775.294189453125,0,0,0.883185625076294]
    },
    "0-447044": {
      "deleted": false,
      "persistent": false,
      "initially_disabled": false,
      "blocked": false,
      "NAME": "Ex_T_menhir_L_01",
      "XSCL": 2,
      "DATA": [181245.0625,41312.11328125,-2145.829345703125,0,0,0.5495579838752747]
    }
  }
}