{
  "deleted": false,
  "DATA": {
    "flags": 2,
    "grid": [22,1]
  },
  "NAME": null,
  "RGNN": "Azura's Coast Region",
  "WHGT": null,
  "NAM5": null,
  "AMBI": null,
  "FRMR": {
    "0-447063": {
      "deleted": false,
      "persistent": false,
      "initially_disabled": false,
      "blocked": false,
      "NAME": "Ex_T_menhir_L_01",
      "XSCL": 2,
      "DATA": [181281.28125,11793.87890625,-1932.795654296875,0,0,1.4000009298324585]
    },
    "0-447064": {
      "deleted": false,
      "persistent": false,
      "initially_disabled": false,
      "blocked": false,
      "NAME": "Ex_T_menhir_L_01",
      "XSCL": 2,
      "DATA": [180375.984375,11562.943359375,-1738.98046875,0,0,3.6327438354492188]
    },
    "0-447065": {
      "deleted": false,
      "persistent": false,
      "initially_disabled": false,
      "blocked": false,
      "NAME": "Ex_T_menhir_L_01",
      "XSCL": 2,
      "DATA": [180371.296875,10855.28125,-1986.748779296875,0,0,5.315927982330322]
    }
  }
}