{
  "deleted": false,
  "DATA": {
    "flags": 2,
    "grid": [22,-10]
  },
  "NAME": null,
  "RGNN": "Azura's Coast Region",
  "WHGT": null,
  "NAM5": null,
  "AMBI": null,
  "FRMR": {
    "0-452641": {
      "deleted": false,
      "persistent": false,
      "initially_disabled": false,
      "blocked": false,
      "NAME": "Ex_T_menhir_L_01",
      "XSCL": 2,
      "DATA": [182349.625,-75198.140625,-2532.7822265625,0,0,3.399996757507324]
    },
    "0-452642": {
      "deleted": false,
      "persistent": false,
      "initially_disabled": false,
      "blocked": false,
      "NAME": "Ex_T_menhir_L_01",
      "XSCL": 2,
      "DATA": [182217.40625,-76058.0390625,-2479.1533203125,0,0,1.7831836938858032]
    },
    "0-452643": {
      "deleted": false,
      "persistent": false,
      "initially_disabled": false,
      "blocked": false,
      "NAME": "Ex_T_menhir_L_01",
      "XSCL": 2,
      "DATA": [182732.46875,-79416.8671875,-2702.72265625,0,0,2.4663705825805664]
    },
    "0-452644": {
      "deleted": false,
      "persistent": false,
      "initially_disabled": false,
      "blocked": false,
      "NAME": "Ex_T_menhir_L_01",
      "XSCL": 2,
      "DATA": [182115.640625,-79535.4453125,-2931.556396484375,0,0,5.449554443359375]
    },
    "0-452645": {
      "deleted": false,
      "persistent": false,
      "initially_disabled": false,
      "blocked": false,
      "NAME": "Ex_T_menhir_L_01",
      "XSCL": 2,
      "DATA": [180460.765625,-74431.84375,-3068.259521484375,0,0,5.265756607055664]
    },
    "0-452646": {
      "deleted": false,
      "persistent": false,
      "initially_disabled": false,
      "blocked": false,
      "NAME": "Ex_T_menhir_L_01",
      "XSCL": 1.4800000190734863,
      "DATA": [180646.3125,-77797.5078125,-2592.7275390625,0,0,5.566368103027344]
    },
    "0-452647": {
      "deleted": false,
      "persistent": false,
      "initially_disabled": false,
      "blocked": false,
      "NAME": "Ex_T_menhir_L_01",
      "XSCL": 2,
      "DATA": [181153.453125,-77928.7890625,-3058.508544921875,0,0,0.28318220376968384]
    }
  }
}