{
  "deleted": false,
  "DATA": {
    "flags": 2,
    "grid": [22,-5]
  },
  "NAME": null,
  "RGNN": "Azura's Coast Region",
  "WHGT": null,
  "NAM5": null,
  "AMBI": null,
  "FRMR": {
    "0-450972": {
      "deleted": false,
      "persistent": false,
      "initially_disabled": false,
      "blocked": false,
      "NAME": "Ex_T_menhir_L_01",
      "XSCL": 2,
      "DATA": [180723.875,-35792.765625,-2240.932861328125,0,0,3.2495570182800293]
    },
    "0-450973": {
      "deleted": false,
      "persistent": false,
      "initially_disabled": false,
      "blocked": false,
      "NAME": "Ex_T_menhir_L_01",
      "XSCL": 2,
      "DATA": [180787.8125,-36880.78125,-2068.254150390625,0,0,5.432740211486816]
    },
    "0-450974": {
      "deleted": false,
      "persistent": false,
      "initially_disabled": false,
      "blocked": false,
      "NAME": "Ex_T_menhir_L_01",
      "XSCL": 2,
      "DATA": [180569.640625,-39027.859375,-2093.990966796875,0,0,4.54955530166626]
    },
    "0-450975": {
      "deleted": false,
      "persistent": false,
      "initially_disabled": false,
      "blocked": false,
      "NAME": "Ex_T_menhir_L_01",
      "XSCL": 2,
      "DATA": [180429.421875,-39703.46875,-1937.7568359375,0,0,6.049555778503418]
    }
  }
}