{
  "deleted": false,
  "DATA": {
    "flags": 2,
    "grid": [3,10]
  },
  "NAME": null,
  "RGNN": "Red Mountain Region",
  "WHGT": null,
  "NAM5": null,
  "AMBI": null,
  "FRMR": {
    "0-238506": {
      "deleted": false,
      "persistent": false,
      "initially_disabled": false,
      "blocked": false,
      "NAME": "flora_ashtree_06",
      "XSCL": 2,
      "DATA": [25340.96484375,83218.8359375,14576.859375,0,0,4.7663726806640625]
    },
    "0-238507": {
      "deleted": false,
      "persistent": false,
      "initially_disabled": false,
      "blocked": false,
      "NAME": "terrain_rock_ma_550",
      "XSCL": 2,
      "DATA": [24975.533203125,82592.3671875,14213.2734375,0.3999998867511749,0.3000001311302185,4.966372013092041]
    },
    "0-238508": {
      "deleted": false,
      "persistent": false,
      "initially_disabled": false,
      "blocked": false,
      "NAME": "flora_ashtree_06",
      "XSCL": 2,
      "DATA": [24824.728515625,82851.5390625,14530.4169921875,0,0,2.0662729740142822]
    },
    "0-238509": {
      "deleted": false,
      "persistent": false,
      "initially_disabled": false,
      "blocked": false,
      "NAME": "terrain_rock_ma_19",
      "XSCL": 1.7300001382827759,
      "DATA": [24630.23046875,83769.0625,12673.66015625,0,0,5.766250133514404]
    },
    "0-238510": {
      "deleted": false,
      "persistent": false,
      "initially_disabled": false,
      "blocked": false,
      "NAME": "flora_ashtree_07",
      "XSCL": 2,
      "DATA": [24585.3125,82154.6484375,13509.806640625,0,0,2.083186149597168]
    },
    "0-238511": {
      "deleted": false,
      "persistent": false,
      "initially_disabled": false,
      "blocked": false,
      "NAME": "flora_ashtree_04",
      "XSCL": 2,
      "DATA": [25710.556640625,84381.15625,13892.7392578125,0,0,1.0831120014190674]
    },
    "0-238512": {
      "deleted": false,
      "persistent": false,
      "initially_disabled": false,
      "blocked": false,
      "NAME": "terrain_rock_ma_55",
      "XSCL": 2,
      "DATA": [24853.138671875,84259.2421875,12581.9609375,0,0,4.149560928344727]
    },
    "0-238513": {
      "deleted": false,
      "persistent": false,
      "initially_disabled": false,
      "blocked": false,
      "NAME": "flora_ashtree_07",
      "XSCL": 2,
      "DATA": [25717.400390625,84775.5625,13740.2705078125,0,0,0.6831866502761841]
    },
    "0-238514": {
      "deleted": false,
      "persistent": false,
      "initially_disabled": false,
      "blocked": false,
      "NAME": "flora_ashtree_06",
      "XSCL": 2,
      "DATA": [25453.29296875,84588.0625,13763.615234375,0,0,2.5831871032714844]
    },
    "0-238515": {
      "deleted": false,
      "persistent": false,
      "initially_disabled": false,
      "blocked": false,
      "NAME": "terrain_rock_ma_55",
      "XSCL": 2,
      "DATA": [25593.017578125,87640.078125,11955.6484375,0,0,4.3663716316223145]
    },
    "0-238516": {
      "deleted": false,
      "persistent": false,
      "initially_disabled": false,
      "blocked": false,
      "NAME": "terrain_rock_ma_02",
      "XSCL": 1.4200000762939453,
      "DATA": [25093.2109375,88037.171875,11395.83203125,0,0,3.183112144470215]
    },
    "0-238517": {
      "deleted": false,
      "persistent": false,
      "initially_disabled": false,
      "blocked": false,
      "NAME": "flora_ash_grass_w_01",
      "DATA": [24938.64453125,88062.4296875,11332.916015625,0.09948376566171646,0,4.483431339263916]
    },
    "0-238518": {
      "deleted": false,
      "persistent": false,
      "initially_disabled": false,
      "blocked": false,
      "NAME": "terrain_rock_ma_10",
      "XSCL": 2,
      "DATA": [25142.216796875,87913.09375,11493.798828125,0,0,2.4839465618133545]
    },
    "0-238519": {
      "deleted": false,
      "persistent": false,
      "initially_disabled": false,
      "blocked": false,
      "NAME": "terrain_rock_ma_53",
      "XSCL": 2,
      "DATA": [24851.2109375,87932.0078125,11272.673828125,0,0,4.0823516845703125]
    },
    "0-238520": {
      "deleted": false,
      "persistent": false,
      "initially_disabled": false,
      "blocked": false,
      "NAME": "flora_ash_grass_w_01",
      "XSCL": 2,
      "DATA": [24578.314453125,86608.0859375,11727.3759765625,0.09948376566171646,0,2.182816982269287]
    },
    "0-238521": {
      "deleted": false,
      "persistent": false,
      "initially_disabled": false,
      "blocked": false,
      "NAME": "terrain_rock_ma_02",
      "XSCL": 2,
      "DATA": [25433.294921875,88189.203125,11539.052734375,0,0,5.766297817230225]
    },
    "0-238522": {
      "deleted": false,
      "persistent": false,
      "initially_disabled": false,
      "blocked": false,
      "NAME": "terrain_rock_ma_54",
      "XSCL": 0.6500000357627869,
      "DATA": [25373.021484375,88464.9765625,11601.06640625,0,0,5.7663726806640625]
    },
    "0-238523": {
      "deleted": false,
      "persistent": false,
      "initially_disabled": false,
      "blocked": false,
      "NAME": "flora_ashtree_05",
      "XSCL": 2,
      "DATA": [25817.80859375,87405.828125,12708.74609375,0,0,1.5838485956192017]
    },
    "0-238524": {
      "deleted": false,
      "persistent": false,
      "initially_disabled": false,
      "blocked": false,
      "NAME": "flora_ashtree_02",
      "XSCL": 2,
      "DATA": [25683.771484375,87235.5,12234.6015625,0,0,3.8663716316223145]
    },
    "0-238525": {
      "deleted": false,
      "persistent": false,
      "initially_disabled": false,
      "blocked": false,
      "NAME": "terrain_rock_ma_550",
      "XSCL": 2,
      "DATA": [25489.6171875,85883.5,12624.728515625,0,0,4.8663716316223145]
    },
    "0-238526": {
      "deleted": false,
      "persistent": false,
      "initially_disabled": false,
      "blocked": false,
      "NAME": "terrain_rock_ma_55",
      "XSCL": 2,
      "DATA": [25784.0703125,85844.7421875,12901.384765625,0,0,4.066371440887451]
    },
    "0-238527": {
      "deleted": false,
      "persistent": false,
      "initially_disabled": false,
      "blocked": false,
      "NAME": "terrain_rock_ma_55",
      "XSCL": 2,
      "DATA": [25311.638671875,85412.6015625,12576.498046875,0,0,1.4663721323013306]
    },
    "0-238528": {
      "deleted": false,
      "persistent": false,
      "initially_disabled": false,
      "blocked": false,
      "NAME": "terrain_rock_ma_07",
      "XSCL": 2,
      "DATA": [24896.873046875,85584.5390625,12410.365234375,0,0,3.266296863555908]
    },
    "0-238529": {
      "deleted": false,
      "persistent": false,
      "initially_disabled": false,
      "blocked": false,
      "NAME": "terrain_rock_ma_02",
      "XSCL": 2,
      "DATA": [24703.7578125,85500.109375,12205.130859375,0,0,3.266296863555908]
    },
    "0-238530": {
      "deleted": false,
      "persistent": false,
      "initially_disabled": false,
      "blocked": false,
      "NAME": "terrain_rock_ma_55",
      "XSCL": 2,
      "DATA": [26619.20703125,89640.5859375,11086.4853515625,0,0,3.06585431098938]
    },
    "0-238531": {
      "deleted": false,
      "persistent": false,
      "initially_disabled": false,
      "blocked": false,
      "NAME": "flora_ashtree_04",
      "XSCL": 2,
      "DATA": [24737.150390625,82185.8203125,14745.9326171875,0,0,4.566298007965088]
    },
    "0-238532": {
      "deleted": false,
      "persistent": false,
      "initially_disabled": false,
      "blocked": false,
      "NAME": "flora_ashtree_07",
      "XSCL": 2,
      "DATA": [24585.48046875,82239.5703125,14757.8955078125,0,0,4.1659040451049805]
    },
    "0-238533": {
      "deleted": false,
      "persistent": false,
      "initially_disabled": false,
      "blocked": false,
      "NAME": "terrain_rock_rm_17",
      "XSCL": 2,
      "DATA": [29592.67578125,88053.0234375,13746.5888671875,0,0,4.683186054229736]
    },
    "0-238534": {
      "deleted": false,
      "persistent": false,
      "initially_disabled": false,
      "blocked": false,