{
  "deleted": false,
  "DATA": {
    "flags": 2,
    "grid": [3,22]
  },
  "NAME": null,
  "RGNN": "Sheogorad",
  "WHGT": null,
  "NAM5": null,
  "AMBI": null,
  "FRMR": {
    "0-144906": {
      "deleted": false,
      "persistent": false,
      "initially_disabled": false,
      "blocked": false,
      "NAME": "flora_emp_parasol_02",
      "XSCL": 1.7000000476837158,
      "DATA": [30721.947265625,188064.234375,1093.8515625,0,0,0.5999999642372131]
    },
    "0-144907": {
      "deleted": false,
      "persistent": false,
      "initially_disabled": false,
      "blocked": false,
      "NAME": "terrain_rock_ac_12",
      "XSCL": 1.790000081062317,
      "DATA": [30788.466796875,187373.953125,320.4154357910156,0.4999998211860657,0.3000006675720215,0.8000000715255737]
    },
    "0-144908": {
      "deleted": false,
      "persistent": false,
      "initially_disabled": false,
      "blocked": false,
      "NAME": "Ex_T_menhir_L_01",
      "XSCL": 1.6400001049041748,
      "DATA": [31206.943359375,187192.796875,60.00396728515625,5.983185768127441,0,0.20000000298023224]
    },
    "0-144909": {
      "deleted": false,
      "persistent": false,
      "initially_disabled": false,
      "blocked": false,
      "NAME": "terrain_rock_ac_04",
      "XSCL": 1.4000000953674316,
      "DATA": [30677.322265625,188319.46875,315.3292541503906,0,0,6.1831841468811035]
    },
    "0-144910": {
      "deleted": false,
      "persistent": false,
      "initially_disabled": false,
      "blocked": false,
      "NAME": "terrain_rock_ac_08",
      "XSCL": 1.9300000667572021,
      "DATA": [30414.041015625,186861.5,342.20556640625,0,0,4.483187198638916]
    },
    "0-144911": {
      "deleted": false,
      "persistent": false,
      "initially_disabled": false,
      "blocked": false,
      "NAME": "flora_t_mushroom_02",
      "XSCL": 1.540000081062317,
      "DATA": [30498.453125,187757.828125,228.1488037109375,0,0,5.883185863494873]
    },
    "0-144914": {
      "deleted": false,
      "persistent": false,
      "initially_disabled": false,
      "blocked": false,
      "NAME": "flora_t_mushroom_01",
      "XSCL": 1.4300000667572021,
      "DATA": [30106.005859375,186769.25,549.4651489257812,0,0,0.9000000357627869]
    },
    "0-144915": {
      "deleted": false,
      "persistent": false,
      "initially_disabled": false,
      "blocked": false,
      "NAME": "flora_t_podbud_01",
      "XSCL": 1.2700001001358032,
      "DATA": [30240.39453125,187004.8125,370.5586853027344,0,0,0]
    },
    "0-144916": {
      "deleted": false,
      "persistent": false,
      "initially_disabled": false,
      "blocked": false,
      "NAME": "flora_t_podbud_02",
      "XSCL": 1.350000023841858,
      "DATA": [30219.11328125,187136.234375,293.12042236328125,0,0,0]
    },
    "0-144917": {
      "deleted": false,
      "persistent": false,
      "initially_disabled": false,
      "blocked": false,
      "NAME": "flora_t_podbud_02",
      "XSCL": 1.7100000381469727,
      "DATA": [30063.193359375,187020.203125,291.3726806640625,0,0,0]
    },
    "0-144924": {
      "deleted": false,
      "persistent": false,
      "initially_disabled": false,
      "blocked": false,
      "NAME": "terrain_rock_ac_03",
      "XSCL": 2,
      "DATA": [31980.08984375,183353.90625,917.0386962890625,0.20000000298023224,5.783185958862305,2.3000009059906006]
    },
    "0-144925": {
      "deleted": false,
      "persistent": false,
      "initially_disabled": false,
      "blocked": false,
      "NAME": "flora_tree_ac_01",
      "XSCL": 1.7200000286102295,
      "DATA": [31798.3828125,183275.484375,1117.9356689453125,0.20000028610229492,0,0]
    },
    "0-144926": {
      "deleted": false,
      "persistent": false,
      "initially_disabled": false,
      "blocked": false,
      "NAME": "terrain_rock_ac_10",
      "XSCL": 1.690000057220459,
      "DATA": [31459.1875,180713.03125,690.1439819335938,0.000000014901161193847657,0,2.1000001430511475]
    },
    "0-144927": {
      "deleted": false,
      "persistent": false,
      "initially_disabled": false,
      "blocked": false,
      "NAME": "terrain_rock_ac_12",
      "XSCL": 1.3900001049041748,
      "DATA": [31864.666015625,180820.515625,728.9376220703125,5.983185768127441,6.08318567276001,2.200000762939453]
    },
    "0-144928": {
      "deleted": false,
      "persistent": false,
      "initially_disabled": false,
      "blocked": false,
      "NAME": "Flora_tree_AC_04",
      "XSCL": 1.8600001335144043,
      "DATA": [31925.357421875,180954.6875,1414.6851806640625,0,0,2.3999998569488525]
    },
    "0-355184": {
      "deleted": false,
      "persistent": false,
      "initially_disabled": false,
      "blocked": false,
      "NAME": "ex_shore_all_lev+2",
      "DATA": [28401.89453125,187729.515625,145.7096710205078,0,0,2.9831855297088623]
    },
    "0-144923": {
      "deleted": false,
      "persistent": false,
      "initially_disabled": false,
      "blocked": false,
      "NAME": "terrain_rock_ac_03",
      "XSCL": 2,
      "DATA": [31672.125,183339,984.5150756835938,0,0,0.19987699389457703]
    },
    "0-404654": {
      "deleted": false,
      "persistent": false,
      "initially_disabled": false,
      "blocked": false,
      "NAME": "ex_shore_mudcrab",
      "DATA": [25464.35546875,187052.84375,197.44105529785156,0,0,0]
    },
    "0-404655": {
      "deleted": false,
      "persistent": false,
      "initially_disabled": false,
      "blocked": false,
      "NAME": "ex_sheogorad_lev-1",
      "DATA": [25474.9453125,183047.578125,881.5044555664062,0,0,0]
    },
    "0-404656": {
      "deleted": false,
      "persistent": false,
      "initially_disabled": false,
      "blocked": false,
      "NAME": "ex_shore_cliffracer_lev+0",
      "DATA": [28862.9453125,182070.6875,2683.24560546875,0,0,0]
    },
    "0-404657": {
      "deleted": false,
      "persistent": false,
      "initially_disabled": false,
      "blocked": false,
      "NAME": "ex_shore_cliffracer_lev+0",
      "DATA": [31632.642578125,186549.453125,1200.539306640625,0,0,0]
    },
    "0-433171": {
      "deleted": false,
      "persistent": false,
      "initially_disabled": false,
      "blocked": false,
      "NAME": "Flora_kelp_02",
      "XSCL": 2,
      "DATA": [25979.99609375,188174.5625,-162.158447265625,0,0,5.9831862449646]
    },
    "0-433172": {
      "deleted": false,
      "persistent": false,
      "initially_disabled": false,
      "blocked": false,
      "NAME": "kollop_01_pearl",
      "DATA": [25873.697265625,188229.640625,-363.13446044921875,0.10000000149011612,0,5.883185863494873]
    },
    "0-433173": {
      "deleted": false,
      "persistent": false,
      "initially_disabled": false,
      "blocked": false,
      "NAME": "Flora_kelp_03",
      "XSCL": 1.5000001192092896,
      "DATA": [25943.46875,188039.375,-209.2720947265625,0,0,2.800001859664917]
    },
    "0-433174": {
      "deleted": false,
      "persistent": false,
      "initially_disabled": false,
      "blocked": false,
      "NAME": "Flora_kelp_01",
      "XSCL": 2,
      "DATA": [25957.251953125,187771.171875,-89.5836181640625,0,0,1.0000001192092896]
    },
    "0-433175": {
      "deleted": false,
      "persistent": false,
      "initially_disabled": false,
      "blocked": false,
      "NAME": "Flora_kelp_02",
      "XSCL": 1.8200000524520874,
      "DATA": [26057.31640625,187920.140625,-110.77849578857422,0,0,2.800001859664917]
    },
    "0-433176": {
      "deleted": false,
      "persistent": false,
      "initially_disabled": false,
      "blocked": false,
      "NAME": "Ex_barnacles_02",
      "XSCL": 2,
      "DATA": [25824.859375,188047.90625,-305.56298828125,0.08318758010864258,0.10000000149011612,2.883188009262085]
    },
    "0-433177": {
      "deleted": false,
      "persistent": false,
      "initially_disabled": false,
      "blocked": false,
      "NAME": "Flora_kelp_01",
      "XSCL": 2,