{
  "deleted": false,
  "DATA": {
    "flags": 2,
    "grid": [3,25]
  },
  "NAME": null,
  "RGNN": "Sheogorad",
  "WHGT": null,
  "NAM5": null,
  "AMBI": null,
  "FRMR": {
    "0-433016": {
      "deleted": false,
      "persistent": false,
      "initially_disabled": false,
      "blocked": false,
      "NAME": "Ex_T_menhir_L_01",
      "XSCL": 2,
      "DATA": [32538.72265625,206183.234375,-1701.579345703125,0,0,5.149559020996094]
    },
    "0-433017": {
      "deleted": false,
      "persistent": false,
      "initially_disabled": false,
      "blocked": false,
      "NAME": "Ex_T_menhir_L_01",
      "XSCL": 2,
      "DATA": [28869.048828125,209476.671875,-2071.555908203125,0,0,1.9168139696121216]
    },
    "0-433018": {
      "deleted": false,
      "persistent": false,
      "initially_disabled": false,
      "blocked": false,
      "NAME": "Ex_T_menhir_L_01",
      "XSCL": 2,
      "DATA": [28848.599609375,207134.203125,-1505.697509765625,0,0,0.016815200448036194]
    },
    "0-433019": {
      "deleted": false,
      "persistent": false,
      "initially_disabled": false,
      "blocked": false,
      "NAME": "Ex_T_menhir_L_01",
      "XSCL": 2,
      "DATA": [26733.138671875,208496.328125,-1871.724365234375,0,0,1.1168147325515747]
    },
    "0-433020": {
      "deleted": false,
      "persistent": false,
      "initially_disabled": false,
      "blocked": false,
      "NAME": "Ex_T_menhir_L_01",
      "XSCL": 2,
      "DATA": [28619.986328125,207972.453125,-1891.156494140625,0,0,0.5168135762214661]
    },
    "0-433021": {
      "deleted": false,
      "persistent": false,
      "initially_disabled": false,
      "blocked": false,
      "NAME": "Ex_T_menhir_L_01",
      "XSCL": 2,
      "DATA": [28109.462890625,208862.53125,-1801.331787109375,0,0,4.116813659667969]
    },
    "0-433022": {
      "deleted": false,
      "persistent": false,
      "initially_disabled": false,
      "blocked": false,
      "NAME": "Ex_T_menhir_L_01",
      "XSCL": 1.7000000476837158,
      "DATA": [30134.228515625,207024.140625,-1836.643310546875,0,0,3.700000762939453]
    },
    "0-433023": {
      "deleted": false,
      "persistent": false,
      "initially_disabled": false,
      "blocked": false,
      "NAME": "Ex_T_menhir_L_01",
      "XSCL": 2,
      "DATA": [26532.576171875,207669.796875,-1892.904052734375,0,0,4.6999993324279785]
    },
    "0-433024": {
      "deleted": false,
      "persistent": false,
      "initially_disabled": false,
      "blocked": false,
      "NAME": "Ex_T_menhir_L_01",
      "XSCL": 2,
      "DATA": [25206.689453125,207459.796875,-1252.945068359375,0,0,0.016814708709716797]
    },
    "0-433025": {
      "deleted": false,
      "persistent": false,
      "initially_disabled": false,
      "blocked": false,
      "NAME": "Ex_T_menhir_L_01",
      "XSCL": 2,
      "DATA": [25143.287109375,208994.421875,-1897.473388671875,0,0,4.100000381469727]
    },
    "0-433026": {
      "deleted": false,
      "persistent": false,
      "initially_disabled": false,
      "blocked": false,
      "NAME": "Ex_T_menhir_L_01",
      "XSCL": 2,
      "DATA": [24900.091796875,206570.40625,-1549.209228515625,0,0,2.716813087463379]
    },
    "0-433027": {
      "deleted": false,
      "persistent": false,
      "initially_disabled": false,
      "blocked": false,
      "NAME": "Ex_T_menhir_L_01",
      "XSCL": 2,
      "DATA": [31000.5859375,207103.171875,-2402.30859375,0,0,5.983184337615967]
    },
    "0-433028": {
      "deleted": false,
      "persistent": false,
      "initially_disabled": false,
      "blocked": false,
      "NAME": "Ex_T_menhir_L_01",
      "XSCL": 2,
      "DATA": [31598.974609375,208473.5,-2009.914794921875,0,0,1.3336275815963745]
    },
    "0-433029": {
      "deleted": false,
      "persistent": false,
      "initially_disabled": false,
      "blocked": false,
      "NAME": "Ex_T_menhir_L_01",
      "XSCL": 1.8100000619888306,
      "DATA": [26847.232421875,205430.375,-1670.51953125,0,0,0.20000047981739044]
    },
    "0-433030": {
      "deleted": false,
      "persistent": false,
      "initially_disabled": false,
      "blocked": false,
      "NAME": "Ex_T_menhir_L_01",
      "XSCL": 2,
      "DATA": [29016.095703125,205247.296875,-1540.876708984375,0,0,1.4000004529953003]
    },
    "0-433031": {
      "deleted": false,
      "persistent": false,
      "initially_disabled": false,
      "blocked": false,
      "NAME": "Flora_kelp_02",
      "XSCL": 1.9200000762939453,
      "DATA": [27584.576171875,205922.96875,-690.4603271484375,0,0,5.000000476837158]
    },
    "0-433032": {
      "deleted": false,
      "persistent": false,
      "initially_disabled": false,
      "blocked": false,
      "NAME": "Flora_kelp_04",
      "XSCL": 1.7000000476837158,
      "DATA": [27513.365234375,206199.3125,-831.5975952148438,0,0,5.799999237060547]
    },
    "0-433033": {
      "deleted": false,
      "persistent": false,
      "initially_disabled": false,
      "blocked": false,
      "NAME": "kollop_03_pearl",
      "DATA": [27501.759765625,206115.125,-932.0126342773438,6.083185195922852,6.183185577392578,5.799999237060547]
    },
    "0-433034": {
      "deleted": false,
      "persistent": false,
      "initially_disabled": false,
      "blocked": false,
      "NAME": "blue coast ref 1024",
      "DATA": [27563.291015625,206068.1875,-787.59814453125,0,0,0.31681329011917114]
    },
    "0-433035": {
      "deleted": false,
      "persistent": false,
      "initially_disabled": false,
      "blocked": false,
      "NAME": "Flora_kelp_03",
      "DATA": [27523.779296875,205973.34375,-886.0636596679688,0,0,5.000000476837158]
    },
    "0-433036": {
      "deleted": false,
      "persistent": false,
      "initially_disabled": false,
      "blocked": false,
      "NAME": "Flora_kelp_01",
      "XSCL": 2,
      "DATA": [27678.498046875,206034.671875,-739.9086303710938,0,0,0.5168130993843079]
    },
    "0-433037": {
      "deleted": false,
      "persistent": false,
      "initially_disabled": false,
      "blocked": false,
      "NAME": "Flora_kelp_02",
      "XSCL": 2,
      "DATA": [27812.544921875,206171.578125,-716.2534790039062,0,0,0.5168130993843079]
    },
    "0-433038": {
      "deleted": false,
      "persistent": false,
      "initially_disabled": false,
      "blocked": false,
      "NAME": "Flora_kelp_01",
      "XSCL": 2,
      "DATA": [27837.427734375,206015.546875,-791.5753784179688,0,0,5.799999237060547]
    },
    "0-433039": {
      "deleted": false,
      "persistent": false,
      "initially_disabled": false,
      "blocked": false,
      "NAME": "kollop_02_pearl",
      "DATA": [27680.552734375,205895.328125,-885.9515991210938,0.19999989867210388,0.00000019371509552001953,0.31681329011917114]
    },
    "0-433040": {
      "deleted": false,
      "persistent": false,
      "initially_disabled": false,
      "blocked": false,
      "NAME": "Flora_kelp_03",
      "XSCL": 1.5000001192092896,
      "DATA": [27869.451171875,205813.21875,-767.2561645507812,0,0,5.400000095367432]
    },
    "0-433041": {
      "deleted": false,
      "persistent": false,
      "initially_disabled": false,
      "blocked": false,
      "NAME": "Flora_kelp_04",
      "XSCL": 1.2400000095367432,
      "DATA": [27700.201171875,205736.78125,-780.7503662109375,0,0,0.9168133735656738]
    },
    "0-433042": {
      "deleted": false,
      "persistent": false,
      "initially_disabled": false,
      "blocked": false,
      "NAME": "kollop_01_pearl",
      "DATA": [27607.888671875,205756.953125,-871.0494995117188,0.10000000149011612,0.2999994158744812,5.5]
    },
    "0-433043": {
      "deleted": false,
      "persistent": false,
      "initially_disabled": false,
      "blocked": false,
      "NAME": "Ex_T_menhir_L_01",
      "XSCL": 2,
      "DATA": [29581.482421875,206033.03125,-2255.10009765625,0,0,1.0999997854232788]
    },
    "0-433044": {
      "deleted": false,
      "persistent": false,
      "initially_disabled": false,