{
  "deleted": false,
  "DATA": {
    "flags": 2,
    "grid": [3,26]
  },
  "NAME": null,
  "RGNN": "Sheogorad",
  "WHGT": null,
  "NAM5": null,
  "AMBI": null,
  "FRMR": {
    "0-433012": {
      "deleted": false,
      "persistent": false,
      "initially_disabled": false,
      "blocked": false,
      "NAME": "Ex_T_menhir_L_01",
      "XSCL": 2,
      "DATA": [26918.02734375,213739.375,-2610.825927734375,0,0,4.699999809265137]
    },
    "0-433013": {
      "deleted": false,
      "persistent": false,
      "initially_disabled": false,
      "blocked": false,
      "NAME": "Ex_T_menhir_L_01",
      "XSCL": 2,
      "DATA": [28917.91015625,213944.40625,-2486.352294921875,0,0,5.5168137550354]
    },
    "0-433014": {
      "deleted": false,
      "persistent": false,
      "initially_disabled": false,
      "blocked": false,
      "NAME": "Ex_T_menhir_L_01",
      "XSCL": 2,
      "DATA": [28439.8046875,213031.625,-2492.203369140625,0,0,3.3168137073516846]
    },
    "0-433015": {
      "deleted": false,
      "persistent": false,
      "initially_disabled": false,
      "blocked": false,
      "NAME": "Ex_T_menhir_L_01",
      "XSCL": 2,
      "DATA": [32591.462890625,213405.234375,-2547.18212890625,0,0,1.4000004529953003]
    }
  }
}