{
  "deleted": false,
  "DATA": {
    "flags": 2,
    "grid": [4,8]
  },
  "NAME": null,
  "RGNN": "Red Mountain Region",
  "WHGT": null,
  "NAM5": null,
  "AMBI": null,
  "FRMR": {
    "0-248023": {
      "deleted": false,
      "persistent": false,
      "initially_disabled": false,
      "blocked": false,
      "NAME": "flora_rm_scathecraw_01",
      "XSCL": 1.28000009059906,
      "DATA": [37794.83984375,67304.1171875,11339.3583984375,0,0,0.5998048186302185]
    },
    "0-248034": {
      "deleted": false,
      "persistent": false,
      "initially_disabled": false,
      "blocked": false,
      "NAME": "flora_rm_scathecraw_02",
      "XSCL": 1.6200001239776611,
      "DATA": [40625.83984375,68457.6015625,10933.3701171875,0,0,1.4000022411346436]
    },
    "0-248038": {
      "deleted": false,
      "persistent": false,
      "initially_disabled": false,
      "blocked": false,
      "NAME": "flora_rm_scathecraw_01",
      "XSCL": 1.28000009059906,
      "DATA": [40280.75,69097.265625,10919.2958984375,0,0,3.89980411529541]
    },
    "0-248010": {
      "deleted": false,
      "persistent": false,
      "initially_disabled": false,
      "blocked": false,
      "NAME": "terrain_rock_rm_19",
      "XSCL": 2,
      "DATA": [34209.05078125,68672.1015625,14320.0869140625,0,0,3.5831854343414307]
    },
    "0-248011": {
      "deleted": false,
      "persistent": false,
      "initially_disabled": false,
      "blocked": false,
      "NAME": "terrain_rock_rm_18",
      "XSCL": 2,
      "DATA": [37476.33984375,70425.0390625,13605.8359375,0,0,3.383185863494873]
    },
    "0-248012": {
      "deleted": false,
      "persistent": false,
      "initially_disabled": false,
      "blocked": false,
      "NAME": "terrain_rock_rm_15",
      "XSCL": 2,
      "DATA": [37295.5234375,69079.609375,12546.435546875,0,0,3.299999475479126]
    },
    "0-248013": {
      "deleted": false,
      "persistent": false,
      "initially_disabled": false,
      "blocked": false,
      "NAME": "terrain_rock_rm_17",
      "XSCL": 2,
      "DATA": [35053.69921875,71685.53125,16238.345703125,0,0,0]
    },
    "0-248014": {
      "deleted": false,
      "persistent": false,
      "initially_disabled": false,
      "blocked": false,
      "NAME": "terrain_rock_rm_17",
      "XSCL": 2,
      "DATA": [40085.53515625,65946.9921875,11643.603515625,0,0,0]
    },
    "0-248015": {
      "deleted": false,
      "persistent": false,
      "initially_disabled": false,
      "blocked": false,
      "NAME": "terrain_rock_rm_14",
      "XSCL": 2,
      "DATA": [32866.03125,65677.6015625,11242.4755859375,0,0,0.016814708709716797]
    },
    "0-248016": {
      "deleted": false,
      "persistent": false,
      "initially_disabled": false,
      "blocked": false,
      "NAME": "flora_ashtree_04",
      "XSCL": 2,
      "DATA": [37559.453125,67597.2265625,11752.3173828125,0,0,5.9831862449646]
    },
    "0-248017": {
      "deleted": false,
      "persistent": false,
      "initially_disabled": false,
      "blocked": false,
      "NAME": "flora_ash_grass_b_01",
      "DATA": [37580.796875,67162.9296875,11277.4267578125,5.983185291290283,0,5.183186054229736]
    },
    "0-248018": {
      "deleted": false,
      "persistent": false,
      "initially_disabled": false,
      "blocked": false,
      "NAME": "flora_ashtree_05",
      "XSCL": 1.4700000286102295,
      "DATA": [36951.26171875,67592.3359375,11733.6923828125,0,0,1.2000017166137695]
    },
    "0-248019": {
      "deleted": false,
      "persistent": false,
      "initially_disabled": false,
      "blocked": false,
      "NAME": "flora_ashtree_02",
      "XSCL": 1.9000000953674316,
      "DATA": [36883.54296875,68019.515625,11813.232421875,0,0,2.0999512672424316]
    },
    "0-248020": {
      "deleted": false,
      "persistent": false,
      "initially_disabled": false,
      "blocked": false,
      "NAME": "terrain_rock_rm_22",
      "DATA": [37365.3984375,67922.375,11317.3525390625,0,0,4.983186721801758]
    },
    "0-248021": {
      "deleted": false,
      "persistent": false,
      "initially_disabled": false,
      "blocked": false,
      "NAME": "Flora_ashtree_01",
      "XSCL": 1.1200000047683716,
      "DATA": [37747.60546875,67463.4453125,11371.4296875,0,0,3.6000022888183594]
    },
    "0-248022": {
      "deleted": false,
      "persistent": false,
      "initially_disabled": false,
      "blocked": false,
      "NAME": "flora_ash_grass_b_01",
      "DATA": [37683.00390625,67188.3125,11277.87109375,5.783186912536621,0.10000000149011612,1.1000021696090698]
    },
    "0-248024": {
      "deleted": false,
      "persistent": false,
      "initially_disabled": false,
      "blocked": false,
      "NAME": "flora_ashtree_03",
      "XSCL": 2,
      "DATA": [37863.15625,67612.375,11450.953125,0,0,2.2000021934509277]
    },
    "0-248025": {
      "deleted": false,
      "persistent": false,
      "initially_disabled": false,
      "blocked": false,
      "NAME": "terrain_rock_rm_08",
      "XSCL": 1.290000081062317,
      "DATA": [35698.73828125,65589.0390625,11557.1923828125,0,0,0]
    },
    "0-248026": {
      "deleted": false,
      "persistent": false,
      "initially_disabled": false,
      "blocked": false,
      "NAME": "terrain_rock_rm_10",
      "XSCL": 2,
      "DATA": [39342.19140625,69094.515625,11662.0888671875,0,0,0.21681460738182068]
    },
    "0-248027": {
      "deleted": false,
      "persistent": false,
      "initially_disabled": false,
      "blocked": false,
      "NAME": "terrain_rock_rm_14",
      "XSCL": 2,
      "DATA": [39483.3671875,69561.0390625,11325.7705078125,0,0,5.900000095367432]
    },
    "0-248028": {
      "deleted": false,
      "persistent": false,
      "initially_disabled": false,
      "blocked": false,
      "NAME": "Flora_ashtree_01",
      "XSCL": 1.5100001096725464,
      "DATA": [40061.55859375,69173.7421875,11036.9453125,0,0,0.7168147563934326]
    },
    "0-248029": {
      "deleted": false,
      "persistent": false,
      "initially_disabled": false,
      "blocked": false,
      "NAME": "flora_ashtree_03",
      "XSCL": 2,
      "DATA": [39928.15234375,69024.5,11239.8349609375,0,0,5.5]
    },
    "0-248030": {
      "deleted": false,
      "persistent": false,
      "initially_disabled": false,
      "blocked": false,
      "NAME": "flora_ashtree_05",
      "XSCL": 2,
      "DATA": [40080.1484375,68127.6328125,11494.7197265625,0,0,1.7000014781951904]
    },
    "0-248031": {
      "deleted": false,
      "persistent": false,
      "initially_disabled": false,
      "blocked": false,
      "NAME": "flora_ash_grass_b_01",
      "DATA": [40755.62109375,68583.546875,10902.228515625,6.18318510055542,0,1.6000006198883057]
    },
    "0-248032": {
      "deleted": false,
      "persistent": false,
      "initially_disabled": false,
      "blocked": false,
      "NAME": "flora_ash_grass_b_01",
      "DATA": [40657.50390625,68550.1640625,10900.7470703125,6.083186149597168,0.10000000149011612,4.400001525878906]
    },
    "0-248033": {
      "deleted": false,
      "persistent": false,
      "initially_disabled": false,
      "blocked": false,
      "NAME": "terrain_rock_rm_14",
      "XSCL": 2,
      "DATA": [40687.54296875,67753.703125,11147.9599609375,0,0,2.4168124198913574]
    },
    "0-248035": {
      "deleted": false,
      "persistent": false,
      "initially_disabled": false,
      "blocked": false,
      "NAME": "flora_ashtree_04",
      "XSCL": 2,
      "DATA": [40183.19140625,68966.09375,11436.2421875,0,0,3.0000014305114746]
    },
    "0-248036": {
      "deleted": false,
      "persistent": false,
      "initially_disabled": false,
      "blocked": false,
      "NAME": "flora_ash_grass_b_01",
      "DATA": [40424.48046875,68993.828125,10824.6943359375,5.983185291290283,0,2.1999993324279785]
    },
    "0-248037": {
      "deleted": false,
      "persistent": false,
      "initially_disabled": false,
      "blocked": false,
      "NAME": "flora_ash_grass_b_01",