{
  "deleted": false,
  "DATA": {
    "flags": 2,
    "grid": [6,10]
  },
  "NAME": null,
  "RGNN": "Ashlands Region",
  "WHGT": null,
  "NAM5": null,
  "AMBI": null,
  "FRMR": {
    "0-247562": {
      "deleted": false,
      "persistent": false,
      "initially_disabled": false,
      "blocked": false,
      "NAME": "terrain_rock_rm_19",
      "XSCL": 2,
      "DATA": [55072.52734375,85938.515625,2726.389892578125,0,0,1.8000004291534424]
    },
    "0-247563": {
      "deleted": false,
      "persistent": false,
      "initially_disabled": false,
      "blocked": false,
      "NAME": "terrain_rock_rm_19",
      "XSCL": 2,
      "DATA": [53039.02734375,86137.140625,5596.826171875,0,0,0.5000003576278687]
    },
    "0-247564": {
      "deleted": false,
      "persistent": false,
      "initially_disabled": false,
      "blocked": false,
      "NAME": "terrain_rock_rm_17",
      "XSCL": 2,
      "DATA": [53483.25390625,83200.9296875,4644.83203125,5.883185863494873,0,0.10000001639127731]
    },
    "0-247565": {
      "deleted": false,
      "persistent": false,
      "initially_disabled": false,
      "blocked": false,
      "NAME": "terrain_rock_rm_15",
      "XSCL": 2,
      "DATA": [52509.8671875,83446.1015625,6163.9169921875,0,0,0.30000001192092896]
    },
    "0-247566": {
      "deleted": false,
      "persistent": false,
      "initially_disabled": false,
      "blocked": false,
      "NAME": "flora_ashtree_07",
      "XSCL": 1.5600000619888306,
      "DATA": [57022.19921875,87950.5078125,1897.00634765625,0,0,4.0833821296691895]
    },
    "0-247567": {
      "deleted": false,
      "persistent": false,
      "initially_disabled": false,
      "blocked": false,
      "NAME": "terrain_ashland_rock_03",
      "XSCL": 1.8300000429153442,
      "DATA": [56902.28125,88713.59375,1168.7513427734375,0,0,4.32499885559082]
    },
    "0-247568": {
      "deleted": false,
      "persistent": false,
      "initially_disabled": false,
      "blocked": false,
      "NAME": "terrain_ashland_rock_02",
      "XSCL": 2,
      "DATA": [56622.75390625,88419.6875,1442.59130859375,0,0,0.6918182373046875]
    },
    "0-247569": {
      "deleted": false,
      "persistent": false,
      "initially_disabled": false,
      "blocked": false,
      "NAME": "terrain_ashland_rock_01",
      "XSCL": 1.690000057220459,
      "DATA": [57114.12109375,88366.671875,944.1275024414062,0,0,5.649998664855957]
    },
    "0-247570": {
      "deleted": false,
      "persistent": false,
      "initially_disabled": false,
      "blocked": false,
      "NAME": "flora_ashtree_03",
      "XSCL": 1.3100000619888306,
      "DATA": [57150.1953125,87910.078125,1286.140625,0,0,6.241369247436523]
    },
    "0-247571": {
      "deleted": false,
      "persistent": false,
      "initially_disabled": false,
      "blocked": false,
      "NAME": "flora_ashtree_02",
      "XSCL": 1.6600000858306885,
      "DATA": [57238.84765625,88017.7890625,1162.1510009765625,0,0,4.58318567276001]
    },
    "0-247572": {
      "deleted": false,
      "persistent": false,
      "initially_disabled": false,
      "blocked": false,
      "NAME": "flora_ashtree_05",
      "XSCL": 1.3300000429153442,
      "DATA": [57337.9296875,88231.1328125,1365.619873046875,0,0,3.783186435699463]
    },
    "0-247573": {
      "deleted": false,
      "persistent": false,
      "initially_disabled": false,
      "blocked": false,
      "NAME": "flora_ashtree_06",
      "XSCL": 1.7400001287460327,
      "DATA": [57126.734375,87622.2890625,1719.261962890625,0,0,2.083923101425171]
    },
    "0-247574": {
      "deleted": false,
      "persistent": false,
      "initially_disabled": false,
      "blocked": false,
      "NAME": "terrain_ashland_rock_01",
      "XSCL": 1.690000057220459,
      "DATA": [57334.2421875,87590.8046875,954.9766235351562,0,0,1.0668129920959473]
    },
    "0-247575": {
      "deleted": false,
      "persistent": false,
      "initially_disabled": false,
      "blocked": false,
      "NAME": "terrain_rock_rm_19",
      "XSCL": 2,
      "DATA": [56767.77734375,83130.640625,1977.0185546875,0,0,4.083187103271484]
    },
    "0-395875": {
      "deleted": false,
      "persistent": false,
      "initially_disabled": false,
      "blocked": false,
      "NAME": "ex_shore_cliffracer_lev-2",
      "DATA": [52616.41015625,85686.5234375,7803.490234375,0,0,4.7831854820251465]
    },
    "0-395876": {
      "deleted": false,
      "persistent": false,
      "initially_disabled": false,
      "blocked": false,
      "NAME": "ex_shore_cliffracer_lev-2",
      "DATA": [56514.55078125,83158.375,4043.4853515625,0,0,4.7831854820251465]
    }
  }
}