{
  "deleted": false,
  "DATA": {
    "flags": 2,
    "grid": [6,26]
  },
  "NAME": null,
  "RGNN": "Sheogorad",
  "WHGT": null,
  "NAM5": null,
  "AMBI": null,
  "FRMR": {
    "0-436647": {
      "deleted": false,
      "persistent": false,
      "initially_disabled": false,
      "blocked": false,
      "NAME": "Ex_T_menhir_L_01",
      "XSCL": 2,
      "DATA": [49446.2109375,214706.171875,-2040.2186279296875,0,0,1.0999997854232788]
    },
    "0-436648": {
      "deleted": false,
      "persistent": false,
      "initially_disabled": false,
      "blocked": false,
      "NAME": "Ex_T_menhir_L_01",
      "XSCL": 2,
      "DATA": [53282,213829.25,-1465.861083984375,0,0,1.2336266040802002]
    },
    "0-436649": {
      "deleted": false,
      "persistent": false,
      "initially_disabled": false,
      "blocked": false,
      "NAME": "Ex_T_menhir_L_01",
      "XSCL": 2,
      "DATA": [52111.7109375,213510.578125,-1641.402099609375,0,0,0.8168141841888428]
    },
    "0-436650": {
      "deleted": false,
      "persistent": false,
      "initially_disabled": false,
      "blocked": false,
      "NAME": "Ex_T_menhir_L_01",
      "XSCL": 2,
      "DATA": [52267.1796875,214572.796875,-1271.85888671875,0,0,4.016814708709717]
    },
    "0-436651": {
      "deleted": false,
      "persistent": false,
      "initially_disabled": false,
      "blocked": false,
      "NAME": "Ex_T_menhir_L_01",
      "XSCL": 2,
      "DATA": [56632.0078125,213547.078125,-1438.170654296875,0,0,5.5168137550354]
    },
    "0-436652": {
      "deleted": false,
      "persistent": false,
      "initially_disabled": false,
      "blocked": false,
      "NAME": "Ex_T_menhir_L_01",
      "XSCL": 2,
      "DATA": [54632.125,213342.046875,-1658.429443359375,0,0,4.699999809265137]
    }
  }
}