{
  "deleted": false,
  "DATA": {
    "flags": 2,
    "grid": [7,1]
  },
  "NAME": null,
  "RGNN": "Molag Mar Region",
  "WHGT": null,
  "NAM5": null,
  "AMBI": null,
  "FRMR": {
    "0-195315": {
      "deleted": false,
      "persistent": false,
      "initially_disabled": false,
      "blocked": false,
      "NAME": "terrain_rock_rm_17",
      "XSCL": 2,
      "DATA": [61388.46484375,14980.9970703125,4954.55712890625,6.183185577392578,0,2.000002145767212]
    },
    "0-195316": {
      "deleted": false,
      "persistent": false,
      "initially_disabled": false,
      "blocked": false,
      "NAME": "terrain_rock_rm_15",
      "XSCL": 2,
      "DATA": [59618.01953125,12215.51953125,4413.0048828125,0,0,3.9000000953674316]
    },
    "0-195317": {
      "deleted": false,
      "persistent": false,
      "initially_disabled": false,
      "blocked": false,
      "NAME": "terrain_rock_rm_17",
      "XSCL": 1.7000000476837158,
      "DATA": [57840.59375,10727.6337890625,4192.271484375,0,0,0]
    },
    "0-195318": {
      "deleted": false,
      "persistent": false,
      "initially_disabled": false,
      "blocked": false,
      "NAME": "terrain_rock_ma_02",
      "XSCL": 2,
      "DATA": [57449.8125,15579.802734375,3186.8330078125,0,0,2.5831120014190674]
    },
    "0-195319": {
      "deleted": false,
      "persistent": false,
      "initially_disabled": false,
      "blocked": false,
      "NAME": "terrain_rock_ma_54",
      "XSCL": 0.6500000357627869,
      "DATA": [57466.50390625,15421.580078125,3232.3916015625,0,0,2.5831868648529053]
    },
    "0-195320": {
      "deleted": false,
      "persistent": false,
      "initially_disabled": false,
      "blocked": false,
      "NAME": "terrain_rock_ma_550",
      "XSCL": 2,
      "DATA": [57724.24609375,15831.208984375,3050.265625,0,0,2.583186388015747]
    },
    "0-195321": {
      "deleted": false,
      "persistent": false,
      "initially_disabled": false,
      "blocked": false,
      "NAME": "terrain_rock_ma_55",
      "XSCL": 2,
      "DATA": [57541.69921875,16060.943359375,3093.4375,0,0,1.1831862926483154]
    },
    "0-366551": {
      "deleted": false,
      "persistent": false,
      "initially_disabled": false,
      "blocked": false,
      "NAME": "terrain_rock_rm_17",
      "XSCL": 2,
      "DATA": [63323.57421875,13651.701171875,4407.15576171875,5.983185768127441,5.983185768127441,1.1000018119812012]
    },
    "0-366552": {
      "deleted": false,
      "persistent": false,
      "initially_disabled": false,
      "blocked": false,
      "NAME": "terrain_rock_rm_15",
      "XSCL": 2,
      "DATA": [62318.59765625,10652.2099609375,4071.8544921875,0,0,3.6000001430511475]
    },
    "0-366553": {
      "deleted": false,
      "persistent": false,
      "initially_disabled": false,
      "blocked": false,
      "NAME": "terrain_rock_rm_15",
      "XSCL": 2,
      "DATA": [63454.41015625,9965.6611328125,3852.0673828125,0,0,1.7999989986419678]
    },
    "0-366554": {
      "deleted": false,
      "persistent": false,
      "initially_disabled": false,
      "blocked": false,
      "NAME": "terrain_rock_rm_15",
      "XSCL": 2,
      "DATA": [59507.87109375,10007.326171875,4164.47265625,0,0,2.200000286102295]
    },
    "0-393578": {
      "deleted": false,
      "persistent": false,
      "initially_disabled": false,
      "blocked": false,
      "NAME": "ex_shore_cliffracer_lev+0",
      "DATA": [63592.81640625,12957.7607421875,4466.2900390625,0,0,5.483185768127441]
    },
    "0-393579": {
      "deleted": false,
      "persistent": false,
      "initially_disabled": false,
      "blocked": false,
      "NAME": "ex_shore_cliffracer_lev+0",
      "DATA": [65225.8515625,16269.939453125,4466.85498046875,0,0,5.483185768127441]
    },
    "0-393580": {
      "deleted": false,
      "persistent": false,
      "initially_disabled": false,
      "blocked": false,
      "NAME": "ex_shore_cliffracer_lev+0",
      "DATA": [61296.05078125,14607.916015625,5664.1123046875,0,0,0]
    },
    "0-393581": {
      "deleted": false,
      "persistent": false,
      "initially_disabled": false,
      "blocked": false,
      "NAME": "ex_shore_cliffracer_lev+0",
      "DATA": [59908.76953125,12592.15234375,5395.91845703125,0,0,1.100000023841858]
    },
    "0-393582": {
      "deleted": false,
      "persistent": false,
      "initially_disabled": false,
      "blocked": false,
      "NAME": "ex_shore_cliffracer_lev+0",
      "DATA": [58766.11328125,9312.3046875,4007.423828125,0,0,5.683185577392578]
    },
    "0-393583": {
      "deleted": false,
      "persistent": false,
      "initially_disabled": false,
      "blocked": false,
      "NAME": "ex_shore_cliffracer_lev+2",
      "DATA": [57351.8828125,10573.994140625,4931.3603515625,0,0,1.7000000476837158]
    }
  }
}