{
  "deleted": false,
  "DATA": {
    "flags": 2,
    "grid": [8,-15]
  },
  "NAME": null,
  "RGNN": "Azura's Coast Region",
  "WHGT": null,
  "NAM5": null,
  "AMBI": null,
  "FRMR": {
    "0-456544": {
      "deleted": false,
      "persistent": false,
      "initially_disabled": false,
      "blocked": false,
      "NAME": "Ex_T_menhir_L_01",
      "XSCL": 2,
      "DATA": [66800.6640625,-116479.28125,-2397.717041015625,0,0,0.21619513630867004]
    },
    "0-456545": {
      "deleted": false,
      "persistent": false,
      "initially_disabled": false,
      "blocked": false,
      "NAME": "Ex_T_menhir_L_01",
      "XSCL": 2,
      "DATA": [68235.484375,-117000.375,-2098.273681640625,0,0,2.499998092651367]
    },
    "0-456546": {
      "deleted": false,
      "persistent": false,
      "initially_disabled": false,
      "blocked": false,
      "NAME": "Ex_T_menhir_L_01",
      "XSCL": 2,
      "DATA": [67614.9609375,-117098.1328125,-2327.104736328125,0,0,5.483181953430176]
    },
    "0-456547": {
      "deleted": false,
      "persistent": false,
      "initially_disabled": false,
      "blocked": false,
      "NAME": "Ex_T_menhir_L_01",
      "XSCL": 2,
      "DATA": [67425.8125,-116368.390625,-2063.309814453125,0,0,4.899997234344482]
    },
    "0-456548": {
      "deleted": false,
      "persistent": false,
      "initially_disabled": false,
      "blocked": false,
      "NAME": "Ex_T_menhir_L_01",
      "XSCL": 2,
      "DATA": [69600.421875,-114906.2734375,-2380.052490234375,0,0,2.283184766769409]
    },
    "0-456549": {
      "deleted": false,
      "persistent": false,
      "initially_disabled": false,
      "blocked": false,
      "NAME": "Ex_T_menhir_L_01",
      "XSCL": 2,
      "DATA": [70809.7265625,-114752.859375,-1691.46875,0,0,5.783185958862305]
    },
    "0-456550": {
      "deleted": false,
      "persistent": false,
      "initially_disabled": false,
      "blocked": false,
      "NAME": "Ex_T_menhir_L_01",
      "XSCL": 2,
      "DATA": [71393.0859375,-114835.1796875,-2220.416748046875,0,0,0.5999968647956848]
    },
    "0-456551": {
      "deleted": false,
      "persistent": false,
      "initially_disabled": false,
      "blocked": false,
      "NAME": "Ex_T_menhir_L_01",
      "XSCL": 2,
      "DATA": [67057.4140625,-114746.09375,-2096.35791015625,0,0,5.5999979972839355]
    }
  }
}