{
  "deleted": false,
  "DATA": {
    "flags": 2,
    "grid": [8,26]
  },
  "NAME": null,
  "RGNN": "Sheogorad",
  "WHGT": null,
  "NAM5": null,
  "AMBI": null,
  "FRMR": {
    "0-435423": {
      "deleted": false,
      "persistent": false,
      "initially_disabled": false,
      "blocked": false,
      "NAME": "Ex_T_menhir_L_01",
      "XSCL": 2,
      "DATA": [65641.9921875,213982.28125,-2888.821533203125,0,0,5.5168137550354]
    },
    "0-435424": {
      "deleted": false,
      "persistent": false,
      "initially_disabled": false,
      "blocked": false,
      "NAME": "Ex_T_menhir_L_01",
      "XSCL": 2,
      "DATA": [67113.7734375,213021.234375,-2209.109375,0,0,1.499999761581421]
    },
    "0-435425": {
      "deleted": false,
      "persistent": false,
      "initially_disabled": false,
      "blocked": false,
      "NAME": "Ex_T_menhir_L_01",
      "XSCL": 2,
      "DATA": [70272.203125,213311.03125,-2625.37353515625,0,0,2.266373634338379]
    }
  }
}