{
  "deleted": false,
  "DATA": {
    "flags": 2,
    "grid": [9,-15]
  },
  "NAME": null,
  "RGNN": "Azura's Coast Region",
  "WHGT": null,
  "NAM5": null,
  "AMBI": null,
  "FRMR": {
    "0-455764": {
      "deleted": false,
      "persistent": false,
      "initially_disabled": false,
      "blocked": false,
      "NAME": "Ex_T_menhir_L_01",
      "XSCL": 2,
      "DATA": [78292.578125,-114840.9453125,-2908.001220703125,0,0,3.7495553493499756]
    },
    "0-455765": {
      "deleted": false,
      "persistent": false,
      "initially_disabled": false,
      "blocked": false,
      "NAME": "Ex_T_menhir_L_01",
      "XSCL": 2,
      "DATA": [79976.34375,-114799.2734375,-2324.0390625,0,0,0.06636760383844376]
    },
    "0-455766": {
      "deleted": false,
      "persistent": false,
      "initially_disabled": false,
      "blocked": false,
      "NAME": "Ex_T_menhir_L_01",
      "XSCL": 2,
      "DATA": [80759.015625,-115768.34375,-2393.8583984375,0,0,1.866366982460022]
    },
    "0-455767": {
      "deleted": false,
      "persistent": false,
      "initially_disabled": false,
      "blocked": false,
      "NAME": "Ex_T_menhir_L_01",
      "XSCL": 2,
      "DATA": [77483.171875,-115254.859375,-2885.600830078125,0,0,6.049555778503418]
    },
    "0-455768": {
      "deleted": false,
      "persistent": false,
      "initially_disabled": false,
      "blocked": false,
      "NAME": "Ex_T_menhir_L_01",
      "XSCL": 2,
      "DATA": [77913.953125,-115854.609375,-2350.4267578125,0,0,5.932740688323975]
    },
    "0-455769": {
      "deleted": false,
      "persistent": false,
      "initially_disabled": false,
      "blocked": false,
      "NAME": "Ex_T_menhir_L_01",
      "XSCL": 2,
      "DATA": [74345.8515625,-115019.1640625,-3327.759033203125,0,0,5.083182334899902]
    }
  }
}