{
  "deleted": false,
  "DATA": {
    "flags": 2,
    "grid": [9,25]
  },
  "NAME": null,
  "RGNN": "Sheogorad",
  "WHGT": null,
  "NAM5": null,
  "AMBI": null,
  "FRMR": {
    "0-434873": {
      "deleted": false,
      "persistent": false,
      "initially_disabled": false,
      "blocked": false,
      "NAME": "Ex_T_menhir_L_01",
      "XSCL": 2,
      "DATA": [75733.3203125,207423.265625,-2107.69580078125,0,0,4.899998664855957]
    },
    "0-434874": {
      "deleted": false,
      "persistent": false,
      "initially_disabled": false,
      "blocked": false,
      "NAME": "Ex_T_menhir_L_01",
      "XSCL": 2,
      "DATA": [74035.59375,210964.828125,-2546.8115234375,0,0,5.916812896728516]
    },
    "0-434875": {
      "deleted": false,
      "persistent": false,
      "initially_disabled": false,
      "blocked": false,
      "NAME": "Ex_T_menhir_L_01",
      "XSCL": 2,
      "DATA": [73969.984375,209066.734375,-2652.1376953125,0,0,1.0336265563964844]
    },
    "0-434876": {
      "deleted": false,
      "persistent": false,
      "initially_disabled": false,
      "blocked": false,
      "NAME": "Ex_T_menhir_L_01",
      "XSCL": 2,
      "DATA": [74306.4609375,208336.421875,-2836.038818359375,0,0,4.18318510055542]
    },
    "0-434877": {
      "deleted": false,
      "persistent": false,
      "initially_disabled": false,
      "blocked": false,
      "NAME": "Ex_T_menhir_L_01",
      "XSCL": 2,
      "DATA": [74352.3671875,206175.859375,-3310.94287109375,0,0,4.966370582580566]
    },
    "0-434878": {
      "deleted": false,
      "persistent": false,
      "initially_disabled": false,
      "blocked": false,
      "NAME": "Ex_T_menhir_L_01",
      "XSCL": 2,
      "DATA": [75018.9375,205607.3125,-3078.64453125,0,0,4.349558353424072]
    },
    "0-434879": {
      "deleted": false,
      "persistent": false,
      "initially_disabled": false,
      "blocked": false,
      "NAME": "Ex_T_menhir_L_01",
      "XSCL": 2,
      "DATA": [74985.390625,206240.140625,-3388.52294921875,0,0,1.2663719654083252]
    }
  }
}