{
  "deleted": false,
  "DATA": {
    "flags": 7,
    "grid": [3420170,1065353216]
  },
  "NAME": "Abandoned Shipwreck, Cabin",
  "RGNN": null,
  "WHGT": null,
  "NAM5": null,
  "AMBI": {
    "ambient": [15,25,25,0],
    "sunlight": [28,75,94,0],
    "fog_color": [10,48,52,0],
    "fog_density": 1
  },
  "FRMR": {
    "0-313395": {
      "deleted": false,
      "persistent": true,
      "initially_disabled": false,
      "blocked": false,
      "NAME": "bk_pillowinvoice",
      "DATA": [62.93909454345703,-318.9369201660156,56.735652923583984,0.26509302854537964,0.20491638779640198,0.18325957655906677]
    },
    "0-313402": {
      "deleted": false,
      "persistent": true,
      "initially_disabled": false,
      "blocked": false,
      "NAME": "in_de_ship_cabindoor",
      "XSCL": 1.03000009059906,
      "DATA": [-29.565000534057617,-385.1700134277344,56.52842330932617,0.19896753132343292,0.19896753132343292,6.063273906707764]
    },
    "0-313397": {
      "deleted": false,
      "persistent": false,
      "initially_disabled": false,
      "blocked": false,
      "NAME": "misc_hook",
      "XSCL": 0.7800000309944153,
      "DATA": [10.628999710083008,-296.2200012207031,166.84800720214844,0,0.19547687470912933,2.801253318786621]
    },
    "0-313398": {
      "deleted": false,
      "persistent": false,
      "initially_disabled": false,
      "blocked": false,
      "NAME": "furn_de_p_table_05",
      "DATA": [0,0,-30.699142456054688,0.19198621809482574,0.19198621809482574,0]
    },
    "0-313399": {
      "deleted": false,
      "persistent": false,
      "initially_disabled": false,
      "blocked": false,
      "NAME": "furn_de_p_stool_01",
      "DATA": [0,0,17.05292510986328,0.19198621809482574,1.623156189918518,0.6998770236968994]
    },
    "0-313400": {
      "deleted": false,
      "persistent": false,
      "initially_disabled": false,
      "blocked": false,
      "NAME": "furn_de_tapestry_01",
      "XSCL": 0.5700000524520874,
      "DATA": [150.0931396484375,-307.60125732421875,161.1575469970703,0.19198621809482574,0.19198621809482574,5.9829888343811035]
    },
    "0-313401": {
      "deleted": false,
      "persistent": false,
      "initially_disabled": false,
      "blocked": false,
      "NAME": "com_cupboard_01_booze",
      "FLTV": 5,
      "DATA": [92.94009399414062,-329.4488525390625,36.58867263793945,0.27925267815589905,0.19198621809482574,2.953097105026245]
    },
    "0-313403": {
      "deleted": false,
      "persistent": false,
      "initially_disabled": false,
      "blocked": false,
      "NAME": "In_DE_shipcabin",
      "DATA": [0,0,105.94917297363281,0.19198621809482574,0.19198621809482574,6.063273906707764]
    },
    "0-354896": {
      "deleted": false,
      "persistent": false,
      "initially_disabled": false,
      "blocked": false,
      "NAME": "NorthMarker",
      "DATA": [415.5678405761719,-217.97914123535156,56.708526611328125,0,0,0]
    }
  }
}