{
  "deleted": false,
  "DATA": {
    "flags": 5,
    "grid": [861527,1061158912]
  },
  "NAME": "Ald-ruhn, Practice Room",
  "RGNN": null,
  "WHGT": null,
  "NAM5": null,
  "AMBI": {
    "ambient": [45,45,45,0],
    "sunlight": [80,40,20,0],
    "fog_color": [87,37,13,0],
    "fog_density": 0.75
  },
  "FRMR": {
    "0-132321": {
      "deleted": false,
      "persistent": true,
      "initially_disabled": false,
      "blocked": false,
      "NAME": "vonden mano",
      "DATA": [-48,240,-96,0,0,2.893183946609497]
    },
    "0-132343": {
      "deleted": false,
      "persistent": true,
      "initially_disabled": false,
      "blocked": false,
      "NAME": "in_r_s_door_01",
      "DATA": [-64,-256,0,0,0,6.2831854820251465]
    },
    "0-132345": {
      "deleted": false,
      "persistent": true,
      "initially_disabled": false,
      "blocked": false,
      "NAME": "in_r_s_door_01",
      "DATA": [256,64,0,0,0,1.5707963705062866]
    },
    "0-132328": {
      "deleted": false,
      "persistent": false,
      "initially_disabled": false,
      "blocked": false,
      "NAME": "steel staff",
      "CNAM": {
        "faction_id": "Redoran",
        "rank": 2
      },
      "INTV": 300,
      "NAM9": 1,
      "DATA": [-316.51239013671875,338.80706787109375,-74.80247497558594,1.5707963705062866,0,6.195918560028076]
    },
    "0-132330": {
      "deleted": false,
      "persistent": false,
      "initially_disabled": false,
      "blocked": false,
      "NAME": "steel staff",
      "CNAM": {
        "faction_id": "Redoran",
        "rank": 2
      },
      "INTV": 300,
      "NAM9": 1,
      "DATA": [-343.1611633300781,194.06674194335938,-74.81072235107422,1.6580628156661987,0,0]
    },
    "0-132333": {
      "deleted": false,
      "persistent": false,
      "initially_disabled": false,
      "blocked": false,
      "NAME": "steel staff",
      "CNAM": {
        "faction_id": "Redoran",
        "rank": 2
      },
      "INTV": 300,
      "NAM9": 1,
      "DATA": [-337.63714599609375,186.7964324951172,-74.802001953125,1.5707963705062866,0,6.195918560028076]
    },
    "0-132334": {
      "deleted": false,
      "persistent": false,
      "initially_disabled": false,
      "blocked": false,
      "NAME": "chitin_shield",
      "CNAM": {
        "faction_id": "Redoran",
        "rank": 2
      },
      "INTV": 200,
      "NAM9": 1,
      "DATA": [-224.00048828125,328,-111,1.3089969158172607,5.759586334228516,0.12217304855585098]
    },
    "0-132335": {
      "deleted": false,
      "persistent": false,
      "initially_disabled": false,
      "blocked": false,
      "NAME": "chitin_shield",
      "CNAM": {
        "faction_id": "Redoran",
        "rank": 2
      },
      "INTV": 200,
      "NAM9": 1,
      "DATA": [-315.00048828125,305,-110.5,1.3089969158172607,0.767944872379303,6.0737457275390625]
    },
    "0-132322": {
      "deleted": false,
      "persistent": false,
      "initially_disabled": false,
      "blocked": false,
      "NAME": "in_redoran_l_4way_01",
      "DATA": [0,0,0,0,0,1.5707963705062866]
    },
    "0-132323": {
      "deleted": false,
      "persistent": false,
      "initially_disabled": false,
      "blocked": false,
      "NAME": "in_redoran_l_corner_01",
      "DATA": [-512.00048828125,-0.000244140625,0,0,0,0.00000011920928955078125]
    },
    "0-132324": {
      "deleted": false,
      "persistent": false,
      "initially_disabled": false,
      "blocked": false,
      "NAME": "in_redoran_l_corner_01",
      "DATA": [-512.00048828125,512,0,0,0,1.570796012878418]
    },
    "0-132325": {
      "deleted": false,
      "persistent": false,
      "initially_disabled": false,
      "blocked": false,
      "NAME": "in_redoran_l_corner_01",
      "DATA": [-0.00048828125,512,0,0,0,3.1415929794311523]
    },
    "0-132327": {
      "deleted": false,
      "persistent": false,
      "initially_disabled": false,
      "blocked": false,
      "NAME": "Furn_Uni_Spearholder_01",
      "DATA": [-323.00048828125,340,-85,0,0,1.7976890802383423]
    },
    "0-132329": {
      "deleted": false,
      "persistent": false,
      "initially_disabled": false,
      "blocked": false,
      "NAME": "Furn_Uni_Spearholder_01",
      "DATA": [-344.00048828125,187,-85,0,0,1.7976890802383423]
    },
    "0-132331": {
      "deleted": false,
      "persistent": false,
      "initially_disabled": false,
      "blocked": false,
      "NAME": "Furn_Uni_Spearholder_01",
      "DATA": [-174.00048828125,346,-85,0,0,4.797689914703369]
    },
    "0-132332": {
      "deleted": false,
      "persistent": false,
      "initially_disabled": false,
      "blocked": false,
      "NAME": "Furn_Uni_Spearholder_01",
      "DATA": [-190.00048828125,168,-85,0,0,4.797689914703369]
    },
    "0-132336": {
      "deleted": false,
      "persistent": false,
      "initially_disabled": false,
      "blocked": false,
      "NAME": "furn_de_r_bench_02",
      "DATA": [-523.2178344726562,-145.57449340820312,-109.26431274414062,0,0,5.203185081481934]
    },
    "0-132337": {
      "deleted": false,
      "persistent": false,
      "initially_disabled": false,
      "blocked": false,
      "NAME": "furn_de_r_bench_02",
      "DATA": [-674.2564086914062,-2.434793472290039,-109.26432037353516,0,0,5.7131853103637695]
    },
    "0-132338": {
      "deleted": false,
      "persistent": false,
      "initially_disabled": false,
      "blocked": false,
      "NAME": "furn_de_r_bench_02",
      "DATA": [142.93020629882812,526.7384033203125,-109.37274169921875,0,0,5.713183403015137]
    },
    "0-132339": {
      "deleted": false,
      "persistent": false,
      "initially_disabled": false,
      "blocked": false,
      "NAME": "furn_de_r_bench_02",
      "DATA": [8.37847900390625,653.4154663085938,-109.37271881103516,0,0,5.203180313110352]
    },
    "0-132340": {
      "deleted": false,
      "persistent": false,
      "initially_disabled": false,
      "blocked": false,
      "NAME": "furn_de_r_bench_02",
      "DATA": [-562.5514526367188,647.3362426757812,-109.26432037353516,0,0,4.173178195953369]
    },
    "0-132341": {
      "deleted": false,
      "persistent": false,
      "initially_disabled": false,
      "blocked": false,
      "NAME": "furn_de_r_bench_02",
      "DATA": [-649.9551391601562,540.3426513671875,-109.26431274414062,0,0,3.673177719116211]
    },
    "0-132342": {
      "deleted": false,
      "persistent": false,
      "initially_disabled": false,
      "blocked": false,
      "NAME": "in_redoran_l_doorjamb_01",
      "DATA": [0,-256,0,0,0,0]
    },
    "0-132344": {
      "deleted": false,
      "persistent": false,
      "initially_disabled": false,
      "blocked": false,
      "NAME": "in_redoran_l_doorjamb_01",
      "DATA": [256,0,0,0,0,1.570796251296997]
    },
    "0-308564": {
      "deleted": false,
      "persistent": false,
      "initially_disabled": false,
      "blocked": false,
      "NAME": "Furn_de_practice_mat",
      "XSCL": 1.9200000762939453,
      "DATA": [11.32086181640625,217.8623504638672,-127.91607666015625,0,0,1.5749998092651367]
    },
    "0-308565": {
      "deleted": false,
      "persistent": false,
      "initially_disabled": false,
      "blocked": false,
      "NAME": "Furn_de_practice_mat",
      "XSCL": 1.9200000762939453,
      "DATA": [-518.8240966796875,231.3617706298828,-127.91607666015625,0,0,1.5749998092651367]
    },
    "0-308566": {
      "deleted": false,
      "persistent": false,
      "initially_disabled": false,
      "blocked": false,
      "NAME": "furn_de_r_table_08",
      "DATA": [-358.64208984375,648.9463500976562,-99.21113586425781,0,0,0]
    },
    "0-308567": {
      "deleted": false,
      "persistent": false,
      "initially_disabled": false,
      "blocked": false,
      "NAME": "misc_com_bottle_09",
      "CNAM": {
        "faction_id": "Redoran",
        "rank": 2
      },
      "INTV": 1,
      "NAM9": 1,