{
  "deleted": false,
  "DATA": {
    "flags": 5,
    "grid": [2893347,1061158912]
  },
  "NAME": "Balmora, Drarayne Thelas' Storage",
  "RGNN": null,
  "WHGT": null,
  "NAM5": null,
  "AMBI": {
    "ambient": [32,34,36,0],
    "sunlight": [27,36,41,0],
    "fog_color": [35,38,44,0],
    "fog_density": 0.75
  },
  "FRMR": {
    "0-477476": {
      "deleted": false,
      "persistent": true,
      "initially_disabled": false,
      "blocked": false,
      "NAME": "rat_cave_fgrh",
      "DATA": [122.64688110351562,-169.78680419921875,72.626708984375,0,0,0]
    },
    "0-477477": {
      "deleted": false,
      "persistent": true,
      "initially_disabled": false,
      "blocked": false,
      "NAME": "rat_cave_fgrh",
      "DATA": [245.2877655029297,-119.13465881347656,72.6747817993164,0,0,0]
    },
    "0-67792": {
      "deleted": false,
      "persistent": true,
      "initially_disabled": false,
      "blocked": false,
      "NAME": "in_hlaalu_loaddoor_01",
      "DATA": [64,128,192,0,0,4.71238899230957]
    },
    "0-67793": {
      "deleted": false,
      "persistent": false,
      "initially_disabled": false,
      "blocked": false,
      "NAME": "com_basket_01_pillows",
      "XSCL": 1.3000000715255737,
      "ANAM": "drarayne thelas",
      "INTV": 1,
      "NAM9": 1,
      "DATA": [135.3473663330078,-315.28057861328125,114.83065032958984,0,0,0]
    },
    "0-67794": {
      "deleted": false,
      "persistent": false,
      "initially_disabled": false,
      "blocked": false,
      "NAME": "com_basket_01_pillows",
      "XSCL": 1.2200000286102295,
      "ANAM": "drarayne thelas",
      "INTV": 1,
      "NAM9": 1,
      "DATA": [65.32637023925781,-297.4667663574219,114.1255111694336,0,0,1.3707963228225708]
    },
    "0-67795": {
      "deleted": false,
      "persistent": false,
      "initially_disabled": false,
      "blocked": false,
      "NAME": "com_basket_01_pillows",
      "XSCL": 1.4000000953674316,
      "ANAM": "drarayne thelas",
      "INTV": 1,
      "NAM9": 1,
      "DATA": [0.47532033920288086,-316.8548889160156,118.35606384277344,0,0,0.7853981852531433]
    },
    "0-67801": {
      "deleted": false,
      "persistent": false,
      "initially_disabled": false,
      "blocked": false,
      "NAME": "com_sack_01_chpfood5",
      "XSCL": 1.3000000715255737,
      "ANAM": "drarayne thelas",
      "INTV": 1,
      "NAM9": 1,
      "DATA": [371.59454345703125,-81.61478424072266,91.82794189453125,0,0,4.783186912536621]
    },
    "0-67802": {
      "deleted": false,
      "persistent": false,
      "initially_disabled": false,
      "blocked": false,
      "NAME": "com_sack_01_chpfood5",
      "XSCL": 1.3000000715255737,
      "ANAM": "drarayne thelas",
      "INTV": 1,
      "NAM9": 1,
      "DATA": [377.0133056640625,-83.98406982421875,77.2266845703125,0,0,4.8831868171691895]
    },
    "0-67803": {
      "deleted": false,
      "persistent": false,
      "initially_disabled": false,
      "blocked": false,
      "NAME": "com_sack_02_chpfood3",
      "ANAM": "drarayne thelas",
      "INTV": 1,
      "NAM9": 1,
      "DATA": [375.314208984375,-12.171882629394531,92.28218078613281,0,0,6.183185577392578]
    },
    "0-67804": {
      "deleted": false,
      "persistent": false,
      "initially_disabled": false,
      "blocked": false,
      "NAME": "com_sack_02_chpfood3",
      "ANAM": "drarayne thelas",
      "INTV": 1,
      "NAM9": 1,
      "DATA": [309.1786193847656,-103.80250549316406,92.31737518310547,0,0,3.683185338973999]
    },
    "0-67805": {
      "deleted": false,
      "persistent": false,
      "initially_disabled": false,
      "blocked": false,
      "NAME": "barrel_02_Ingred",
      "ANAM": "drarayne thelas",
      "INTV": 1,
      "NAM9": 1,
      "DATA": [357.73785400390625,48.372623443603516,133.07272338867188,0,0,0]
    },
    "0-67806": {
      "deleted": false,
      "persistent": false,
      "initially_disabled": false,
      "blocked": false,
      "NAME": "misc_uni_pillow_01",
      "ANAM": "drarayne thelas",
      "INTV": 1,
      "NAM9": 1,
      "DATA": [379.64532470703125,-149.48675537109375,137.57142639160156,0,0,5.883185863494873]
    },
    "0-67808": {
      "deleted": false,
      "persistent": false,
      "initially_disabled": false,
      "blocked": false,
      "NAME": "crate_01_random_pos",
      "ANAM": "drarayne thelas",
      "INTV": 1,
      "NAM9": 1,
      "DATA": [25.886348724365234,-215.9429473876953,100.99976348876953,0,0,6.133185386657715]
    },
    "0-67809": {
      "deleted": false,
      "persistent": false,
      "initially_disabled": false,
      "blocked": false,
      "NAME": "crate_01_random_pos",
      "ANAM": "drarayne thelas",
      "INTV": 1,
      "NAM9": 1,
      "DATA": [23.681734085083008,-56.6099853515625,100.99976348876953,0,0,0]
    },
    "0-67787": {
      "deleted": false,
      "persistent": false,
      "initially_disabled": false,
      "blocked": false,
      "NAME": "in_hlaalu_room_door2",
      "DATA": [64,0,192,0,0,0]
    },
    "0-67788": {
      "deleted": false,
      "persistent": false,
      "initially_disabled": false,
      "blocked": false,
      "NAME": "in_hlaalu_room_corner",
      "DATA": [320,0,192,0,0,3.1415927410125732]
    },
    "0-67789": {
      "deleted": false,
      "persistent": false,
      "initially_disabled": false,
      "blocked": false,
      "NAME": "in_hlaalu_room_corner",
      "DATA": [64,-256,192,0,0,0]
    },
    "0-67790": {
      "deleted": false,
      "persistent": false,
      "initially_disabled": false,
      "blocked": false,
      "NAME": "in_hlaalu_room_corner",
      "DATA": [320,-256,192,0,0,4.71238899230957]
    },
    "0-67791": {
      "deleted": false,
      "persistent": false,
      "initially_disabled": false,
      "blocked": false,
      "NAME": "in_hlaalu_doorjamb_load",
      "DATA": [64,128,192,0,0,4.71238899230957]
    },
    "0-67796": {
      "deleted": false,
      "persistent": false,
      "initially_disabled": false,
      "blocked": false,
      "NAME": "furn_de_p_chair_01",
      "DATA": [247.05996704101562,-278.94732666015625,106.24278259277344,0,0,4.083186149597168]
    },
    "0-67797": {
      "deleted": false,
      "persistent": false,
      "initially_disabled": false,
      "blocked": false,
      "NAME": "furn_de_p_chair_01",
      "DATA": [342.8155822753906,-168.12313842773438,128.35975646972656,3.1415927410125732,0,5.224778652191162]
    },
    "0-67798": {
      "deleted": false,
      "persistent": false,
      "initially_disabled": false,
      "blocked": false,
      "NAME": "furn_de_p_chair_01",
      "DATA": [371.4139099121094,-299.4322509765625,106.24278259277344,0,0,2.700000047683716]
    },
    "0-67799": {
      "deleted": false,
      "persistent": false,
      "initially_disabled": false,
      "blocked": false,
      "NAME": "furn_de_p_chair_01",
      "DATA": [287.65704345703125,-311.21728515625,106.24278259277344,0,0,3.2831871509552]
    },
    "0-67800": {
      "deleted": false,
      "persistent": false,
      "initially_disabled": false,
      "blocked": false,
      "NAME": "furn_de_p_table_02",
      "DATA": [360.47265625,-156.28062438964844,99.98344421386719,0,0,0]
    },
    "0-290518": {
      "deleted": false,
      "persistent": false,
      "initially_disabled": false,
      "blocked": false,
      "NAME": "NorthMarker",
      "DATA": [-213.44473266601562,-161.14053344726562,196.77435302734375,0,0,3.1415927410125732]
    },
    "0-67807": {
      "deleted": false,
      "persistent": false,
      "initially_disabled": false,
      "blocked": false,
      "NAME": "crate_01_food_misc01",
      "ANAM": "drarayne thelas",
      "INTV": 1,
      "NAM9": 1,
      "DATA": [19.375999450683594,-143.281005859375,101,0,0,0]
    },
    "0-378056": {
      "deleted": false,
      "persistent": false,
      "initially_disabled": false,
      "blocked": false,
      "NAME": "furn_de_p_chair_01",