{
  "deleted": false,
  "DATA": {
    "flags": 5,
    "grid": [0,1061158912]
  },
  "NAME": "Dagon Fel, Fjorrod's House",
  "RGNN": null,
  "WHGT": null,
  "NAM5": null,
  "AMBI": {
    "ambient": [55,50,45,0],
    "sunlight": [80,40,0,0],
    "fog_color": [0,0,0,0],
    "fog_density": 0.75
  },
  "FRMR": {
    "0-212761": {
      "deleted": false,
      "persistent": true,
      "initially_disabled": false,
      "blocked": false,
      "NAME": "fjorrod",
      "DATA": [37.89091491699219,71.4890365600586,37.385833740234375,0,0,2.8999996185302734]
    },
    "0-212804": {
      "deleted": false,
      "persistent": true,
      "initially_disabled": false,
      "blocked": false,
      "NAME": "in_de_shack_door",
      "DATA": [184.9523162841797,-49.594573974609375,120.94306182861328,0,0,4.71238899230957]
    },
    "0-212781": {
      "deleted": false,
      "persistent": false,
      "initially_disabled": false,
      "blocked": false,
      "NAME": "misc_com_wood_cup_01",
      "ANAM": "fjorrod",
      "INTV": 1,
      "NAM9": 1,
      "DATA": [1.2917084693908691,-114.45671081542969,104.03963470458984,0,0,4.7123894691467285]
    },
    "0-212763": {
      "deleted": false,
      "persistent": false,
      "initially_disabled": false,
      "blocked": false,
      "NAME": "active_de_bed_30",
      "ANAM": "fjorrod",
      "INTV": 1,
      "NAM9": 1,
      "DATA": [-76.08100128173828,56.630001068115234,101.42400360107422,0,0,2.312561273574829]
    },
    "0-212766": {
      "deleted": false,
      "persistent": false,
      "initially_disabled": false,
      "blocked": false,
      "NAME": "crate_01_empty",
      "XSCL": 0.89000004529953,
      "ANAM": "fjorrod",
      "INTV": 1,
      "NAM9": 1,
      "DATA": [-146.20921325683594,122.04373931884766,61.09854507446289,0,0,4.612389087677002]
    },
    "0-212767": {
      "deleted": false,
      "persistent": false,
      "initially_disabled": false,
      "blocked": false,
      "NAME": "barrel_01",
      "XSCL": 0.6800000071525574,
      "ANAM": "fjorrod",
      "INTV": 1,
      "NAM9": 1,
      "DATA": [-96.01808166503906,132.7384490966797,60.073890686035156,0,0,4.01239013671875]
    },
    "0-212768": {
      "deleted": false,
      "persistent": false,
      "initially_disabled": false,
      "blocked": false,
      "NAME": "light_com_candle_07_77",
      "XSCL": 0.7600000500679016,
      "DATA": [-95.71968841552734,133.5449676513672,95.17188262939453,0,0,4.01239013671875]
    },
    "0-212769": {
      "deleted": false,
      "persistent": false,
      "initially_disabled": false,
      "blocked": false,
      "NAME": "misc_com_bottle_06",
      "XSCL": 0.89000004529953,
      "ANAM": "fjorrod",
      "INTV": 1,
      "NAM9": 1,
      "DATA": [-129.5924530029297,113.8268814086914,93.59794616699219,4.716814041137695,0.08318709582090378,4.91239070892334]
    },
    "0-212770": {
      "deleted": false,
      "persistent": false,
      "initially_disabled": false,
      "blocked": false,
      "NAME": "misc_com_bottle_10",
      "XSCL": 0.89000004529953,
      "ANAM": "fjorrod",
      "INTV": 1,
      "NAM9": 1,
      "DATA": [-134.43048095703125,135.70008850097656,105.48748779296875,0,0,5.312388896942139]
    },
    "0-212774": {
      "deleted": false,
      "persistent": false,
      "initially_disabled": false,
      "blocked": false,
      "NAME": "misc_de_fishing_pole",
      "ANAM": "fjorrod",
      "INTV": 1,
      "NAM9": 1,
      "DATA": [47.049468994140625,157.04324340820312,94.78276824951172,0.0000003725290298461914,6.066372871398926,4.495578289031982]
    },
    "0-212776": {
      "deleted": false,
      "persistent": false,
      "initially_disabled": false,
      "blocked": false,
      "NAME": "light_de_lantern_02_blue",
      "ANAM": "fjorrod",
      "INTV": 1125515264,
      "NAM9": 1,
      "DATA": [72.34738159179688,73.78914642333984,257.6543884277344,0,0,4.412389278411865]
    },
    "0-212780": {
      "deleted": false,
      "persistent": false,
      "initially_disabled": false,
      "blocked": false,
      "NAME": "misc_com_wood_cup_02",
      "ANAM": "fjorrod",
      "INTV": 1,
      "NAM9": 1,
      "DATA": [-38.10464859008789,-98.25822448730469,100.8696517944336,0,4.783186912536621,4.312389850616455]
    },
    "0-212782": {
      "deleted": false,
      "persistent": false,
      "initially_disabled": false,
      "blocked": false,
      "NAME": "misc_com_wood_bowl_02",
      "ANAM": "fjorrod",
      "INTV": 1,
      "NAM9": 1,
      "DATA": [14.243797302246094,-85.724365234375,100.0727767944336,0,0,4.7123894691467285]
    },
    "0-212783": {
      "deleted": false,
      "persistent": false,
      "initially_disabled": false,
      "blocked": false,
      "NAME": "misc_com_metal_plate_05",
      "ANAM": "fjorrod",
      "INTV": 1,
      "NAM9": 1,
      "DATA": [-26.532596588134766,-83.41424560546875,98.9184799194336,0,0,4.7123894691467285]
    },
    "0-212784": {
      "deleted": false,
      "persistent": false,
      "initially_disabled": false,
      "blocked": false,
      "NAME": "misc_com_wood_knife",
      "ANAM": "fjorrod",
      "INTV": 1,
      "NAM9": 1,
      "DATA": [-42.9701042175293,-84.34149169921875,97.2280502319336,0,0,1.0123910903930664]
    },
    "0-212785": {
      "deleted": false,
      "persistent": false,
      "initially_disabled": false,
      "blocked": false,
      "NAME": "misc_com_wood_fork",
      "ANAM": "fjorrod",
      "INTV": 1,
      "NAM9": 1,
      "DATA": [-27.024642944335938,-84.08259582519531,99.76127624511719,0.20000001788139343,0,3.0123910903930664]
    },
    "0-212786": {
      "deleted": false,
      "persistent": false,
      "initially_disabled": false,
      "blocked": false,
      "NAME": "misc_com_bottle_02",
      "ANAM": "fjorrod",
      "INTV": 1,
      "NAM9": 1,
      "DATA": [-54.421756744384766,-106.20524597167969,113.41364288330078,0,0,4.7123894691467285]
    },
    "0-212787": {
      "deleted": false,
      "persistent": false,
      "initially_disabled": false,
      "blocked": false,
      "NAME": "barrel_02_CheapFood5",
      "ANAM": "fjorrod",
      "INTV": 1,
      "NAM9": 1,
      "DATA": [141.5914306640625,-122.80221557617188,99.1176986694336,0,0,4.7123894691467285]
    },
    "0-212788": {
      "deleted": false,
      "persistent": false,
      "initially_disabled": false,
      "blocked": false,
      "NAME": "com_sack_02_chpfood3",
      "ANAM": "fjorrod",
      "INTV": 1,
      "NAM9": 1,
      "DATA": [143.64967346191406,-122.27301025390625,136.76287841796875,0,0,5.71238899230957]
    },
    "0-212789": {
      "deleted": false,
      "persistent": false,
      "initially_disabled": false,
      "blocked": false,
      "NAME": "com_sack_01_chpfood5",
      "ANAM": "fjorrod",
      "INTV": 1,
      "NAM9": 1,
      "DATA": [82.52745819091797,-126.56123352050781,38.64305114746094,0,0,2.912391185760498]
    },
    "0-212790": {
      "deleted": false,
      "persistent": false,
      "initially_disabled": false,
      "blocked": false,
      "NAME": "com_sack_03_chpfood5",
      "ANAM": "fjorrod",
      "INTV": 1,
      "NAM9": 1,
      "DATA": [96.11193084716797,-150.41766357421875,67.97802734375,0,0,1.3123903274536133]
    },
    "0-212791": {
      "deleted": false,
      "persistent": false,
      "initially_disabled": false,
      "blocked": false,
      "NAME": "com_sack_01_chpfood5",
      "ANAM": "fjorrod",
      "INTV": 1,
      "NAM9": 1,
      "DATA": [78.5021743774414,-120.96980285644531,52.26127243041992,0,0,2.541593074798584]
    },
    "0-212794": {
      "deleted": false,
      "persistent": false,
      "initially_disabled": false,
      "blocked": false,
      "NAME": "barrel_01",
      "ANAM": "fjorrod",
      "INTV": 1,
      "NAM9": 1,
      "DATA": [141.98770141601562,134.67654418945312,67.96923828125,0,0,4.7123894691467285]
    },
    "0-212795": {
      "deleted": false,
      "persistent": false,
      "initially_disabled": false,
      "blocked": false,