{
  "deleted": false,
  "DATA": {
    "flags": 5,
    "grid": [0,1065353216]
  },
  "NAME": "Mournhold Temple",
  "RGNN": null,
  "WHGT": 0,
  "NAM5": null,
  "AMBI": {
    "ambient": [71,71,71,0],
    "sunlight": [242,217,217,0],
    "fog_color": [0,0,0,0],
    "fog_density": 1
  },
  "FRMR": {
    "1-7414": {
      "deleted": false,
      "persistent": false,
      "initially_disabled": false,
      "blocked": false,
      "NAME": "In_MH_temple_01",
      "DATA": [0,0,0,0,0,0]
    },
    "1-7423": {
      "deleted": false,
      "persistent": false,
      "initially_disabled": false,
      "blocked": false,
      "NAME": "In_MH_door_02",
      "DATA": [-64,1152,-640,0,0,6.2831854820251465]
    },
    "1-7426": {
      "deleted": false,
      "persistent": false,
      "initially_disabled": false,
      "blocked": false,
      "NAME": "In_MH_door_02",
      "DATA": [-953.5808715820312,-564.1429443359375,-638.221435546875,0,0,4.188790321350098]
    },
    "1-7427": {
      "deleted": false,
      "persistent": false,
      "initially_disabled": false,
      "blocked": false,
      "NAME": "In_MH_door_02",
      "DATA": [955.4829711914062,-564.9771728515625,-637.5321655273438,0,0,5.235987663269043]
    },
    "1-24341": {
      "deleted": false,
      "persistent": false,
      "initially_disabled": false,
      "blocked": false,
      "NAME": "life ring",
      "DATA": [-0.7603306770324707,-478.2196960449219,-645.3468017578125,0,0,0]
    }
  }
}