{
  "deleted": false,
  "DATA": {
    "flags": 3,
    "grid": [857109,1065353216]
  },
  "NAME": "Raven Rock, Abandoned Mine Shaft",
  "RGNN": null,
  "WHGT": 15100,
  "NAM5": null,
  "AMBI": {
    "ambient": [4,4,4,0],
    "sunlight": [0,0,0,0],
    "fog_color": [21,20,13,0],
    "fog_density": 1
  },
  "FRMR": {
    "2-32551": {
      "deleted": false,
      "persistent": true,
      "initially_disabled": false,
      "blocked": false,
      "NAME": "act_ex_colony_root_4",
      "XSCL": 0.5,
      "DATA": [4019.1201171875,4103.05712890625,15434.3916015625,0,0,2.241594076156616]
    },
    "2-32552": {
      "deleted": false,
      "persistent": true,
      "initially_disabled": false,
      "blocked": false,
      "NAME": "act_ex_colony_root_2",
      "XSCL": 0.6300000548362732,
      "DATA": [3970.52587890625,3874.57763671875,15112.7958984375,5.783185958862305,0.20000001788139343,1.0853972434997559]
    },
    "2-32553": {
      "deleted": false,
      "persistent": true,
      "initially_disabled": false,
      "blocked": false,
      "NAME": "act_ex_colony_root_4",
      "DATA": [3888.724609375,4085.071533203125,15275.529296875,0.5,5.9831862449646,1.5415940284729004]
    },
    "2-32554": {
      "deleted": false,
      "persistent": true,
      "initially_disabled": false,
      "blocked": false,
      "NAME": "act_ex_colony_root_2",
      "DATA": [3922.17236328125,3940.998779296875,15168,0.30000001192092896,0.20000000298023224,0.9853978157043457]
    },
    "2-32555": {
      "deleted": false,
      "persistent": true,
      "initially_disabled": false,
      "blocked": false,
      "NAME": "Ex_colony_door06",
      "DATA": [4160,6080,15616,0,0,1.5707964897155762]
    },
    "2-32556": {
      "deleted": false,
      "persistent": true,
      "initially_disabled": false,
      "blocked": false,
      "NAME": "act_ex_colony_root_4b",
      "DATA": [3888.72509765625,4085.072021484375,15275.529296875,0.4991641640663147,5.9829888343811035,1.541125774383545]
    },
    "2-32557": {
      "deleted": false,
      "persistent": true,
      "initially_disabled": false,
      "blocked": false,
      "NAME": "act_ex_colony_root_4b",
      "XSCL": 0.5,
      "DATA": [4019.1201171875,4103.05712890625,15434.3916015625,0,0,2.2410027980804443]
    },
    "2-32558": {
      "deleted": false,
      "persistent": true,
      "initially_disabled": false,
      "blocked": false,
      "NAME": "act_ex_colony_root_1b",
      "XSCL": 0.7100000381469727,
      "DATA": [4008.60888671875,3943.820068359375,15478.720703125,0.4153883457183838,5.583308219909668,3.8275070190429688]
    },
    "2-32559": {
      "deleted": false,
      "persistent": true,
      "initially_disabled": false,
      "blocked": false,
      "NAME": "act_ex_colony_root_3b",
      "DATA": [3934.77490234375,4043,15252.693359375,0,0.3001966178417206,3.1415927410125732]
    },
    "2-32560": {
      "deleted": false,
      "persistent": true,
      "initially_disabled": false,
      "blocked": false,
      "NAME": "act_ex_colony_root_2b",
      "DATA": [3922.172119140625,3940.9990234375,15168,0.3001966178417206,0.20071285963058472,0.986111044883728]
    },
    "2-32561": {
      "deleted": false,
      "persistent": true,
      "initially_disabled": false,
      "blocked": false,
      "NAME": "act_ex_colony_root_2b",
      "XSCL": 0.6300000548362732,
      "DATA": [3970.52587890625,3874.577880859375,15112.7958984375,5.784020900726318,0.20071285963058472,1.0855947732925415]
    },
    "2-32562": {
      "deleted": false,
      "persistent": true,
      "initially_disabled": false,
      "blocked": false,
      "NAME": "act_ex_colony_root_1b",
      "DATA": [3967.219970703125,3816.532958984375,15191.970703125,5.784020900726318,0.3001966178417206,3.9269907474517822]
    },
    "2-32564": {
      "deleted": false,
      "persistent": true,
      "initially_disabled": false,
      "blocked": false,
      "NAME": "act_ex_colony_root_1",
      "XSCL": 0.7100000381469727,
      "DATA": [4008.60888671875,3943.8203125,15478.720703125,0.4146021902561188,5.583186149597168,3.826991081237793]
    },
    "2-32565": {
      "deleted": false,
      "persistent": true,
      "initially_disabled": false,
      "blocked": false,
      "NAME": "act_ex_colony_root_3",
      "DATA": [3934.775390625,4043.00048828125,15252.693359375,0,0.3000003695487976,3.1415929794311523]
    },
    "2-32566": {
      "deleted": false,
      "persistent": true,
      "initially_disabled": false,
      "blocked": false,
      "NAME": "act_ex_colony_root_1",
      "DATA": [3967.22021484375,3816.533447265625,15191.970703125,5.783185958862305,0.30000001192092896,3.9269912242889404]
    },
    "2-32563": {
      "deleted": false,
      "persistent": false,
      "initially_disabled": false,
      "blocked": false,
      "NAME": "in_moldcave_10",
      "DATA": [4096,4416,15360,0,0,3.1415929794311523]
    },
    "2-32567": {
      "deleted": false,
      "persistent": false,
      "initially_disabled": false,
      "blocked": false,
      "NAME": "in_mold_rock_20",
      "XSCL": 0.7200000286102295,
      "DATA": [4354.1630859375,3835.201171875,14957.880859375,0,0.000000014901161193847657,3.1415929794311523]
    },
    "2-32568": {
      "deleted": false,
      "persistent": false,
      "initially_disabled": false,
      "blocked": false,
      "NAME": "in_mold_rock_03",
      "XSCL": 1.1299999952316284,
      "DATA": [4313.900390625,4210.6728515625,14889.2783203125,0,0,0.5415950417518616]
    },
    "2-32569": {
      "deleted": false,
      "persistent": false,
      "initially_disabled": false,
      "blocked": false,
      "NAME": "in_moldboulder05",
      "DATA": [4149.1044921875,4060.6484375,14915.19921875,5.783185958862305,4.683187007904053,3.000000238418579]
    },
    "2-32570": {
      "deleted": false,
      "persistent": false,
      "initially_disabled": false,
      "blocked": false,
      "NAME": "in_moldboulder05",
      "DATA": [4181.48388671875,4274.95556640625,15119.9609375,5.783185958862305,3.0999999046325684,0.7000000476837158]
    },
    "2-32571": {
      "deleted": false,
      "persistent": false,
      "initially_disabled": false,
      "blocked": false,
      "NAME": "in_moldboulder05",
      "DATA": [4249.4873046875,4187.1552734375,15036.576171875,5.783185958862305,0.20000001788139343,0.8000000715255737]
    },
    "2-32572": {
      "deleted": false,
      "persistent": false,
      "initially_disabled": false,
      "blocked": false,
      "NAME": "in_moldboulder01",
      "XSCL": 1.3200000524520874,
      "DATA": [4333.19775390625,4125.6044921875,15073.03125,0,4.183186054229736,5.683185577392578]
    },
    "2-32573": {
      "deleted": false,
      "persistent": false,
      "initially_disabled": false,
      "blocked": false,
      "NAME": "in_moldcave2_s_00",
      "DATA": [4096,4672,15360,0,0,0]
    },
    "2-32574": {
      "deleted": false,
      "persistent": false,
      "initially_disabled": false,
      "blocked": false,
      "NAME": "in_moldcave2_s_00",
      "DATA": [4096,4672,15360,0,0,3.1415929794311523]
    },
    "2-32575": {
      "deleted": false,
      "persistent": false,
      "initially_disabled": false,
      "blocked": false,
      "NAME": "in_moldcave2_s_04",
      "DATA": [4096,5696,15744,0,0,3.1415927410125732]
    },
    "2-32576": {
      "deleted": false,
      "persistent": false,
      "initially_disabled": false,
      "blocked": false,
      "NAME": "in_moldcave2_s_04",
      "DATA": [4096,5184,15488,0,0,3.1415927410125732]
    },
    "2-32577": {
      "deleted": false,
      "persistent": false,
      "initially_disabled": false,
      "blocked": false,
      "NAME": "in_moldcave2_s_04",
      "DATA": [4096,5440,15616,0,0,3.1415927410125732]
    },
    "2-32578": {
      "deleted": false,
      "persistent": false,
      "initially_disabled": false,
      "blocked": false,
      "NAME": "in_moldcave2_s_01",
      "DATA": [4096,5696,15744,0,0,0]
    },