{
  "deleted": false,
  "DATA": {
    "flags": 5,
    "grid": [2105376,1061158912]
  },
  "NAME": "Shashmanu Camp, Anit's Yurt",
  "RGNN": null,
  "WHGT": null,
  "NAM5": null,
  "AMBI": {
    "ambient": [50,50,50,0],
    "sunlight": [80,40,0,0],
    "fog_color": [32,32,32,0],
    "fog_density": 0.75
  },
  "FRMR": {
    "0-274966": {
      "deleted": false,
      "persistent": true,
      "initially_disabled": false,
      "blocked": false,
      "NAME": "anit eramarellaku",
      "DATA": [320.3037109375,-456.6213073730469,-102.93827056884766,0,0,0.30000001192092896]
    },
    "0-274967": {
      "deleted": false,
      "persistent": true,
      "initially_disabled": false,
      "blocked": false,
      "NAME": "in_ashl_door_02",
      "DATA": [311.322998046875,-309.7359924316406,0,0,0,4.082324981689453]
    },
    "0-274968": {
      "deleted": false,
      "persistent": false,
      "initially_disabled": false,
      "blocked": false,
      "NAME": "active_de_bedroll",
      "ANAM": "anit eramarellaku",
      "INTV": 1,
      "NAM9": 1,
      "DATA": [472.3904724121094,-437.2659912109375,-100.32158660888672,0,0,5.441370487213135]
    },
    "0-274969": {
      "deleted": false,
      "persistent": false,
      "initially_disabled": false,
      "blocked": false,
      "NAME": "light_de_candle_07_64",
      "DATA": [416.4766540527344,-110.86316680908203,-96.0084228515625,0,0,6.2831854820251465]
    },
    "0-274970": {
      "deleted": false,
      "persistent": false,
      "initially_disabled": false,
      "blocked": false,
      "NAME": "light_ashl_lantern_02",
      "XSCL": 0.5900000333786011,
      "DATA": [292.11572265625,-446.5664367675781,64.53561401367188,0,0,4.083187580108643]
    },
    "0-274971": {
      "deleted": false,
      "persistent": false,
      "initially_disabled": false,
      "blocked": false,
      "NAME": "light_ashl_lantern_02",
      "XSCL": 0.9000000357627869,
      "DATA": [130.678955078125,-280.6545715332031,57.84677505493164,0,0,5.683186054229736]
    },
    "0-274972": {
      "deleted": false,
      "persistent": false,
      "initially_disabled": false,
      "blocked": false,
      "NAME": "de_p_chest_02_gold_50",
      "ANAM": "anit eramarellaku",
      "INTV": 1,
      "NAM9": 1,
      "FLTV": 35,
      "DATA": [112.9260025024414,-375.0419921875,-93.74500274658203,0,0,4.283038139343262]
    },
    "0-274973": {
      "deleted": false,
      "persistent": false,
      "initially_disabled": false,
      "blocked": false,
      "NAME": "com_basket_01_chpfood5",
      "ANAM": "anit eramarellaku",
      "INTV": 1,
      "NAM9": 1,
      "DATA": [97.4869384765625,-309.31439208984375,-73.38469696044922,0,0,5.083186626434326]
    },
    "0-274974": {
      "deleted": false,
      "persistent": false,
      "initially_disabled": false,
      "blocked": false,
      "NAME": "misc_com_bottle_02",
      "ANAM": "anit eramarellaku",
      "INTV": 1,
      "NAM9": 1,
      "DATA": [269.1929931640625,-406.5559997558594,-106.53500366210938,1.6004669666290283,5.667084217071533,0.18325957655906677]
    },
    "0-274975": {
      "deleted": false,
      "persistent": false,
      "initially_disabled": false,
      "blocked": false,
      "NAME": "misc_com_bottle_07",
      "ANAM": "anit eramarellaku",
      "INTV": 1,
      "NAM9": 1,
      "DATA": [126.435546875,-432.67425537109375,-96.77272033691406,0,0,4.583187580108643]
    },
    "0-274976": {
      "deleted": false,
      "persistent": false,
      "initially_disabled": false,
      "blocked": false,
      "NAME": "misc_com_bottle_12",
      "ANAM": "anit eramarellaku",
      "INTV": 1,
      "NAM9": 1,
      "DATA": [143.4571075439453,-418.066162109375,-96.60076141357422,0,0,3.1831884384155273]
    },
    "0-274977": {
      "deleted": false,
      "persistent": false,
      "initially_disabled": false,
      "blocked": false,
      "NAME": "misc_com_wood_cup_02",
      "ANAM": "anit eramarellaku",
      "INTV": 1,
      "NAM9": 1,
      "DATA": [263.01629638671875,-399.56170654296875,-105.32828521728516,0,0,4.083187580108643]
    },
    "0-274978": {
      "deleted": false,
      "persistent": false,
      "initially_disabled": false,
      "blocked": false,
      "NAME": "misc_com_bottle_06",
      "ANAM": "anit eramarellaku",
      "INTV": 1,
      "NAM9": 1,
      "DATA": [526.8173217773438,-229.2220458984375,-106.09674072265625,1.8000001907348633,4.566375255584717,2.6495580673217773]
    },
    "0-274979": {
      "deleted": false,
      "persistent": false,
      "initially_disabled": false,
      "blocked": false,
      "NAME": "com_sack_01_ingred",
      "XSCL": 1.3000000715255737,
      "ANAM": "anit eramarellaku",
      "INTV": 1,
      "NAM9": 1,
      "DATA": [522.2360229492188,-261.9573669433594,-106.39241027832031,0,0,5.983185768127441]
    },
    "0-274980": {
      "deleted": false,
      "persistent": false,
      "initially_disabled": false,
      "blocked": false,
      "NAME": "com_sack_01_chpfood5",
      "XSCL": 1.1800000667572021,
      "ANAM": "anit eramarellaku",
      "INTV": 1,
      "NAM9": 1,
      "DATA": [526.6868286132812,-283.86700439453125,-95.31134033203125,5.983185768127441,6.183185577392578,1.2000000476837158]
    },
    "0-274981": {
      "deleted": false,
      "persistent": false,
      "initially_disabled": false,
      "blocked": false,
      "NAME": "Com_Sack_02_Ingred",
      "ANAM": "anit eramarellaku",
      "INTV": 1,
      "NAM9": 1,
      "DATA": [517.5830078125,-345.2349853515625,-86.01132202148438,0,0,4.883431434631348]
    },
    "0-274982": {
      "deleted": false,
      "persistent": false,
      "initially_disabled": false,
      "blocked": false,
      "NAME": "in_ashl_tent_02",
      "DATA": [311.32257080078125,-309.735595703125,0,0,0,4.083187580108643]
    },
    "0-274983": {
      "deleted": false,
      "persistent": false,
      "initially_disabled": false,
      "blocked": false,
      "NAME": "in_ashl_tent_banner_01",
      "DATA": [157.53298950195312,-430.8338623046875,-26.69059181213379,0,0,5.653982162475586]
    },
    "0-274984": {
      "deleted": false,
      "persistent": false,
      "initially_disabled": false,
      "blocked": false,
      "NAME": "in_ashl_tent_banner_01",
      "DATA": [188.47381591796875,-152.4678955078125,-21.858047485351562,0,0,0.9415935277938843]
    },
    "0-274985": {
      "deleted": false,
      "persistent": false,
      "initially_disabled": false,
      "blocked": false,
      "NAME": "in_ashl_tent_banner_01",
      "DATA": [428.67724609375,-472.45526123046875,-16.876567840576172,0,0,4.083187580108643]
    },
    "0-274986": {
      "deleted": false,
      "persistent": false,
      "initially_disabled": false,
      "blocked": false,
      "NAME": "Furn_De_Firepit_F_200",
      "DATA": [295.6070251464844,-315.49578857421875,-45.63391876220703,0,0,0.4101763069629669]
    },
    "0-274987": {
      "deleted": false,
      "persistent": false,
      "initially_disabled": false,
      "blocked": false,
      "NAME": "furn_de_ex_stool_02",
      "DATA": [317.78277587890625,-529.6224365234375,-96.93574523925781,0,0,2.95818829536438]
    },
    "0-274988": {
      "deleted": false,
      "persistent": false,
      "initially_disabled": false,
      "blocked": false,
      "NAME": "furn_de_ex_stool_02",
      "DATA": [246.72093200683594,-515.8336791992188,-93.97879791259766,0,0,0.33318570256233215]
    },
    "0-274989": {
      "deleted": false,
      "persistent": false,
      "initially_disabled": false,
      "blocked": false,
      "NAME": "NorthMarker",
      "DATA": [906.4002075195312,-373.375,-9.760744094848633,0,0,0]
    },
    "0-347108": {
      "deleted": false,
      "persistent": false,
      "initially_disabled": false,
      "blocked": false,
      "NAME": "active_de_bedroll",
      "ANAM": "anit eramarellaku",
      "INTV": 0,
      "NAM9": 1,
      "DATA": [311.4134521484375,-106.96739196777344,-103.77377319335938,0,0,6.266371250152588]
    },