{
  "deleted": false,
  "DATA": {
    "flags": 5,
    "grid": [2373186,1065353216]
  },
  "NAME": "Solstheim, Uncle Sweetshare's Workshop",
  "RGNN": null,
  "WHGT": 0,
  "NAM5": null,
  "AMBI": {
    "ambient": [60,55,34,0],
    "sunlight": [37,47,54,0],
    "fog_color": [66,54,36,0],
    "fog_density": 1
  },
  "FRMR": {
    "2-14594": {
      "deleted": false,
      "persistent": true,
      "initially_disabled": false,
      "blocked": false,
      "NAME": "uncle sweetshare",
      "DATA": [-6.0483598709106445,-46.824649810791016,-163.59353637695312,0,0,3.1999993324279785]
    },
    "2-14595": {
      "deleted": false,
      "persistent": true,
      "initially_disabled": false,
      "blocked": false,
      "NAME": "In_S_door",
      "XSCL": 1.1500000953674316,
      "ANAM": "uncle sweetshare",
      "INTV": 0,
      "NAM9": 1,
      "DATA": [36.488609313964844,-393.25946044921875,-56.02758026123047,0,0,0]
    },
    "2-14596": {
      "deleted": false,
      "persistent": false,
      "initially_disabled": false,
      "blocked": false,
      "NAME": "In_S_longhouse_small",
      "DATA": [10.12051773071289,-125.08377075195312,90.32036590576172,0,0,0]
    },
    "2-14597": {
      "deleted": false,
      "persistent": false,
      "initially_disabled": false,
      "blocked": false,
      "NAME": "In_S_doorjam",
      "DATA": [9.975519180297852,-399.7956848144531,-34.272098541259766,0,0,0.000000476837158203125]
    },
    "2-23960": {
      "deleted": false,
      "persistent": false,
      "initially_disabled": false,
      "blocked": false,
      "NAME": "light_logpile10",
      "DATA": [321.34039306640625,-94.33934783935547,-128,0,0,4.695277214050293]
    },
    "2-23961": {
      "deleted": false,
      "persistent": false,
      "initially_disabled": false,
      "blocked": false,
      "NAME": "furn_com_cauldron_02",
      "XSCL": 0.5,
      "DATA": [293.9189453125,-99.78433227539062,-127.4521484375,0,0,4.2952775955200195]
    },
    "2-23962": {
      "deleted": false,
      "persistent": false,
      "initially_disabled": false,
      "blocked": false,
      "NAME": "misc_hook",
      "XSCL": 0.5,
      "ANAM": "uncle sweetshare",
      "INTV": 0,
      "NAM9": 1,
      "DATA": [293.8265686035156,-84.33309173583984,-58.05094909667969,0,0,1.4952797889709473]
    },
    "2-23963": {
      "deleted": false,
      "persistent": false,
      "initially_disabled": false,
      "blocked": false,
      "NAME": "misc_hook",
      "XSCL": 0.5,
      "ANAM": "uncle sweetshare",
      "INTV": 0,
      "NAM9": 1,
      "DATA": [293.3498229980469,-64.1824951171875,-58.05094909667969,0,0,1.4952797889709473]
    },
    "2-23964": {
      "deleted": false,
      "persistent": false,
      "initially_disabled": false,
      "blocked": false,
      "NAME": "misc_hook",
      "XSCL": 0.5,
      "ANAM": "uncle sweetshare",
      "INTV": 0,
      "NAM9": 1,
      "DATA": [293.14208984375,-72.4931640625,-58.05094909667969,0,0,1.4952797889709473]
    },
    "2-23965": {
      "deleted": false,
      "persistent": false,
      "initially_disabled": false,
      "blocked": false,
      "NAME": "Contain_BM_belladonna_0",
      "XSCL": 1.290000081062317,
      "ANAM": "uncle sweetshare",
      "INTV": 0,
      "NAM9": 1,
      "DATA": [290.6912841796875,-62.67607498168945,-83.10948181152344,0,6.08318567276001,4.27846622467041]
    },
    "2-23966": {
      "deleted": false,
      "persistent": false,
      "initially_disabled": false,
      "blocked": false,
      "NAME": "Contain_BM_belladonna_0",
      "ANAM": "uncle sweetshare",
      "INTV": 0,
      "NAM9": 1,
      "DATA": [289.0149230957031,-63.074249267578125,-78.73027038574219,0,6.08318567276001,4.27846622467041]
    },
    "2-23967": {
      "deleted": false,
      "persistent": false,
      "initially_disabled": false,
      "blocked": false,
      "NAME": "Contain_BM_belladonna_0",
      "XSCL": 0.690000057220459,
      "ANAM": "uncle sweetshare",
      "INTV": 0,
      "NAM9": 1,
      "DATA": [294.49493408203125,-85.36780548095703,-74.23301696777344,0,0.20000001788139343,1.2952790260314941]
    },
    "2-23968": {
      "deleted": false,
      "persistent": false,
      "initially_disabled": false,
      "blocked": false,
      "NAME": "Contain_BM_belladonna_0",
      "ANAM": "uncle sweetshare",
      "INTV": 0,
      "NAM9": 1,
      "DATA": [292.4831237792969,-86.1679458618164,-78.58445739746094,0,0.20000001788139343,1.2952790260314941]
    },
    "2-23969": {
      "deleted": false,
      "persistent": false,
      "initially_disabled": false,
      "blocked": false,
      "NAME": "Contain_BM_belladonna_0",
      "XSCL": 1.290000081062317,
      "ANAM": "uncle sweetshare",
      "INTV": 0,
      "NAM9": 1,
      "DATA": [290.9013366699219,-71.45637512207031,-83.25529479980469,6.183185577392578,0.10000001639127731,1.2952790260314941]
    },
    "2-23970": {
      "deleted": false,
      "persistent": false,
      "initially_disabled": false,
      "blocked": false,
      "NAME": "Contain_BM_belladonna_0",
      "ANAM": "uncle sweetshare",
      "INTV": 0,
      "NAM9": 1,
      "DATA": [293.3247375488281,-71.82182312011719,-78.58445739746094,0,0.000000014901161193847657,1.2952790260314941]
    },
    "2-23971": {
      "deleted": false,
      "persistent": false,
      "initially_disabled": false,
      "blocked": false,
      "NAME": "misc_de_glass_yellow_01",
      "XSCL": 0.5600000023841858,
      "ANAM": "uncle sweetshare",
      "INTV": 0,
      "NAM9": 1,
      "DATA": [305.4199523925781,-115.51591491699219,-44.16026306152344,0,0,1.0952792167663574]
    },
    "2-23972": {
      "deleted": false,
      "persistent": false,
      "initially_disabled": false,
      "blocked": false,
      "NAME": "in_nord_fireplace_01",
      "XSCL": 1.0500000715255737,
      "DATA": [345.49212646484375,-103.11746978759766,135.78579711914062,0,0,3.1244823932647705]
    },
    "2-23973": {
      "deleted": false,
      "persistent": false,
      "initially_disabled": false,
      "blocked": false,
      "NAME": "BM_drawers_clothing",
      "ANAM": "uncle sweetshare",
      "INTV": 0,
      "NAM9": 1,
      "DATA": [324.16583251953125,-267.3577880859375,-96.71333312988281,0,0,1.5009831190109253]
    },
    "2-23974": {
      "deleted": false,
      "persistent": false,
      "initially_disabled": false,
      "blocked": false,
      "NAME": "Furn_de_rug_big_01",
      "XSCL": 1.4300000667572021,
      "DATA": [-10.985644340515137,-121.8125228881836,-148.29672241210938,0,0,2.4260077476501465]
    },
    "2-23975": {
      "deleted": false,
      "persistent": false,
      "initially_disabled": false,
      "blocked": false,
      "NAME": "active_de_p_bed_28",
      "ANAM": "uncle sweetshare",
      "INTV": 0,
      "NAM9": 1,
      "DATA": [-261.8315124511719,-261.1279296875,-101.59587860107422,0,0,1.5797910690307617]
    },
    "2-23976": {
      "deleted": false,
      "persistent": false,
      "initially_disabled": false,
      "blocked": false,
      "NAME": "misc_uni_pillow_01",
      "ANAM": "uncle sweetshare",
      "INTV": 0,
      "NAM9": 1,
      "DATA": [-264.4630432128906,-266.599853515625,-111.13310241699219,0.10000000149011612,0.10000001639127731,4.8797926902771]
    },
    "2-23977": {
      "deleted": false,
      "persistent": false,
      "initially_disabled": false,
      "blocked": false,
      "NAME": "furn_de_p_chair_02",
      "DATA": [-241.03912353515625,-86.5037841796875,-109.46286010742188,0,0,2.7052602767944336]
    },
    "2-23978": {
      "deleted": false,
      "persistent": false,
      "initially_disabled": false,
      "blocked": false,
      "NAME": "furn_de_p_table_04",
      "DATA": [-260.19683837890625,35.6237907409668,-108.39389038085938,0,0,1.5707963705062866]
    },
    "2-23979": {
      "deleted": false,
      "persistent": false,
      "initially_disabled": false,
      "blocked": false,
      "NAME": "furn_de_p_chair_02",