{
  "deleted": false,
  "DATA": {
    "flags": 1,
    "grid": [3421214,1056964608]
  },
  "NAME": "Solstheim, Castle Karstaag, Tower",
  "RGNN": null,
  "WHGT": 0,
  "NAM5": null,
  "AMBI": {
    "ambient": [15,15,15,0],
    "sunlight": [30,35,40,0],
    "fog_color": [30,52,52,0],
    "fog_density": 0.5
  },
  "FRMR": {
    "2-31242": {
      "deleted": false,
      "persistent": true,
      "initially_disabled": false,
      "blocked": false,
      "NAME": "BM_riekling",
      "DATA": [-64.85131072998047,29.375539779663086,-318.41741943359375,0,0,3.0999999046325684]
    },
    "2-31243": {
      "deleted": false,
      "persistent": true,
      "initially_disabled": false,
      "blocked": false,
      "NAME": "BM_KA_door_dark",
      "XSCL": 0.7000000476837158,
      "DATA": [-84.38084411621094,-447.09039306640625,-275.68896484375,0,0,0.30000004172325134]
    },
    "2-31244": {
      "deleted": false,
      "persistent": false,
      "initially_disabled": false,
      "blocked": false,
      "NAME": "BM_IC_room02_center_01",
      "DATA": [0,-512,0,0,0,0]
    },
    "2-31245": {
      "deleted": false,
      "persistent": false,
      "initially_disabled": false,
      "blocked": false,
      "NAME": "BM_IC_rock_04",
      "XSCL": 1.7100000381469727,
      "DATA": [-104.0443115234375,38.244102478027344,365.7610778808594,0,0,0.03362894058227539]
    },
    "2-31246": {
      "deleted": false,
      "persistent": false,
      "initially_disabled": false,
      "blocked": false,
      "NAME": "BM_IC_rock_04",
      "XSCL": 1.3000000715255737,
      "DATA": [227.1927032470703,-209.80804443359375,-316.5876159667969,3.083186149597168,0,0.7831865549087524]
    },
    "2-31247": {
      "deleted": false,
      "persistent": false,
      "initially_disabled": false,
      "blocked": false,
      "NAME": "BM_IC_rock_04",
      "XSCL": 1.3000000715255737,
      "DATA": [-176.08241271972656,114.6768569946289,-100.26548767089844,0,0,1.100000023841858]
    },
    "2-31248": {
      "deleted": false,
      "persistent": false,
      "initially_disabled": false,
      "blocked": false,
      "NAME": "BM_IC_rock_04",
      "XSCL": 1.3000000715255737,
      "DATA": [19.586393356323242,180.22918701171875,-100.26548767089844,0,0,3.0999999046325684]
    },
    "2-31249": {
      "deleted": false,
      "persistent": false,
      "initially_disabled": false,
      "blocked": false,
      "NAME": "BM_IC_rock_04",
      "XSCL": 1.3000000715255737,
      "DATA": [127.58070373535156,180.63418579101562,-134.88523864746094,0,0,5.299999713897705]
    },
    "2-31250": {
      "deleted": false,
      "persistent": false,
      "initially_disabled": false,
      "blocked": false,
      "NAME": "BM_IC_rock_04",
      "XSCL": 1.3000000715255737,
      "DATA": [279.1897277832031,-88.30326080322266,-134.88523864746094,0,0,3.5168142318725586]
    },
    "2-31251": {
      "deleted": false,
      "persistent": false,
      "initially_disabled": false,
      "blocked": false,
      "NAME": "BM_IC_room02_center_01",
      "DATA": [0,0,0,0,0,0]
    },
    "2-31252": {
      "deleted": false,
      "persistent": false,
      "initially_disabled": false,
      "blocked": false,
      "NAME": "BM_IC_rock_04",
      "XSCL": 1.3000000715255737,
      "DATA": [-162.48931884765625,-250.32928466796875,-200.15956115722656,0,0,1.8000001907348633]
    },
    "2-31253": {
      "deleted": false,
      "persistent": false,
      "initially_disabled": false,
      "blocked": false,
      "NAME": "BM_IC_rock_04",
      "XSCL": 1.3000000715255737,
      "DATA": [-322.51348876953125,-98.43759155273438,-235.47039794921875,3.083186149597168,0,0]
    },
    "2-31254": {
      "deleted": false,
      "persistent": false,
      "initially_disabled": false,
      "blocked": false,
      "NAME": "BM_IC_rock_04",
      "XSCL": 1.3000000715255737,
      "DATA": [-177.47889709472656,183.21629333496094,-235.47039794921875,3.083186149597168,0,0.6999999284744263]
    },
    "2-31255": {
      "deleted": false,
      "persistent": false,
      "initially_disabled": false,
      "blocked": false,
      "NAME": "BM_IC_rock_04",
      "XSCL": 1.3000000715255737,
      "DATA": [90.37897491455078,191.0350341796875,-353.9415283203125,3.083186149597168,0,0.6999999284744263]
    },
    "2-31256": {
      "deleted": false,
      "persistent": false,
      "initially_disabled": false,
      "blocked": false,
      "NAME": "BM_IC_rock_04",
      "XSCL": 1.3000000715255737,
      "DATA": [230.40325927734375,116.22135925292969,-353.9415283203125,3.083186149597168,0,3.6831867694854736]
    },
    "2-31257": {
      "deleted": false,
      "persistent": false,
      "initially_disabled": false,
      "blocked": false,
      "NAME": "BM_IC_rock_04",
      "XSCL": 1.3000000715255737,
      "DATA": [-202.24888610839844,-372.5207214355469,-293.7542419433594,3.283186435699463,0.30000048875808716,1.3168147802352905]
    },
    "2-31258": {
      "deleted": false,
      "persistent": false,
      "initially_disabled": false,
      "blocked": false,
      "NAME": "BM_IC_rock_04",
      "XSCL": 1.3000000715255737,
      "DATA": [-260.71484375,-162.21400451660156,-90.17366790771484,0,0,0]
    },
    "2-31259": {
      "deleted": false,
      "persistent": false,
      "initially_disabled": false,
      "blocked": false,
      "NAME": "BM_IC_rock_04",
      "XSCL": 1.3000000715255737,
      "DATA": [112.56804656982422,-231.45924377441406,-134.88523864746094,0,0,0.03362894058227539]
    },
    "2-31260": {
      "deleted": false,
      "persistent": false,
      "initially_disabled": false,
      "blocked": false,
      "NAME": "BM_KA_glo1",
      "DATA": [-12.44410514831543,-91.12371826171875,-215.810302734375,0,0,0]
    },
    "2-31261": {
      "deleted": false,
      "persistent": false,
      "initially_disabled": false,
      "blocked": false,
      "NAME": "BM_IC_rock_04",
      "XSCL": 1.3000000715255737,
      "DATA": [46.534210205078125,-368.62158203125,-134.88523864746094,0,0,4.916814804077148]
    },
    "2-31262": {
      "deleted": false,
      "persistent": false,
      "initially_disabled": false,
      "blocked": false,
      "NAME": "BM_IC_rock_04",
      "XSCL": 1.3000000715255737,
      "DATA": [40.44974899291992,-411.4289855957031,-194.63369750976562,3.283186435699463,5.883185863494873,4.81681489944458]
    },
    "2-33294": {
      "deleted": false,
      "persistent": false,
      "initially_disabled": false,
      "blocked": false,
      "NAME": "daedric_pauldron_right",
      "DATA": [-8.830788612365723,232.4093780517578,-342.5859680175781,0,0,0.7000002264976501]
    },
    "2-33320": {
      "deleted": false,
      "persistent": false,
      "initially_disabled": false,
      "blocked": false,
      "NAME": "Terrain_BM_ice_07",
      "XSCL": 0.8300000429153442,
      "DATA": [-110.94257354736328,-471.3321228027344,98.58921813964844,0,0,3.3999998569488525]
    },
    "2-33321": {
      "deleted": false,
      "persistent": false,
      "initially_disabled": false,
      "blocked": false,
      "NAME": "NorthMarker",
      "DATA": [603.4613037109375,-283.02178955078125,-224.7142333984375,0,0,0]
    }
  }
}